source_location,source_root,relative_path,filename,extension,size_bytes,file_format,readable,condition_code,speed_code,torque_code,radial_force_code,bearing_code,repeat_index,health_status_guess,damage_group_guess,label_source,top_level_keys,notes
canonical_raw_root,data/raw/paderborn,data/raw/paderborn/K001/K001.pdf,K001.pdf,.pdf,41046,pdf,False,,,,,K001,,healthy,,bearing_code_prefix,,No metadata inspector is implemented for this extension
canonical_raw_root,data/raw/paderborn,data/raw/paderborn/K001/measuring_log_K001.pdf,measuring_log_K001.pdf,.pdf,139011,pdf,False,,,,,K001,,healthy,,bearing_code_prefix,,No metadata inspector is implemented for this extension
canonical_raw_root,data/raw/paderborn,data/raw/paderborn/K001/N09_M07_F10_K001_1.mat,N09_M07_F10_K001_1.mat,.mat,8741432,matlab,True,N09_M07_F10,N09,M07,F10,K001,1,healthy,,bearing_code_prefix,N09_M07_F10_K001_1:1x1:struct,
canonical_raw_root,data/raw/paderborn,data/raw/paderborn/K001/N09_M07_F10_K001_10.mat,N09_M07_F10_K001_10.mat,.mat,8734520,matlab,True,N09_M07_F10,N09,M07,F10,K001,10,healthy,,bearing_code_prefix,N09_M07_F10_K001_10:1x1:struct,
canonical_raw_root,data/raw/paderborn,data/raw/paderborn/K001/N09_M07_F10_K001_11.mat,N09_M07_F10_K001_11.mat,.mat,8718136,matlab,True,N09_M07_F10,N09,M07,F10,K001,11,healthy,,bearing_code_prefix,N09_M07_F10_K001_11:1x1:struct,
canonical_raw_root,data/raw/paderborn,data/raw/paderborn/K001/N09_M07_F10_K001_12.mat,N09_M07_F10_K001_12.mat,.mat,8714872,matlab,True,N09_M07_F10,N09,M07,F10,K001,12,healthy,,bearing_code_prefix,N09_M07_F10_K001_12:1x1:struct,
canonical_raw_root,data/raw/paderborn,data/raw/paderborn/K001/N09_M07_F10_K001_13.mat,N09_M07_F10_K001_13.mat,.mat,8714872,matlab,True,N09_M07_F10,N09,M07,F10,K001,13,healthy,,bearing_code_prefix,N09_M07_F10_K001_13:1x1:struct,
canonical_raw_root,data/raw/paderborn,data/raw/paderborn/K001/N09_M07_F10_K001_14.mat,N09_M07_F10_K001_14.mat,.mat,8714936,matlab,True,N09_M07_F10,N09,M07,F10,K001,14,healthy,,bearing_code_prefix,N09_M07_F10_K001_14:1x1:struct,
canonical_raw_root,data/raw/paderborn,data/raw/paderborn/K001/N09_M07_F10_K001_15.mat,N09_M07_F10_K001_15.mat,.mat,8714904,matlab,True,N09_M07_F10,N09,M07,F10,K001,15,healthy,,bearing_code_prefix,N09_M07_F10_K001_15:1x1:struct,
canonical_raw_root,data/raw/paderborn,data/raw/paderborn/K001/N09_M07_F10_K001_16.mat,N09_M07_F10_K001_16.mat,.mat,8714904,matlab,True,N09_M07_F10,N09,M07,F10,K001,16,healthy,,bearing_code_prefix,N09_M07_F10_K001_16:1x1:struct,
canonical_raw_root,data/raw/paderborn,data/raw/paderborn/K001/N09_M07_F10_K001_17.mat,N09_M07_F10_K001_17.mat,.mat,8714904,matlab,True,N09_M07_F10,N09,M07,F10,K001,17,healthy,,bearing_code_prefix,N09_M07_F10_K001_17:1x1:struct,
canonical_raw_root,data/raw/paderborn,data/raw/paderborn/K001/N09_M07_F10_K001_18.mat,N09_M07_F10_K001_18.mat,.mat,8714872,matlab,True,N09_M07_F10,N09,M07,F10,K001,18,healthy,,bearing_code_prefix,N09_M07_F10_K001_18:1x1:struct,
canonical_raw_root,data/raw/paderborn,data/raw/paderborn/K001/N09_M07_F10_K001_19.mat,N09_M07_F10_K001_19.mat,.mat,8714904,matlab,True,N09_M07_F10,N09,M07,F10,K001,19,healthy,,bearing_code_prefix,N09_M07_F10_K001_19:1x1:struct,
canonical_raw_root,data/raw/paderborn,data/raw/paderborn/K001/N09_M07_F10_K001_2.mat,N09_M07_F10_K001_2.mat,.mat,8714904,matlab,True,N09_M07_F10,N09,M07,F10,K001,2,healthy,,bearing_code_prefix,N09_M07_F10_K001_2:1x1:struct,
canonical_raw_root,data/raw/paderborn,data/raw/paderborn/K001/N09_M07_F10_K001_20.mat,N09_M07_F10_K001_20.mat,.mat,8714904,matlab,True,N09_M07_F10,N09,M07,F10,K001,20,healthy,,bearing_code_prefix,N09_M07_F10_K001_20:1x1:struct,
canonical_raw_root,data/raw/paderborn,data/raw/paderborn/K001/N09_M07_F10_K001_3.mat,N09_M07_F10_K001_3.mat,.mat,8714904,matlab,True,N09_M07_F10,N09,M07,F10,K001,3,healthy,,bearing_code_prefix,N09_M07_F10_K001_3:1x1:struct,
canonical_raw_root,data/raw/paderborn,data/raw/paderborn/K001/N09_M07_F10_K001_4.mat,N09_M07_F10_K001_4.mat,.mat,8714904,matlab,True,N09_M07_F10,N09,M07,F10,K001,4,healthy,,bearing_code_prefix,N09_M07_F10_K001_4:1x1:struct,
canonical_raw_root,data/raw/paderborn,data/raw/paderborn/K001/N09_M07_F10_K001_5.mat,N09_M07_F10_K001_5.mat,.mat,8714904,matlab,True,N09_M07_F10,N09,M07,F10,K001,5,healthy,,bearing_code_prefix,N09_M07_F10_K001_5:1x1:struct,
canonical_raw_root,data/raw/paderborn,data/raw/paderborn/K001/N09_M07_F10_K001_6.mat,N09_M07_F10_K001_6.mat,.mat,8761816,matlab,True,N09_M07_F10,N09,M07,F10,K001,6,healthy,,bearing_code_prefix,N09_M07_F10_K001_6:1x1:struct,
canonical_raw_root,data/raw/paderborn,data/raw/paderborn/K001/N09_M07_F10_K001_7.mat,N09_M07_F10_K001_7.mat,.mat,8714968,matlab,True,N09_M07_F10,N09,M07,F10,K001,7,healthy,,bearing_code_prefix,N09_M07_F10_K001_7:1x1:struct,
canonical_raw_root,data/raw/paderborn,data/raw/paderborn/K001/N09_M07_F10_K001_8.mat,N09_M07_F10_K001_8.mat,.mat,8741048,matlab,True,N09_M07_F10,N09,M07,F10,K001,8,healthy,,bearing_code_prefix,N09_M07_F10_K001_8:1x1:struct,
canonical_raw_root,data/raw/paderborn,data/raw/paderborn/K001/N09_M07_F10_K001_9.mat,N09_M07_F10_K001_9.mat,.mat,8714904,matlab,True,N09_M07_F10,N09,M07,F10,K001,9,healthy,,bearing_code_prefix,N09_M07_F10_K001_9:1x1:struct,
canonical_raw_root,data/raw/paderborn,data/raw/paderborn/K001/N15_M01_F10_K001_1.mat,N15_M01_F10_K001_1.mat,.mat,8717240,matlab,True,N15_M01_F10,N15,M01,F10,K001,1,healthy,,bearing_code_prefix,N15_M01_F10_K001_1:1x1:struct,
canonical_raw_root,data/raw/paderborn,data/raw/paderborn/K001/N15_M01_F10_K001_10.mat,N15_M01_F10_K001_10.mat,.mat,8725496,matlab,True,N15_M01_F10,N15,M01,F10,K001,10,healthy,,bearing_code_prefix,N15_M01_F10_K001_10:1x1:struct,
canonical_raw_root,data/raw/paderborn,data/raw/paderborn/K001/N15_M01_F10_K001_11.mat,N15_M01_F10_K001_11.mat,.mat,8714904,matlab,True,N15_M01_F10,N15,M01,F10,K001,11,healthy,,bearing_code_prefix,N15_M01_F10_K001_11:1x1:struct,
canonical_raw_root,data/raw/paderborn,data/raw/paderborn/K001/N15_M01_F10_K001_12.mat,N15_M01_F10_K001_12.mat,.mat,8717752,matlab,True,N15_M01_F10,N15,M01,F10,K001,12,healthy,,bearing_code_prefix,N15_M01_F10_K001_12:1x1:struct,
canonical_raw_root,data/raw/paderborn,data/raw/paderborn/K001/N15_M01_F10_K001_13.mat,N15_M01_F10_K001_13.mat,.mat,8750584,matlab,True,N15_M01_F10,N15,M01,F10,K001,13,healthy,,bearing_code_prefix,N15_M01_F10_K001_13:1x1:struct,
canonical_raw_root,data/raw/paderborn,data/raw/paderborn/K001/N15_M01_F10_K001_14.mat,N15_M01_F10_K001_14.mat,.mat,8714904,matlab,True,N15_M01_F10,N15,M01,F10,K001,14,healthy,,bearing_code_prefix,N15_M01_F10_K001_14:1x1:struct,
canonical_raw_root,data/raw/paderborn,data/raw/paderborn/K001/N15_M01_F10_K001_15.mat,N15_M01_F10_K001_15.mat,.mat,8714904,matlab,True,N15_M01_F10,N15,M01,F10,K001,15,healthy,,bearing_code_prefix,N15_M01_F10_K001_15:1x1:struct,
canonical_raw_root,data/raw/paderborn,data/raw/paderborn/K001/N15_M01_F10_K001_16.mat,N15_M01_F10_K001_16.mat,.mat,8736600,matlab,True,N15_M01_F10,N15,M01,F10,K001,16,healthy,,bearing_code_prefix,N15_M01_F10_K001_16:1x1:struct,
canonical_raw_root,data/raw/paderborn,data/raw/paderborn/K001/N15_M01_F10_K001_17.mat,N15_M01_F10_K001_17.mat,.mat,8714904,matlab,True,N15_M01_F10,N15,M01,F10,K001,17,healthy,,bearing_code_prefix,N15_M01_F10_K001_17:1x1:struct,
canonical_raw_root,data/raw/paderborn,data/raw/paderborn/K001/N15_M01_F10_K001_18.mat,N15_M01_F10_K001_18.mat,.mat,8714936,matlab,True,N15_M01_F10,N15,M01,F10,K001,18,healthy,,bearing_code_prefix,N15_M01_F10_K001_18:1x1:struct,
canonical_raw_root,data/raw/paderborn,data/raw/paderborn/K001/N15_M01_F10_K001_19.mat,N15_M01_F10_K001_19.mat,.mat,8714936,matlab,True,N15_M01_F10,N15,M01,F10,K001,19,healthy,,bearing_code_prefix,N15_M01_F10_K001_19:1x1:struct,
canonical_raw_root,data/raw/paderborn,data/raw/paderborn/K001/N15_M01_F10_K001_2.mat,N15_M01_F10_K001_2.mat,.mat,8714904,matlab,True,N15_M01_F10,N15,M01,F10,K001,2,healthy,,bearing_code_prefix,N15_M01_F10_K001_2:1x1:struct,
canonical_raw_root,data/raw/paderborn,data/raw/paderborn/K001/N15_M01_F10_K001_20.mat,N15_M01_F10_K001_20.mat,.mat,8714872,matlab,True,N15_M01_F10,N15,M01,F10,K001,20,healthy,,bearing_code_prefix,N15_M01_F10_K001_20:1x1:struct,
canonical_raw_root,data/raw/paderborn,data/raw/paderborn/K001/N15_M01_F10_K001_3.mat,N15_M01_F10_K001_3.mat,.mat,8714904,matlab,True,N15_M01_F10,N15,M01,F10,K001,3,healthy,,bearing_code_prefix,N15_M01_F10_K001_3:1x1:struct,
canonical_raw_root,data/raw/paderborn,data/raw/paderborn/K001/N15_M01_F10_K001_4.mat,N15_M01_F10_K001_4.mat,.mat,8714904,matlab,True,N15_M01_F10,N15,M01,F10,K001,4,healthy,,bearing_code_prefix,N15_M01_F10_K001_4:1x1:struct,
canonical_raw_root,data/raw/paderborn,data/raw/paderborn/K001/N15_M01_F10_K001_5.mat,N15_M01_F10_K001_5.mat,.mat,8714904,matlab,True,N15_M01_F10,N15,M01,F10,K001,5,healthy,,bearing_code_prefix,N15_M01_F10_K001_5:1x1:struct,
canonical_raw_root,data/raw/paderborn,data/raw/paderborn/K001/N15_M01_F10_K001_6.mat,N15_M01_F10_K001_6.mat,.mat,8733432,matlab,True,N15_M01_F10,N15,M01,F10,K001,6,healthy,,bearing_code_prefix,N15_M01_F10_K001_6:1x1:struct,
canonical_raw_root,data/raw/paderborn,data/raw/paderborn/K001/N15_M01_F10_K001_7.mat,N15_M01_F10_K001_7.mat,.mat,8714904,matlab,True,N15_M01_F10,N15,M01,F10,K001,7,healthy,,bearing_code_prefix,N15_M01_F10_K001_7:1x1:struct,
canonical_raw_root,data/raw/paderborn,data/raw/paderborn/K001/N15_M01_F10_K001_8.mat,N15_M01_F10_K001_8.mat,.mat,8714904,matlab,True,N15_M01_F10,N15,M01,F10,K001,8,healthy,,bearing_code_prefix,N15_M01_F10_K001_8:1x1:struct,
canonical_raw_root,data/raw/paderborn,data/raw/paderborn/K001/N15_M01_F10_K001_9.mat,N15_M01_F10_K001_9.mat,.mat,8714904,matlab,True,N15_M01_F10,N15,M01,F10,K001,9,healthy,,bearing_code_prefix,N15_M01_F10_K001_9:1x1:struct,
canonical_raw_root,data/raw/paderborn,data/raw/paderborn/K001/N15_M07_F04_K001_1.mat,N15_M07_F04_K001_1.mat,.mat,8800280,matlab,True,N15_M07_F04,N15,M07,F04,K001,1,healthy,,bearing_code_prefix,N15_M07_F04_K001_1:1x1:struct,
canonical_raw_root,data/raw/paderborn,data/raw/paderborn/K001/N15_M07_F04_K001_10.mat,N15_M07_F04_K001_10.mat,.mat,8714968,matlab,True,N15_M07_F04,N15,M07,F04,K001,10,healthy,,bearing_code_prefix,N15_M07_F04_K001_10:1x1:struct,
canonical_raw_root,data/raw/paderborn,data/raw/paderborn/K001/N15_M07_F04_K001_11.mat,N15_M07_F04_K001_11.mat,.mat,8715448,matlab,True,N15_M07_F04,N15,M07,F04,K001,11,healthy,,bearing_code_prefix,N15_M07_F04_K001_11:1x1:struct,
canonical_raw_root,data/raw/paderborn,data/raw/paderborn/K001/N15_M07_F04_K001_12.mat,N15_M07_F04_K001_12.mat,.mat,8714872,matlab,True,N15_M07_F04,N15,M07,F04,K001,12,healthy,,bearing_code_prefix,N15_M07_F04_K001_12:1x1:struct,
canonical_raw_root,data/raw/paderborn,data/raw/paderborn/K001/N15_M07_F04_K001_13.mat,N15_M07_F04_K001_13.mat,.mat,8714904,matlab,True,N15_M07_F04,N15,M07,F04,K001,13,healthy,,bearing_code_prefix,N15_M07_F04_K001_13:1x1:struct,
canonical_raw_root,data/raw/paderborn,data/raw/paderborn/K001/N15_M07_F04_K001_14.mat,N15_M07_F04_K001_14.mat,.mat,8714904,matlab,True,N15_M07_F04,N15,M07,F04,K001,14,healthy,,bearing_code_prefix,N15_M07_F04_K001_14:1x1:struct,
canonical_raw_root,data/raw/paderborn,data/raw/paderborn/K001/N15_M07_F04_K001_15.mat,N15_M07_F04_K001_15.mat,.mat,8758624,matlab,True,N15_M07_F04,N15,M07,F04,K001,15,healthy,,bearing_code_prefix,N15_M07_F04_K001_15:1x1:struct,
canonical_raw_root,data/raw/paderborn,data/raw/paderborn/K001/N15_M07_F04_K001_16.mat,N15_M07_F04_K001_16.mat,.mat,8714904,matlab,True,N15_M07_F04,N15,M07,F04,K001,16,healthy,,bearing_code_prefix,N15_M07_F04_K001_16:1x1:struct,
canonical_raw_root,data/raw/paderborn,data/raw/paderborn/K001/N15_M07_F04_K001_17.mat,N15_M07_F04_K001_17.mat,.mat,8881144,matlab,True,N15_M07_F04,N15,M07,F04,K001,17,healthy,,bearing_code_prefix,N15_M07_F04_K001_17:1x1:struct,
canonical_raw_root,data/raw/paderborn,data/raw/paderborn/K001/N15_M07_F04_K001_18.mat,N15_M07_F04_K001_18.mat,.mat,8799800,matlab,True,N15_M07_F04,N15,M07,F04,K001,18,healthy,,bearing_code_prefix,N15_M07_F04_K001_18:1x1:struct,
canonical_raw_root,data/raw/paderborn,data/raw/paderborn/K001/N15_M07_F04_K001_19.mat,N15_M07_F04_K001_19.mat,.mat,8738200,matlab,True,N15_M07_F04,N15,M07,F04,K001,19,healthy,,bearing_code_prefix,N15_M07_F04_K001_19:1x1:struct,
canonical_raw_root,data/raw/paderborn,data/raw/paderborn/K001/N15_M07_F04_K001_2.mat,N15_M07_F04_K001_2.mat,.mat,8872536,matlab,True,N15_M07_F04,N15,M07,F04,K001,2,healthy,,bearing_code_prefix,N15_M07_F04_K001_2:1x1:struct,
canonical_raw_root,data/raw/paderborn,data/raw/paderborn/K001/N15_M07_F04_K001_20.mat,N15_M07_F04_K001_20.mat,.mat,8730816,matlab,True,N15_M07_F04,N15,M07,F04,K001,20,healthy,,bearing_code_prefix,N15_M07_F04_K001_20:1x1:struct,
canonical_raw_root,data/raw/paderborn,data/raw/paderborn/K001/N15_M07_F04_K001_3.mat,N15_M07_F04_K001_3.mat,.mat,8714904,matlab,True,N15_M07_F04,N15,M07,F04,K001,3,healthy,,bearing_code_prefix,N15_M07_F04_K001_3:1x1:struct,
canonical_raw_root,data/raw/paderborn,data/raw/paderborn/K001/N15_M07_F04_K001_4.mat,N15_M07_F04_K001_4.mat,.mat,8718232,matlab,True,N15_M07_F04,N15,M07,F04,K001,4,healthy,,bearing_code_prefix,N15_M07_F04_K001_4:1x1:struct,
canonical_raw_root,data/raw/paderborn,data/raw/paderborn/K001/N15_M07_F04_K001_5.mat,N15_M07_F04_K001_5.mat,.mat,8714904,matlab,True,N15_M07_F04,N15,M07,F04,K001,5,healthy,,bearing_code_prefix,N15_M07_F04_K001_5:1x1:struct,
canonical_raw_root,data/raw/paderborn,data/raw/paderborn/K001/N15_M07_F04_K001_6.mat,N15_M07_F04_K001_6.mat,.mat,8724448,matlab,True,N15_M07_F04,N15,M07,F04,K001,6,healthy,,bearing_code_prefix,N15_M07_F04_K001_6:1x1:struct,
canonical_raw_root,data/raw/paderborn,data/raw/paderborn/K001/N15_M07_F04_K001_7.mat,N15_M07_F04_K001_7.mat,.mat,8727192,matlab,True,N15_M07_F04,N15,M07,F04,K001,7,healthy,,bearing_code_prefix,N15_M07_F04_K001_7:1x1:struct,
canonical_raw_root,data/raw/paderborn,data/raw/paderborn/K001/N15_M07_F04_K001_8.mat,N15_M07_F04_K001_8.mat,.mat,8714936,matlab,True,N15_M07_F04,N15,M07,F04,K001,8,healthy,,bearing_code_prefix,N15_M07_F04_K001_8:1x1:struct,
canonical_raw_root,data/raw/paderborn,data/raw/paderborn/K001/N15_M07_F04_K001_9.mat,N15_M07_F04_K001_9.mat,.mat,8744928,matlab,True,N15_M07_F04,N15,M07,F04,K001,9,healthy,,bearing_code_prefix,N15_M07_F04_K001_9:1x1:struct,
canonical_raw_root,data/raw/paderborn,data/raw/paderborn/K001/N15_M07_F10_K001_1.mat,N15_M07_F10_K001_1.mat,.mat,8714904,matlab,True,N15_M07_F10,N15,M07,F10,K001,1,healthy,,bearing_code_prefix,N15_M07_F10_K001_1:1x1:struct,
canonical_raw_root,data/raw/paderborn,data/raw/paderborn/K001/N15_M07_F10_K001_10.mat,N15_M07_F10_K001_10.mat,.mat,8760056,matlab,True,N15_M07_F10,N15,M07,F10,K001,10,healthy,,bearing_code_prefix,N15_M07_F10_K001_10:1x1:struct,
canonical_raw_root,data/raw/paderborn,data/raw/paderborn/K001/N15_M07_F10_K001_11.mat,N15_M07_F10_K001_11.mat,.mat,8714904,matlab,True,N15_M07_F10,N15,M07,F10,K001,11,healthy,,bearing_code_prefix,N15_M07_F10_K001_11:1x1:struct,
canonical_raw_root,data/raw/paderborn,data/raw/paderborn/K001/N15_M07_F10_K001_12.mat,N15_M07_F10_K001_12.mat,.mat,8758304,matlab,True,N15_M07_F10,N15,M07,F10,K001,12,healthy,,bearing_code_prefix,N15_M07_F10_K001_12:1x1:struct,
canonical_raw_root,data/raw/paderborn,data/raw/paderborn/K001/N15_M07_F10_K001_13.mat,N15_M07_F10_K001_13.mat,.mat,8717688,matlab,True,N15_M07_F10,N15,M07,F10,K001,13,healthy,,bearing_code_prefix,N15_M07_F10_K001_13:1x1:struct,
canonical_raw_root,data/raw/paderborn,data/raw/paderborn/K001/N15_M07_F10_K001_14.mat,N15_M07_F10_K001_14.mat,.mat,8738840,matlab,True,N15_M07_F10,N15,M07,F10,K001,14,healthy,,bearing_code_prefix,N15_M07_F10_K001_14:1x1:struct,
canonical_raw_root,data/raw/paderborn,data/raw/paderborn/K001/N15_M07_F10_K001_15.mat,N15_M07_F10_K001_15.mat,.mat,8718296,matlab,True,N15_M07_F10,N15,M07,F10,K001,15,healthy,,bearing_code_prefix,N15_M07_F10_K001_15:1x1:struct,
canonical_raw_root,data/raw/paderborn,data/raw/paderborn/K001/N15_M07_F10_K001_16.mat,N15_M07_F10_K001_16.mat,.mat,8718232,matlab,True,N15_M07_F10,N15,M07,F10,K001,16,healthy,,bearing_code_prefix,N15_M07_F10_K001_16:1x1:struct,
canonical_raw_root,data/raw/paderborn,data/raw/paderborn/K001/N15_M07_F10_K001_17.mat,N15_M07_F10_K001_17.mat,.mat,8747160,matlab,True,N15_M07_F10,N15,M07,F10,K001,17,healthy,,bearing_code_prefix,N15_M07_F10_K001_17:1x1:struct,
canonical_raw_root,data/raw/paderborn,data/raw/paderborn/K001/N15_M07_F10_K001_18.mat,N15_M07_F10_K001_18.mat,.mat,8718328,matlab,True,N15_M07_F10,N15,M07,F10,K001,18,healthy,,bearing_code_prefix,N15_M07_F10_K001_18:1x1:struct,
canonical_raw_root,data/raw/paderborn,data/raw/paderborn/K001/N15_M07_F10_K001_19.mat,N15_M07_F10_K001_19.mat,.mat,8714904,matlab,True,N15_M07_F10,N15,M07,F10,K001,19,healthy,,bearing_code_prefix,N15_M07_F10_K001_19:1x1:struct,
canonical_raw_root,data/raw/paderborn,data/raw/paderborn/K001/N15_M07_F10_K001_2.mat,N15_M07_F10_K001_2.mat,.mat,8714904,matlab,True,N15_M07_F10,N15,M07,F10,K001,2,healthy,,bearing_code_prefix,N15_M07_F10_K001_2:1x1:struct,
canonical_raw_root,data/raw/paderborn,data/raw/paderborn/K001/N15_M07_F10_K001_20.mat,N15_M07_F10_K001_20.mat,.mat,8717848,matlab,True,N15_M07_F10,N15,M07,F10,K001,20,healthy,,bearing_code_prefix,N15_M07_F10_K001_20:1x1:struct,
canonical_raw_root,data/raw/paderborn,data/raw/paderborn/K001/N15_M07_F10_K001_3.mat,N15_M07_F10_K001_3.mat,.mat,8717816,matlab,True,N15_M07_F10,N15,M07,F10,K001,3,healthy,,bearing_code_prefix,N15_M07_F10_K001_3:1x1:struct,
canonical_raw_root,data/raw/paderborn,data/raw/paderborn/K001/N15_M07_F10_K001_4.mat,N15_M07_F10_K001_4.mat,.mat,8714904,matlab,True,N15_M07_F10,N15,M07,F10,K001,4,healthy,,bearing_code_prefix,N15_M07_F10_K001_4:1x1:struct,
canonical_raw_root,data/raw/paderborn,data/raw/paderborn/K001/N15_M07_F10_K001_5.mat,N15_M07_F10_K001_5.mat,.mat,8714904,matlab,True,N15_M07_F10,N15,M07,F10,K001,5,healthy,,bearing_code_prefix,N15_M07_F10_K001_5:1x1:struct,
canonical_raw_root,data/raw/paderborn,data/raw/paderborn/K001/N15_M07_F10_K001_6.mat,N15_M07_F10_K001_6.mat,.mat,8714904,matlab,True,N15_M07_F10,N15,M07,F10,K001,6,healthy,,bearing_code_prefix,N15_M07_F10_K001_6:1x1:struct,
canonical_raw_root,data/raw/paderborn,data/raw/paderborn/K001/N15_M07_F10_K001_7.mat,N15_M07_F10_K001_7.mat,.mat,8714904,matlab,True,N15_M07_F10,N15,M07,F10,K001,7,healthy,,bearing_code_prefix,N15_M07_F10_K001_7:1x1:struct,
canonical_raw_root,data/raw/paderborn,data/raw/paderborn/K001/N15_M07_F10_K001_8.mat,N15_M07_F10_K001_8.mat,.mat,8717624,matlab,True,N15_M07_F10,N15,M07,F10,K001,8,healthy,,bearing_code_prefix,N15_M07_F10_K001_8:1x1:struct,
canonical_raw_root,data/raw/paderborn,data/raw/paderborn/K001/N15_M07_F10_K001_9.mat,N15_M07_F10_K001_9.mat,.mat,8717432,matlab,True,N15_M07_F10,N15,M07,F10,K001,9,healthy,,bearing_code_prefix,N15_M07_F10_K001_9:1x1:struct,
canonical_raw_root,data/raw/paderborn,data/raw/paderborn/K002/K002.pdf,K002.pdf,.pdf,40999,pdf,False,,,,,K002,,healthy,,bearing_code_prefix,,No metadata inspector is implemented for this extension
canonical_raw_root,data/raw/paderborn,data/raw/paderborn/K002/measuring_log_K002.pdf,measuring_log_K002.pdf,.pdf,138900,pdf,False,,,,,K002,,healthy,,bearing_code_prefix,,No metadata inspector is implemented for this extension
canonical_raw_root,data/raw/paderborn,data/raw/paderborn/K002/N09_M07_F10_K002_1.mat,N09_M07_F10_K002_1.mat,.mat,8714904,matlab,True,N09_M07_F10,N09,M07,F10,K002,1,healthy,,bearing_code_prefix,N09_M07_F10_K002_1:1x1:struct,
canonical_raw_root,data/raw/paderborn,data/raw/paderborn/K002/N09_M07_F10_K002_10.mat,N09_M07_F10_K002_10.mat,.mat,8723800,matlab,True,N09_M07_F10,N09,M07,F10,K002,10,healthy,,bearing_code_prefix,N09_M07_F10_K002_10:1x1:struct,
canonical_raw_root,data/raw/paderborn,data/raw/paderborn/K002/N09_M07_F10_K002_11.mat,N09_M07_F10_K002_11.mat,.mat,8714872,matlab,True,N09_M07_F10,N09,M07,F10,K002,11,healthy,,bearing_code_prefix,N09_M07_F10_K002_11:1x1:struct,
canonical_raw_root,data/raw/paderborn,data/raw/paderborn/K002/N09_M07_F10_K002_12.mat,N09_M07_F10_K002_12.mat,.mat,8714968,matlab,True,N09_M07_F10,N09,M07,F10,K002,12,healthy,,bearing_code_prefix,N09_M07_F10_K002_12:1x1:struct,
canonical_raw_root,data/raw/paderborn,data/raw/paderborn/K002/N09_M07_F10_K002_13.mat,N09_M07_F10_K002_13.mat,.mat,8715128,matlab,True,N09_M07_F10,N09,M07,F10,K002,13,healthy,,bearing_code_prefix,N09_M07_F10_K002_13:1x1:struct,
canonical_raw_root,data/raw/paderborn,data/raw/paderborn/K002/N09_M07_F10_K002_14.mat,N09_M07_F10_K002_14.mat,.mat,8714904,matlab,True,N09_M07_F10,N09,M07,F10,K002,14,healthy,,bearing_code_prefix,N09_M07_F10_K002_14:1x1:struct,
canonical_raw_root,data/raw/paderborn,data/raw/paderborn/K002/N09_M07_F10_K002_15.mat,N09_M07_F10_K002_15.mat,.mat,8714968,matlab,True,N09_M07_F10,N09,M07,F10,K002,15,healthy,,bearing_code_prefix,N09_M07_F10_K002_15:1x1:struct,
canonical_raw_root,data/raw/paderborn,data/raw/paderborn/K002/N09_M07_F10_K002_16.mat,N09_M07_F10_K002_16.mat,.mat,8714904,matlab,True,N09_M07_F10,N09,M07,F10,K002,16,healthy,,bearing_code_prefix,N09_M07_F10_K002_16:1x1:struct,
canonical_raw_root,data/raw/paderborn,data/raw/paderborn/K002/N09_M07_F10_K002_17.mat,N09_M07_F10_K002_17.mat,.mat,8714872,matlab,True,N09_M07_F10,N09,M07,F10,K002,17,healthy,,bearing_code_prefix,N09_M07_F10_K002_17:1x1:struct,
canonical_raw_root,data/raw/paderborn,data/raw/paderborn/K002/N09_M07_F10_K002_18.mat,N09_M07_F10_K002_18.mat,.mat,8727256,matlab,True,N09_M07_F10,N09,M07,F10,K002,18,healthy,,bearing_code_prefix,N09_M07_F10_K002_18:1x1:struct,
canonical_raw_root,data/raw/paderborn,data/raw/paderborn/K002/N09_M07_F10_K002_19.mat,N09_M07_F10_K002_19.mat,.mat,8715064,matlab,True,N09_M07_F10,N09,M07,F10,K002,19,healthy,,bearing_code_prefix,N09_M07_F10_K002_19:1x1:struct,
canonical_raw_root,data/raw/paderborn,data/raw/paderborn/K002/N09_M07_F10_K002_2.mat,N09_M07_F10_K002_2.mat,.mat,8714904,matlab,True,N09_M07_F10,N09,M07,F10,K002,2,healthy,,bearing_code_prefix,N09_M07_F10_K002_2:1x1:struct,
canonical_raw_root,data/raw/paderborn,data/raw/paderborn/K002/N09_M07_F10_K002_20.mat,N09_M07_F10_K002_20.mat,.mat,8714904,matlab,True,N09_M07_F10,N09,M07,F10,K002,20,healthy,,bearing_code_prefix,N09_M07_F10_K002_20:1x1:struct,
canonical_raw_root,data/raw/paderborn,data/raw/paderborn/K002/N09_M07_F10_K002_3.mat,N09_M07_F10_K002_3.mat,.mat,8714904,matlab,True,N09_M07_F10,N09,M07,F10,K002,3,healthy,,bearing_code_prefix,N09_M07_F10_K002_3:1x1:struct,
canonical_raw_root,data/raw/paderborn,data/raw/paderborn/K002/N09_M07_F10_K002_4.mat,N09_M07_F10_K002_4.mat,.mat,8714872,matlab,True,N09_M07_F10,N09,M07,F10,K002,4,healthy,,bearing_code_prefix,N09_M07_F10_K002_4:1x1:struct,
canonical_raw_root,data/raw/paderborn,data/raw/paderborn/K002/N09_M07_F10_K002_5.mat,N09_M07_F10_K002_5.mat,.mat,8714904,matlab,True,N09_M07_F10,N09,M07,F10,K002,5,healthy,,bearing_code_prefix,N09_M07_F10_K002_5:1x1:struct,
canonical_raw_root,data/raw/paderborn,data/raw/paderborn/K002/N09_M07_F10_K002_6.mat,N09_M07_F10_K002_6.mat,.mat,8714840,matlab,True,N09_M07_F10,N09,M07,F10,K002,6,healthy,,bearing_code_prefix,N09_M07_F10_K002_6:1x1:struct,
canonical_raw_root,data/raw/paderborn,data/raw/paderborn/K002/N09_M07_F10_K002_7.mat,N09_M07_F10_K002_7.mat,.mat,8714872,matlab,True,N09_M07_F10,N09,M07,F10,K002,7,healthy,,bearing_code_prefix,N09_M07_F10_K002_7:1x1:struct,
canonical_raw_root,data/raw/paderborn,data/raw/paderborn/K002/N09_M07_F10_K002_8.mat,N09_M07_F10_K002_8.mat,.mat,8714904,matlab,True,N09_M07_F10,N09,M07,F10,K002,8,healthy,,bearing_code_prefix,N09_M07_F10_K002_8:1x1:struct,
canonical_raw_root,data/raw/paderborn,data/raw/paderborn/K002/N09_M07_F10_K002_9.mat,N09_M07_F10_K002_9.mat,.mat,8714872,matlab,True,N09_M07_F10,N09,M07,F10,K002,9,healthy,,bearing_code_prefix,N09_M07_F10_K002_9:1x1:struct,
canonical_raw_root,data/raw/paderborn,data/raw/paderborn/K002/N15_M01_F10_K002_1.mat,N15_M01_F10_K002_1.mat,.mat,8883352,matlab,True,N15_M01_F10,N15,M01,F10,K002,1,healthy,,bearing_code_prefix,N15_M01_F10_K002_1:1x1:struct,
canonical_raw_root,data/raw/paderborn,data/raw/paderborn/K002/N15_M01_F10_K002_10.mat,N15_M01_F10_K002_10.mat,.mat,9861976,matlab,True,N15_M01_F10,N15,M01,F10,K002,10,healthy,,bearing_code_prefix,N15_M01_F10_K002_10:1x1:struct,
canonical_raw_root,data/raw/paderborn,data/raw/paderborn/K002/N15_M01_F10_K002_11.mat,N15_M01_F10_K002_11.mat,.mat,8715000,matlab,True,N15_M01_F10,N15,M01,F10,K002,11,healthy,,bearing_code_prefix,N15_M01_F10_K002_11:1x1:struct,
canonical_raw_root,data/raw/paderborn,data/raw/paderborn/K002/N15_M01_F10_K002_12.mat,N15_M01_F10_K002_12.mat,.mat,8714904,matlab,True,N15_M01_F10,N15,M01,F10,K002,12,healthy,,bearing_code_prefix,N15_M01_F10_K002_12:1x1:struct,
canonical_raw_root,data/raw/paderborn,data/raw/paderborn/K002/N15_M01_F10_K002_13.mat,N15_M01_F10_K002_13.mat,.mat,8714904,matlab,True,N15_M01_F10,N15,M01,F10,K002,13,healthy,,bearing_code_prefix,N15_M01_F10_K002_13:1x1:struct,
canonical_raw_root,data/raw/paderborn,data/raw/paderborn/K002/N15_M01_F10_K002_14.mat,N15_M01_F10_K002_14.mat,.mat,8714904,matlab,True,N15_M01_F10,N15,M01,F10,K002,14,healthy,,bearing_code_prefix,N15_M01_F10_K002_14:1x1:struct,
canonical_raw_root,data/raw/paderborn,data/raw/paderborn/K002/N15_M01_F10_K002_15.mat,N15_M01_F10_K002_15.mat,.mat,8714968,matlab,True,N15_M01_F10,N15,M01,F10,K002,15,healthy,,bearing_code_prefix,N15_M01_F10_K002_15:1x1:struct,
canonical_raw_root,data/raw/paderborn,data/raw/paderborn/K002/N15_M01_F10_K002_16.mat,N15_M01_F10_K002_16.mat,.mat,8714936,matlab,True,N15_M01_F10,N15,M01,F10,K002,16,healthy,,bearing_code_prefix,N15_M01_F10_K002_16:1x1:struct,
canonical_raw_root,data/raw/paderborn,data/raw/paderborn/K002/N15_M01_F10_K002_17.mat,N15_M01_F10_K002_17.mat,.mat,8714904,matlab,True,N15_M01_F10,N15,M01,F10,K002,17,healthy,,bearing_code_prefix,N15_M01_F10_K002_17:1x1:struct,
canonical_raw_root,data/raw/paderborn,data/raw/paderborn/K002/N15_M01_F10_K002_18.mat,N15_M01_F10_K002_18.mat,.mat,8714904,matlab,True,N15_M01_F10,N15,M01,F10,K002,18,healthy,,bearing_code_prefix,N15_M01_F10_K002_18:1x1:struct,
canonical_raw_root,data/raw/paderborn,data/raw/paderborn/K002/N15_M01_F10_K002_19.mat,N15_M01_F10_K002_19.mat,.mat,8714904,matlab,True,N15_M01_F10,N15,M01,F10,K002,19,healthy,,bearing_code_prefix,N15_M01_F10_K002_19:1x1:struct,
canonical_raw_root,data/raw/paderborn,data/raw/paderborn/K002/N15_M01_F10_K002_2.mat,N15_M01_F10_K002_2.mat,.mat,8714904,matlab,True,N15_M01_F10,N15,M01,F10,K002,2,healthy,,bearing_code_prefix,N15_M01_F10_K002_2:1x1:struct,
canonical_raw_root,data/raw/paderborn,data/raw/paderborn/K002/N15_M01_F10_K002_20.mat,N15_M01_F10_K002_20.mat,.mat,8714872,matlab,True,N15_M01_F10,N15,M01,F10,K002,20,healthy,,bearing_code_prefix,N15_M01_F10_K002_20:1x1:struct,
canonical_raw_root,data/raw/paderborn,data/raw/paderborn/K002/N15_M01_F10_K002_3.mat,N15_M01_F10_K002_3.mat,.mat,8714904,matlab,True,N15_M01_F10,N15,M01,F10,K002,3,healthy,,bearing_code_prefix,N15_M01_F10_K002_3:1x1:struct,
canonical_raw_root,data/raw/paderborn,data/raw/paderborn/K002/N15_M01_F10_K002_4.mat,N15_M01_F10_K002_4.mat,.mat,8714904,matlab,True,N15_M01_F10,N15,M01,F10,K002,4,healthy,,bearing_code_prefix,N15_M01_F10_K002_4:1x1:struct,
canonical_raw_root,data/raw/paderborn,data/raw/paderborn/K002/N15_M01_F10_K002_5.mat,N15_M01_F10_K002_5.mat,.mat,8714968,matlab,True,N15_M01_F10,N15,M01,F10,K002,5,healthy,,bearing_code_prefix,N15_M01_F10_K002_5:1x1:struct,
canonical_raw_root,data/raw/paderborn,data/raw/paderborn/K002/N15_M01_F10_K002_6.mat,N15_M01_F10_K002_6.mat,.mat,8714904,matlab,True,N15_M01_F10,N15,M01,F10,K002,6,healthy,,bearing_code_prefix,N15_M01_F10_K002_6:1x1:struct,
canonical_raw_root,data/raw/paderborn,data/raw/paderborn/K002/N15_M01_F10_K002_7.mat,N15_M01_F10_K002_7.mat,.mat,8714904,matlab,True,N15_M01_F10,N15,M01,F10,K002,7,healthy,,bearing_code_prefix,N15_M01_F10_K002_7:1x1:struct,
canonical_raw_root,data/raw/paderborn,data/raw/paderborn/K002/N15_M01_F10_K002_8.mat,N15_M01_F10_K002_8.mat,.mat,8714904,matlab,True,N15_M01_F10,N15,M01,F10,K002,8,healthy,,bearing_code_prefix,N15_M01_F10_K002_8:1x1:struct,
canonical_raw_root,data/raw/paderborn,data/raw/paderborn/K002/N15_M01_F10_K002_9.mat,N15_M01_F10_K002_9.mat,.mat,8714968,matlab,True,N15_M01_F10,N15,M01,F10,K002,9,healthy,,bearing_code_prefix,N15_M01_F10_K002_9:1x1:struct,
canonical_raw_root,data/raw/paderborn,data/raw/paderborn/K002/N15_M07_F04_K002_1.mat,N15_M07_F04_K002_1.mat,.mat,8714904,matlab,True,N15_M07_F04,N15,M07,F04,K002,1,healthy,,bearing_code_prefix,N15_M07_F04_K002_1:1x1:struct,
canonical_raw_root,data/raw/paderborn,data/raw/paderborn/K002/N15_M07_F04_K002_10.mat,N15_M07_F04_K002_10.mat,.mat,8714904,matlab,True,N15_M07_F04,N15,M07,F04,K002,10,healthy,,bearing_code_prefix,N15_M07_F04_K002_10:1x1:struct,
canonical_raw_root,data/raw/paderborn,data/raw/paderborn/K002/N15_M07_F04_K002_11.mat,N15_M07_F04_K002_11.mat,.mat,8714872,matlab,True,N15_M07_F04,N15,M07,F04,K002,11,healthy,,bearing_code_prefix,N15_M07_F04_K002_11:1x1:struct,
canonical_raw_root,data/raw/paderborn,data/raw/paderborn/K002/N15_M07_F04_K002_12.mat,N15_M07_F04_K002_12.mat,.mat,8714904,matlab,True,N15_M07_F04,N15,M07,F04,K002,12,healthy,,bearing_code_prefix,N15_M07_F04_K002_12:1x1:struct,
canonical_raw_root,data/raw/paderborn,data/raw/paderborn/K002/N15_M07_F04_K002_13.mat,N15_M07_F04_K002_13.mat,.mat,8714904,matlab,True,N15_M07_F04,N15,M07,F04,K002,13,healthy,,bearing_code_prefix,N15_M07_F04_K002_13:1x1:struct,
canonical_raw_root,data/raw/paderborn,data/raw/paderborn/K002/N15_M07_F04_K002_14.mat,N15_M07_F04_K002_14.mat,.mat,8714936,matlab,True,N15_M07_F04,N15,M07,F04,K002,14,healthy,,bearing_code_prefix,N15_M07_F04_K002_14:1x1:struct,
canonical_raw_root,data/raw/paderborn,data/raw/paderborn/K002/N15_M07_F04_K002_15.mat,N15_M07_F04_K002_15.mat,.mat,8714904,matlab,True,N15_M07_F04,N15,M07,F04,K002,15,healthy,,bearing_code_prefix,N15_M07_F04_K002_15:1x1:struct,
canonical_raw_root,data/raw/paderborn,data/raw/paderborn/K002/N15_M07_F04_K002_16.mat,N15_M07_F04_K002_16.mat,.mat,8714744,matlab,True,N15_M07_F04,N15,M07,F04,K002,16,healthy,,bearing_code_prefix,N15_M07_F04_K002_16:1x1:struct,
canonical_raw_root,data/raw/paderborn,data/raw/paderborn/K002/N15_M07_F04_K002_17.mat,N15_M07_F04_K002_17.mat,.mat,8714968,matlab,True,N15_M07_F04,N15,M07,F04,K002,17,healthy,,bearing_code_prefix,N15_M07_F04_K002_17:1x1:struct,
canonical_raw_root,data/raw/paderborn,data/raw/paderborn/K002/N15_M07_F04_K002_18.mat,N15_M07_F04_K002_18.mat,.mat,8714872,matlab,True,N15_M07_F04,N15,M07,F04,K002,18,healthy,,bearing_code_prefix,N15_M07_F04_K002_18:1x1:struct,
canonical_raw_root,data/raw/paderborn,data/raw/paderborn/K002/N15_M07_F04_K002_19.mat,N15_M07_F04_K002_19.mat,.mat,8714872,matlab,True,N15_M07_F04,N15,M07,F04,K002,19,healthy,,bearing_code_prefix,N15_M07_F04_K002_19:1x1:struct,
canonical_raw_root,data/raw/paderborn,data/raw/paderborn/K002/N15_M07_F04_K002_2.mat,N15_M07_F04_K002_2.mat,.mat,8714904,matlab,True,N15_M07_F04,N15,M07,F04,K002,2,healthy,,bearing_code_prefix,N15_M07_F04_K002_2:1x1:struct,
canonical_raw_root,data/raw/paderborn,data/raw/paderborn/K002/N15_M07_F04_K002_20.mat,N15_M07_F04_K002_20.mat,.mat,8714904,matlab,True,N15_M07_F04,N15,M07,F04,K002,20,healthy,,bearing_code_prefix,N15_M07_F04_K002_20:1x1:struct,
canonical_raw_root,data/raw/paderborn,data/raw/paderborn/K002/N15_M07_F04_K002_3.mat,N15_M07_F04_K002_3.mat,.mat,8715032,matlab,True,N15_M07_F04,N15,M07,F04,K002,3,healthy,,bearing_code_prefix,N15_M07_F04_K002_3:1x1:struct,
canonical_raw_root,data/raw/paderborn,data/raw/paderborn/K002/N15_M07_F04_K002_4.mat,N15_M07_F04_K002_4.mat,.mat,8714968,matlab,True,N15_M07_F04,N15,M07,F04,K002,4,healthy,,bearing_code_prefix,N15_M07_F04_K002_4:1x1:struct,
canonical_raw_root,data/raw/paderborn,data/raw/paderborn/K002/N15_M07_F04_K002_5.mat,N15_M07_F04_K002_5.mat,.mat,8714904,matlab,True,N15_M07_F04,N15,M07,F04,K002,5,healthy,,bearing_code_prefix,N15_M07_F04_K002_5:1x1:struct,
canonical_raw_root,data/raw/paderborn,data/raw/paderborn/K002/N15_M07_F04_K002_6.mat,N15_M07_F04_K002_6.mat,.mat,8714904,matlab,True,N15_M07_F04,N15,M07,F04,K002,6,healthy,,bearing_code_prefix,N15_M07_F04_K002_6:1x1:struct,
canonical_raw_root,data/raw/paderborn,data/raw/paderborn/K002/N15_M07_F04_K002_7.mat,N15_M07_F04_K002_7.mat,.mat,8714904,matlab,True,N15_M07_F04,N15,M07,F04,K002,7,healthy,,bearing_code_prefix,N15_M07_F04_K002_7:1x1:struct,
canonical_raw_root,data/raw/paderborn,data/raw/paderborn/K002/N15_M07_F04_K002_8.mat,N15_M07_F04_K002_8.mat,.mat,8714904,matlab,True,N15_M07_F04,N15,M07,F04,K002,8,healthy,,bearing_code_prefix,N15_M07_F04_K002_8:1x1:struct,
canonical_raw_root,data/raw/paderborn,data/raw/paderborn/K002/N15_M07_F04_K002_9.mat,N15_M07_F04_K002_9.mat,.mat,8714904,matlab,True,N15_M07_F04,N15,M07,F04,K002,9,healthy,,bearing_code_prefix,N15_M07_F04_K002_9:1x1:struct,
canonical_raw_root,data/raw/paderborn,data/raw/paderborn/K002/N15_M07_F10_K002_1.mat,N15_M07_F10_K002_1.mat,.mat,8714904,matlab,True,N15_M07_F10,N15,M07,F10,K002,1,healthy,,bearing_code_prefix,N15_M07_F10_K002_1:1x1:struct,
canonical_raw_root,data/raw/paderborn,data/raw/paderborn/K002/N15_M07_F10_K002_10.mat,N15_M07_F10_K002_10.mat,.mat,8714904,matlab,True,N15_M07_F10,N15,M07,F10,K002,10,healthy,,bearing_code_prefix,N15_M07_F10_K002_10:1x1:struct,
canonical_raw_root,data/raw/paderborn,data/raw/paderborn/K002/N15_M07_F10_K002_11.mat,N15_M07_F10_K002_11.mat,.mat,8715000,matlab,True,N15_M07_F10,N15,M07,F10,K002,11,healthy,,bearing_code_prefix,N15_M07_F10_K002_11:1x1:struct,
canonical_raw_root,data/raw/paderborn,data/raw/paderborn/K002/N15_M07_F10_K002_12.mat,N15_M07_F10_K002_12.mat,.mat,8714904,matlab,True,N15_M07_F10,N15,M07,F10,K002,12,healthy,,bearing_code_prefix,N15_M07_F10_K002_12:1x1:struct,
canonical_raw_root,data/raw/paderborn,data/raw/paderborn/K002/N15_M07_F10_K002_13.mat,N15_M07_F10_K002_13.mat,.mat,8714904,matlab,True,N15_M07_F10,N15,M07,F10,K002,13,healthy,,bearing_code_prefix,N15_M07_F10_K002_13:1x1:struct,
canonical_raw_root,data/raw/paderborn,data/raw/paderborn/K002/N15_M07_F10_K002_14.mat,N15_M07_F10_K002_14.mat,.mat,8714904,matlab,True,N15_M07_F10,N15,M07,F10,K002,14,healthy,,bearing_code_prefix,N15_M07_F10_K002_14:1x1:struct,
canonical_raw_root,data/raw/paderborn,data/raw/paderborn/K002/N15_M07_F10_K002_15.mat,N15_M07_F10_K002_15.mat,.mat,8714904,matlab,True,N15_M07_F10,N15,M07,F10,K002,15,healthy,,bearing_code_prefix,N15_M07_F10_K002_15:1x1:struct,
canonical_raw_root,data/raw/paderborn,data/raw/paderborn/K002/N15_M07_F10_K002_16.mat,N15_M07_F10_K002_16.mat,.mat,8714904,matlab,True,N15_M07_F10,N15,M07,F10,K002,16,healthy,,bearing_code_prefix,N15_M07_F10_K002_16:1x1:struct,
canonical_raw_root,data/raw/paderborn,data/raw/paderborn/K002/N15_M07_F10_K002_17.mat,N15_M07_F10_K002_17.mat,.mat,8714872,matlab,True,N15_M07_F10,N15,M07,F10,K002,17,healthy,,bearing_code_prefix,N15_M07_F10_K002_17:1x1:struct,
canonical_raw_root,data/raw/paderborn,data/raw/paderborn/K002/N15_M07_F10_K002_18.mat,N15_M07_F10_K002_18.mat,.mat,9427352,matlab,True,N15_M07_F10,N15,M07,F10,K002,18,healthy,,bearing_code_prefix,N15_M07_F10_K002_18:1x1:struct,
canonical_raw_root,data/raw/paderborn,data/raw/paderborn/K002/N15_M07_F10_K002_19.mat,N15_M07_F10_K002_19.mat,.mat,8714904,matlab,True,N15_M07_F10,N15,M07,F10,K002,19,healthy,,bearing_code_prefix,N15_M07_F10_K002_19:1x1:struct,
canonical_raw_root,data/raw/paderborn,data/raw/paderborn/K002/N15_M07_F10_K002_2.mat,N15_M07_F10_K002_2.mat,.mat,8714904,matlab,True,N15_M07_F10,N15,M07,F10,K002,2,healthy,,bearing_code_prefix,N15_M07_F10_K002_2:1x1:struct,
canonical_raw_root,data/raw/paderborn,data/raw/paderborn/K002/N15_M07_F10_K002_20.mat,N15_M07_F10_K002_20.mat,.mat,8714904,matlab,True,N15_M07_F10,N15,M07,F10,K002,20,healthy,,bearing_code_prefix,N15_M07_F10_K002_20:1x1:struct,
canonical_raw_root,data/raw/paderborn,data/raw/paderborn/K002/N15_M07_F10_K002_3.mat,N15_M07_F10_K002_3.mat,.mat,8719192,matlab,True,N15_M07_F10,N15,M07,F10,K002,3,healthy,,bearing_code_prefix,N15_M07_F10_K002_3:1x1:struct,
canonical_raw_root,data/raw/paderborn,data/raw/paderborn/K002/N15_M07_F10_K002_4.mat,N15_M07_F10_K002_4.mat,.mat,8714904,matlab,True,N15_M07_F10,N15,M07,F10,K002,4,healthy,,bearing_code_prefix,N15_M07_F10_K002_4:1x1:struct,
canonical_raw_root,data/raw/paderborn,data/raw/paderborn/K002/N15_M07_F10_K002_5.mat,N15_M07_F10_K002_5.mat,.mat,8714936,matlab,True,N15_M07_F10,N15,M07,F10,K002,5,healthy,,bearing_code_prefix,N15_M07_F10_K002_5:1x1:struct,
canonical_raw_root,data/raw/paderborn,data/raw/paderborn/K002/N15_M07_F10_K002_6.mat,N15_M07_F10_K002_6.mat,.mat,8714872,matlab,True,N15_M07_F10,N15,M07,F10,K002,6,healthy,,bearing_code_prefix,N15_M07_F10_K002_6:1x1:struct,
canonical_raw_root,data/raw/paderborn,data/raw/paderborn/K002/N15_M07_F10_K002_7.mat,N15_M07_F10_K002_7.mat,.mat,8714936,matlab,True,N15_M07_F10,N15,M07,F10,K002,7,healthy,,bearing_code_prefix,N15_M07_F10_K002_7:1x1:struct,
canonical_raw_root,data/raw/paderborn,data/raw/paderborn/K002/N15_M07_F10_K002_8.mat,N15_M07_F10_K002_8.mat,.mat,8714968,matlab,True,N15_M07_F10,N15,M07,F10,K002,8,healthy,,bearing_code_prefix,N15_M07_F10_K002_8:1x1:struct,
canonical_raw_root,data/raw/paderborn,data/raw/paderborn/K002/N15_M07_F10_K002_9.mat,N15_M07_F10_K002_9.mat,.mat,8714904,matlab,True,N15_M07_F10,N15,M07,F10,K002,9,healthy,,bearing_code_prefix,N15_M07_F10_K002_9:1x1:struct,
canonical_raw_root,data/raw/paderborn,data/raw/paderborn/K003/K003.pdf,K003.pdf,.pdf,40786,pdf,False,,,,,K003,,healthy,,bearing_code_prefix,,No metadata inspector is implemented for this extension
canonical_raw_root,data/raw/paderborn,data/raw/paderborn/K003/measuring_log_K003.pdf,measuring_log_K003.pdf,.pdf,139017,pdf,False,,,,,K003,,healthy,,bearing_code_prefix,,No metadata inspector is implemented for this extension
canonical_raw_root,data/raw/paderborn,data/raw/paderborn/K003/N09_M07_F10_K003_1.mat,N09_M07_F10_K003_1.mat,.mat,8714872,matlab,True,N09_M07_F10,N09,M07,F10,K003,1,healthy,,bearing_code_prefix,N09_M07_F10_K003_1:1x1:struct,
canonical_raw_root,data/raw/paderborn,data/raw/paderborn/K003/N09_M07_F10_K003_10.mat,N09_M07_F10_K003_10.mat,.mat,8731032,matlab,True,N09_M07_F10,N09,M07,F10,K003,10,healthy,,bearing_code_prefix,N09_M07_F10_K003_10:1x1:struct,
canonical_raw_root,data/raw/paderborn,data/raw/paderborn/K003/N09_M07_F10_K003_11.mat,N09_M07_F10_K003_11.mat,.mat,8714904,matlab,True,N09_M07_F10,N09,M07,F10,K003,11,healthy,,bearing_code_prefix,N09_M07_F10_K003_11:1x1:struct,
canonical_raw_root,data/raw/paderborn,data/raw/paderborn/K003/N09_M07_F10_K003_12.mat,N09_M07_F10_K003_12.mat,.mat,8714904,matlab,True,N09_M07_F10,N09,M07,F10,K003,12,healthy,,bearing_code_prefix,N09_M07_F10_K003_12:1x1:struct,
canonical_raw_root,data/raw/paderborn,data/raw/paderborn/K003/N09_M07_F10_K003_13.mat,N09_M07_F10_K003_13.mat,.mat,8714904,matlab,True,N09_M07_F10,N09,M07,F10,K003,13,healthy,,bearing_code_prefix,N09_M07_F10_K003_13:1x1:struct,
canonical_raw_root,data/raw/paderborn,data/raw/paderborn/K003/N09_M07_F10_K003_14.mat,N09_M07_F10_K003_14.mat,.mat,8714904,matlab,True,N09_M07_F10,N09,M07,F10,K003,14,healthy,,bearing_code_prefix,N09_M07_F10_K003_14:1x1:struct,
canonical_raw_root,data/raw/paderborn,data/raw/paderborn/K003/N09_M07_F10_K003_15.mat,N09_M07_F10_K003_15.mat,.mat,8728984,matlab,True,N09_M07_F10,N09,M07,F10,K003,15,healthy,,bearing_code_prefix,N09_M07_F10_K003_15:1x1:struct,
canonical_raw_root,data/raw/paderborn,data/raw/paderborn/K003/N09_M07_F10_K003_16.mat,N09_M07_F10_K003_16.mat,.mat,8714872,matlab,True,N09_M07_F10,N09,M07,F10,K003,16,healthy,,bearing_code_prefix,N09_M07_F10_K003_16:1x1:struct,
canonical_raw_root,data/raw/paderborn,data/raw/paderborn/K003/N09_M07_F10_K003_17.mat,N09_M07_F10_K003_17.mat,.mat,8717720,matlab,True,N09_M07_F10,N09,M07,F10,K003,17,healthy,,bearing_code_prefix,N09_M07_F10_K003_17:1x1:struct,
canonical_raw_root,data/raw/paderborn,data/raw/paderborn/K003/N09_M07_F10_K003_18.mat,N09_M07_F10_K003_18.mat,.mat,8714904,matlab,True,N09_M07_F10,N09,M07,F10,K003,18,healthy,,bearing_code_prefix,N09_M07_F10_K003_18:1x1:struct,
canonical_raw_root,data/raw/paderborn,data/raw/paderborn/K003/N09_M07_F10_K003_19.mat,N09_M07_F10_K003_19.mat,.mat,8742784,matlab,True,N09_M07_F10,N09,M07,F10,K003,19,healthy,,bearing_code_prefix,N09_M07_F10_K003_19:1x1:struct,
canonical_raw_root,data/raw/paderborn,data/raw/paderborn/K003/N09_M07_F10_K003_2.mat,N09_M07_F10_K003_2.mat,.mat,8714904,matlab,True,N09_M07_F10,N09,M07,F10,K003,2,healthy,,bearing_code_prefix,N09_M07_F10_K003_2:1x1:struct,
canonical_raw_root,data/raw/paderborn,data/raw/paderborn/K003/N09_M07_F10_K003_20.mat,N09_M07_F10_K003_20.mat,.mat,8714936,matlab,True,N09_M07_F10,N09,M07,F10,K003,20,healthy,,bearing_code_prefix,N09_M07_F10_K003_20:1x1:struct,
canonical_raw_root,data/raw/paderborn,data/raw/paderborn/K003/N09_M07_F10_K003_3.mat,N09_M07_F10_K003_3.mat,.mat,8717720,matlab,True,N09_M07_F10,N09,M07,F10,K003,3,healthy,,bearing_code_prefix,N09_M07_F10_K003_3:1x1:struct,
canonical_raw_root,data/raw/paderborn,data/raw/paderborn/K003/N09_M07_F10_K003_4.mat,N09_M07_F10_K003_4.mat,.mat,8714904,matlab,True,N09_M07_F10,N09,M07,F10,K003,4,healthy,,bearing_code_prefix,N09_M07_F10_K003_4:1x1:struct,
canonical_raw_root,data/raw/paderborn,data/raw/paderborn/K003/N09_M07_F10_K003_5.mat,N09_M07_F10_K003_5.mat,.mat,8880216,matlab,True,N09_M07_F10,N09,M07,F10,K003,5,healthy,,bearing_code_prefix,N09_M07_F10_K003_5:1x1:struct,
canonical_raw_root,data/raw/paderborn,data/raw/paderborn/K003/N09_M07_F10_K003_6.mat,N09_M07_F10_K003_6.mat,.mat,8714904,matlab,True,N09_M07_F10,N09,M07,F10,K003,6,healthy,,bearing_code_prefix,N09_M07_F10_K003_6:1x1:struct,
canonical_raw_root,data/raw/paderborn,data/raw/paderborn/K003/N09_M07_F10_K003_7.mat,N09_M07_F10_K003_7.mat,.mat,8714904,matlab,True,N09_M07_F10,N09,M07,F10,K003,7,healthy,,bearing_code_prefix,N09_M07_F10_K003_7:1x1:struct,
canonical_raw_root,data/raw/paderborn,data/raw/paderborn/K003/N09_M07_F10_K003_8.mat,N09_M07_F10_K003_8.mat,.mat,8714872,matlab,True,N09_M07_F10,N09,M07,F10,K003,8,healthy,,bearing_code_prefix,N09_M07_F10_K003_8:1x1:struct,
canonical_raw_root,data/raw/paderborn,data/raw/paderborn/K003/N09_M07_F10_K003_9.mat,N09_M07_F10_K003_9.mat,.mat,8717912,matlab,True,N09_M07_F10,N09,M07,F10,K003,9,healthy,,bearing_code_prefix,N09_M07_F10_K003_9:1x1:struct,
canonical_raw_root,data/raw/paderborn,data/raw/paderborn/K003/N15_M01_F10_K003_1.mat,N15_M01_F10_K003_1.mat,.mat,8925848,matlab,True,N15_M01_F10,N15,M01,F10,K003,1,healthy,,bearing_code_prefix,N15_M01_F10_K003_1:1x1:struct,
canonical_raw_root,data/raw/paderborn,data/raw/paderborn/K003/N15_M01_F10_K003_10.mat,N15_M01_F10_K003_10.mat,.mat,8714904,matlab,True,N15_M01_F10,N15,M01,F10,K003,10,healthy,,bearing_code_prefix,N15_M01_F10_K003_10:1x1:struct,
canonical_raw_root,data/raw/paderborn,data/raw/paderborn/K003/N15_M01_F10_K003_11.mat,N15_M01_F10_K003_11.mat,.mat,8714936,matlab,True,N15_M01_F10,N15,M01,F10,K003,11,healthy,,bearing_code_prefix,N15_M01_F10_K003_11:1x1:struct,
canonical_raw_root,data/raw/paderborn,data/raw/paderborn/K003/N15_M01_F10_K003_12.mat,N15_M01_F10_K003_12.mat,.mat,8714904,matlab,True,N15_M01_F10,N15,M01,F10,K003,12,healthy,,bearing_code_prefix,N15_M01_F10_K003_12:1x1:struct,
canonical_raw_root,data/raw/paderborn,data/raw/paderborn/K003/N15_M01_F10_K003_13.mat,N15_M01_F10_K003_13.mat,.mat,8714904,matlab,True,N15_M01_F10,N15,M01,F10,K003,13,healthy,,bearing_code_prefix,N15_M01_F10_K003_13:1x1:struct,
canonical_raw_root,data/raw/paderborn,data/raw/paderborn/K003/N15_M01_F10_K003_14.mat,N15_M01_F10_K003_14.mat,.mat,8716856,matlab,True,N15_M01_F10,N15,M01,F10,K003,14,healthy,,bearing_code_prefix,N15_M01_F10_K003_14:1x1:struct,
canonical_raw_root,data/raw/paderborn,data/raw/paderborn/K003/N15_M01_F10_K003_15.mat,N15_M01_F10_K003_15.mat,.mat,8714904,matlab,True,N15_M01_F10,N15,M01,F10,K003,15,healthy,,bearing_code_prefix,N15_M01_F10_K003_15:1x1:struct,
canonical_raw_root,data/raw/paderborn,data/raw/paderborn/K003/N15_M01_F10_K003_16.mat,N15_M01_F10_K003_16.mat,.mat,8714904,matlab,True,N15_M01_F10,N15,M01,F10,K003,16,healthy,,bearing_code_prefix,N15_M01_F10_K003_16:1x1:struct,
canonical_raw_root,data/raw/paderborn,data/raw/paderborn/K003/N15_M01_F10_K003_17.mat,N15_M01_F10_K003_17.mat,.mat,8714904,matlab,True,N15_M01_F10,N15,M01,F10,K003,17,healthy,,bearing_code_prefix,N15_M01_F10_K003_17:1x1:struct,
canonical_raw_root,data/raw/paderborn,data/raw/paderborn/K003/N15_M01_F10_K003_18.mat,N15_M01_F10_K003_18.mat,.mat,8714904,matlab,True,N15_M01_F10,N15,M01,F10,K003,18,healthy,,bearing_code_prefix,N15_M01_F10_K003_18:1x1:struct,
canonical_raw_root,data/raw/paderborn,data/raw/paderborn/K003/N15_M01_F10_K003_19.mat,N15_M01_F10_K003_19.mat,.mat,8714904,matlab,True,N15_M01_F10,N15,M01,F10,K003,19,healthy,,bearing_code_prefix,N15_M01_F10_K003_19:1x1:struct,
canonical_raw_root,data/raw/paderborn,data/raw/paderborn/K003/N15_M01_F10_K003_2.mat,N15_M01_F10_K003_2.mat,.mat,8807608,matlab,True,N15_M01_F10,N15,M01,F10,K003,2,healthy,,bearing_code_prefix,N15_M01_F10_K003_2:1x1:struct,
canonical_raw_root,data/raw/paderborn,data/raw/paderborn/K003/N15_M01_F10_K003_20.mat,N15_M01_F10_K003_20.mat,.mat,8807480,matlab,True,N15_M01_F10,N15,M01,F10,K003,20,healthy,,bearing_code_prefix,N15_M01_F10_K003_20:1x1:struct,
canonical_raw_root,data/raw/paderborn,data/raw/paderborn/K003/N15_M01_F10_K003_3.mat,N15_M01_F10_K003_3.mat,.mat,8714904,matlab,True,N15_M01_F10,N15,M01,F10,K003,3,healthy,,bearing_code_prefix,N15_M01_F10_K003_3:1x1:struct,
canonical_raw_root,data/raw/paderborn,data/raw/paderborn/K003/N15_M01_F10_K003_4.mat,N15_M01_F10_K003_4.mat,.mat,8714904,matlab,True,N15_M01_F10,N15,M01,F10,K003,4,healthy,,bearing_code_prefix,N15_M01_F10_K003_4:1x1:struct,
canonical_raw_root,data/raw/paderborn,data/raw/paderborn/K003/N15_M01_F10_K003_5.mat,N15_M01_F10_K003_5.mat,.mat,8726072,matlab,True,N15_M01_F10,N15,M01,F10,K003,5,healthy,,bearing_code_prefix,N15_M01_F10_K003_5:1x1:struct,
canonical_raw_root,data/raw/paderborn,data/raw/paderborn/K003/N15_M01_F10_K003_6.mat,N15_M01_F10_K003_6.mat,.mat,8717624,matlab,True,N15_M01_F10,N15,M01,F10,K003,6,healthy,,bearing_code_prefix,N15_M01_F10_K003_6:1x1:struct,
canonical_raw_root,data/raw/paderborn,data/raw/paderborn/K003/N15_M01_F10_K003_7.mat,N15_M01_F10_K003_7.mat,.mat,8714904,matlab,True,N15_M01_F10,N15,M01,F10,K003,7,healthy,,bearing_code_prefix,N15_M01_F10_K003_7:1x1:struct,
canonical_raw_root,data/raw/paderborn,data/raw/paderborn/K003/N15_M01_F10_K003_8.mat,N15_M01_F10_K003_8.mat,.mat,8714968,matlab,True,N15_M01_F10,N15,M01,F10,K003,8,healthy,,bearing_code_prefix,N15_M01_F10_K003_8:1x1:struct,
canonical_raw_root,data/raw/paderborn,data/raw/paderborn/K003/N15_M01_F10_K003_9.mat,N15_M01_F10_K003_9.mat,.mat,8714904,matlab,True,N15_M01_F10,N15,M01,F10,K003,9,healthy,,bearing_code_prefix,N15_M01_F10_K003_9:1x1:struct,
canonical_raw_root,data/raw/paderborn,data/raw/paderborn/K003/N15_M07_F04_K003_1.mat,N15_M07_F04_K003_1.mat,.mat,8714904,matlab,True,N15_M07_F04,N15,M07,F04,K003,1,healthy,,bearing_code_prefix,N15_M07_F04_K003_1:1x1:struct,
canonical_raw_root,data/raw/paderborn,data/raw/paderborn/K003/N15_M07_F04_K003_10.mat,N15_M07_F04_K003_10.mat,.mat,8914648,matlab,True,N15_M07_F04,N15,M07,F04,K003,10,healthy,,bearing_code_prefix,N15_M07_F04_K003_10:1x1:struct,
canonical_raw_root,data/raw/paderborn,data/raw/paderborn/K003/N15_M07_F04_K003_11.mat,N15_M07_F04_K003_11.mat,.mat,8717848,matlab,True,N15_M07_F04,N15,M07,F04,K003,11,healthy,,bearing_code_prefix,N15_M07_F04_K003_11:1x1:struct,
canonical_raw_root,data/raw/paderborn,data/raw/paderborn/K003/N15_M07_F04_K003_12.mat,N15_M07_F04_K003_12.mat,.mat,8714904,matlab,True,N15_M07_F04,N15,M07,F04,K003,12,healthy,,bearing_code_prefix,N15_M07_F04_K003_12:1x1:struct,
canonical_raw_root,data/raw/paderborn,data/raw/paderborn/K003/N15_M07_F04_K003_13.mat,N15_M07_F04_K003_13.mat,.mat,8714904,matlab,True,N15_M07_F04,N15,M07,F04,K003,13,healthy,,bearing_code_prefix,N15_M07_F04_K003_13:1x1:struct,
canonical_raw_root,data/raw/paderborn,data/raw/paderborn/K003/N15_M07_F04_K003_14.mat,N15_M07_F04_K003_14.mat,.mat,8714904,matlab,True,N15_M07_F04,N15,M07,F04,K003,14,healthy,,bearing_code_prefix,N15_M07_F04_K003_14:1x1:struct,
canonical_raw_root,data/raw/paderborn,data/raw/paderborn/K003/N15_M07_F04_K003_15.mat,N15_M07_F04_K003_15.mat,.mat,8714872,matlab,True,N15_M07_F04,N15,M07,F04,K003,15,healthy,,bearing_code_prefix,N15_M07_F04_K003_15:1x1:struct,
canonical_raw_root,data/raw/paderborn,data/raw/paderborn/K003/N15_M07_F04_K003_16.mat,N15_M07_F04_K003_16.mat,.mat,8736672,matlab,True,N15_M07_F04,N15,M07,F04,K003,16,healthy,,bearing_code_prefix,N15_M07_F04_K003_16:1x1:struct,
canonical_raw_root,data/raw/paderborn,data/raw/paderborn/K003/N15_M07_F04_K003_17.mat,N15_M07_F04_K003_17.mat,.mat,8714904,matlab,True,N15_M07_F04,N15,M07,F04,K003,17,healthy,,bearing_code_prefix,N15_M07_F04_K003_17:1x1:struct,
canonical_raw_root,data/raw/paderborn,data/raw/paderborn/K003/N15_M07_F04_K003_18.mat,N15_M07_F04_K003_18.mat,.mat,8779640,matlab,True,N15_M07_F04,N15,M07,F04,K003,18,healthy,,bearing_code_prefix,N15_M07_F04_K003_18:1x1:struct,
canonical_raw_root,data/raw/paderborn,data/raw/paderborn/K003/N15_M07_F04_K003_19.mat,N15_M07_F04_K003_19.mat,.mat,8714904,matlab,True,N15_M07_F04,N15,M07,F04,K003,19,healthy,,bearing_code_prefix,N15_M07_F04_K003_19:1x1:struct,
canonical_raw_root,data/raw/paderborn,data/raw/paderborn/K003/N15_M07_F04_K003_2.mat,N15_M07_F04_K003_2.mat,.mat,8844568,matlab,True,N15_M07_F04,N15,M07,F04,K003,2,healthy,,bearing_code_prefix,N15_M07_F04_K003_2:1x1:struct,
canonical_raw_root,data/raw/paderborn,data/raw/paderborn/K003/N15_M07_F04_K003_20.mat,N15_M07_F04_K003_20.mat,.mat,8714904,matlab,True,N15_M07_F04,N15,M07,F04,K003,20,healthy,,bearing_code_prefix,N15_M07_F04_K003_20:1x1:struct,
canonical_raw_root,data/raw/paderborn,data/raw/paderborn/K003/N15_M07_F04_K003_3.mat,N15_M07_F04_K003_3.mat,.mat,8714904,matlab,True,N15_M07_F04,N15,M07,F04,K003,3,healthy,,bearing_code_prefix,N15_M07_F04_K003_3:1x1:struct,
canonical_raw_root,data/raw/paderborn,data/raw/paderborn/K003/N15_M07_F04_K003_4.mat,N15_M07_F04_K003_4.mat,.mat,8923256,matlab,True,N15_M07_F04,N15,M07,F04,K003,4,healthy,,bearing_code_prefix,N15_M07_F04_K003_4:1x1:struct,
canonical_raw_root,data/raw/paderborn,data/raw/paderborn/K003/N15_M07_F04_K003_5.mat,N15_M07_F04_K003_5.mat,.mat,8714904,matlab,True,N15_M07_F04,N15,M07,F04,K003,5,healthy,,bearing_code_prefix,N15_M07_F04_K003_5:1x1:struct,
canonical_raw_root,data/raw/paderborn,data/raw/paderborn/K003/N15_M07_F04_K003_6.mat,N15_M07_F04_K003_6.mat,.mat,8836216,matlab,True,N15_M07_F04,N15,M07,F04,K003,6,healthy,,bearing_code_prefix,N15_M07_F04_K003_6:1x1:struct,
canonical_raw_root,data/raw/paderborn,data/raw/paderborn/K003/N15_M07_F04_K003_7.mat,N15_M07_F04_K003_7.mat,.mat,8714904,matlab,True,N15_M07_F04,N15,M07,F04,K003,7,healthy,,bearing_code_prefix,N15_M07_F04_K003_7:1x1:struct,
canonical_raw_root,data/raw/paderborn,data/raw/paderborn/K003/N15_M07_F04_K003_8.mat,N15_M07_F04_K003_8.mat,.mat,8714904,matlab,True,N15_M07_F04,N15,M07,F04,K003,8,healthy,,bearing_code_prefix,N15_M07_F04_K003_8:1x1:struct,
canonical_raw_root,data/raw/paderborn,data/raw/paderborn/K003/N15_M07_F04_K003_9.mat,N15_M07_F04_K003_9.mat,.mat,8714904,matlab,True,N15_M07_F04,N15,M07,F04,K003,9,healthy,,bearing_code_prefix,N15_M07_F04_K003_9:1x1:struct,
canonical_raw_root,data/raw/paderborn,data/raw/paderborn/K003/N15_M07_F10_K003_1.mat,N15_M07_F10_K003_1.mat,.mat,8714872,matlab,True,N15_M07_F10,N15,M07,F10,K003,1,healthy,,bearing_code_prefix,N15_M07_F10_K003_1:1x1:struct,
canonical_raw_root,data/raw/paderborn,data/raw/paderborn/K003/N15_M07_F10_K003_10.mat,N15_M07_F10_K003_10.mat,.mat,8714904,matlab,True,N15_M07_F10,N15,M07,F10,K003,10,healthy,,bearing_code_prefix,N15_M07_F10_K003_10:1x1:struct,
canonical_raw_root,data/raw/paderborn,data/raw/paderborn/K003/N15_M07_F10_K003_11.mat,N15_M07_F10_K003_11.mat,.mat,8745688,matlab,True,N15_M07_F10,N15,M07,F10,K003,11,healthy,,bearing_code_prefix,N15_M07_F10_K003_11:1x1:struct,
canonical_raw_root,data/raw/paderborn,data/raw/paderborn/K003/N15_M07_F10_K003_12.mat,N15_M07_F10_K003_12.mat,.mat,8720504,matlab,True,N15_M07_F10,N15,M07,F10,K003,12,healthy,,bearing_code_prefix,N15_M07_F10_K003_12:1x1:struct,
canonical_raw_root,data/raw/paderborn,data/raw/paderborn/K003/N15_M07_F10_K003_13.mat,N15_M07_F10_K003_13.mat,.mat,8716888,matlab,True,N15_M07_F10,N15,M07,F10,K003,13,healthy,,bearing_code_prefix,N15_M07_F10_K003_13:1x1:struct,
canonical_raw_root,data/raw/paderborn,data/raw/paderborn/K003/N15_M07_F10_K003_14.mat,N15_M07_F10_K003_14.mat,.mat,8854008,matlab,True,N15_M07_F10,N15,M07,F10,K003,14,healthy,,bearing_code_prefix,N15_M07_F10_K003_14:1x1:struct,
canonical_raw_root,data/raw/paderborn,data/raw/paderborn/K003/N15_M07_F10_K003_15.mat,N15_M07_F10_K003_15.mat,.mat,8802392,matlab,True,N15_M07_F10,N15,M07,F10,K003,15,healthy,,bearing_code_prefix,N15_M07_F10_K003_15:1x1:struct,
canonical_raw_root,data/raw/paderborn,data/raw/paderborn/K003/N15_M07_F10_K003_16.mat,N15_M07_F10_K003_16.mat,.mat,8718616,matlab,True,N15_M07_F10,N15,M07,F10,K003,16,healthy,,bearing_code_prefix,N15_M07_F10_K003_16:1x1:struct,
canonical_raw_root,data/raw/paderborn,data/raw/paderborn/K003/N15_M07_F10_K003_17.mat,N15_M07_F10_K003_17.mat,.mat,8892056,matlab,True,N15_M07_F10,N15,M07,F10,K003,17,healthy,,bearing_code_prefix,N15_M07_F10_K003_17:1x1:struct,
canonical_raw_root,data/raw/paderborn,data/raw/paderborn/K003/N15_M07_F10_K003_18.mat,N15_M07_F10_K003_18.mat,.mat,8718488,matlab,True,N15_M07_F10,N15,M07,F10,K003,18,healthy,,bearing_code_prefix,N15_M07_F10_K003_18:1x1:struct,
canonical_raw_root,data/raw/paderborn,data/raw/paderborn/K003/N15_M07_F10_K003_19.mat,N15_M07_F10_K003_19.mat,.mat,8714904,matlab,True,N15_M07_F10,N15,M07,F10,K003,19,healthy,,bearing_code_prefix,N15_M07_F10_K003_19:1x1:struct,
canonical_raw_root,data/raw/paderborn,data/raw/paderborn/K003/N15_M07_F10_K003_2.mat,N15_M07_F10_K003_2.mat,.mat,8714904,matlab,True,N15_M07_F10,N15,M07,F10,K003,2,healthy,,bearing_code_prefix,N15_M07_F10_K003_2:1x1:struct,
canonical_raw_root,data/raw/paderborn,data/raw/paderborn/K003/N15_M07_F10_K003_20.mat,N15_M07_F10_K003_20.mat,.mat,8746136,matlab,True,N15_M07_F10,N15,M07,F10,K003,20,healthy,,bearing_code_prefix,N15_M07_F10_K003_20:1x1:struct,
canonical_raw_root,data/raw/paderborn,data/raw/paderborn/K003/N15_M07_F10_K003_3.mat,N15_M07_F10_K003_3.mat,.mat,8714904,matlab,True,N15_M07_F10,N15,M07,F10,K003,3,healthy,,bearing_code_prefix,N15_M07_F10_K003_3:1x1:struct,
canonical_raw_root,data/raw/paderborn,data/raw/paderborn/K003/N15_M07_F10_K003_4.mat,N15_M07_F10_K003_4.mat,.mat,8718080,matlab,True,N15_M07_F10,N15,M07,F10,K003,4,healthy,,bearing_code_prefix,N15_M07_F10_K003_4:1x1:struct,
canonical_raw_root,data/raw/paderborn,data/raw/paderborn/K003/N15_M07_F10_K003_5.mat,N15_M07_F10_K003_5.mat,.mat,8718584,matlab,True,N15_M07_F10,N15,M07,F10,K003,5,healthy,,bearing_code_prefix,N15_M07_F10_K003_5:1x1:struct,
canonical_raw_root,data/raw/paderborn,data/raw/paderborn/K003/N15_M07_F10_K003_6.mat,N15_M07_F10_K003_6.mat,.mat,8714872,matlab,True,N15_M07_F10,N15,M07,F10,K003,6,healthy,,bearing_code_prefix,N15_M07_F10_K003_6:1x1:struct,
canonical_raw_root,data/raw/paderborn,data/raw/paderborn/K003/N15_M07_F10_K003_7.mat,N15_M07_F10_K003_7.mat,.mat,8714904,matlab,True,N15_M07_F10,N15,M07,F10,K003,7,healthy,,bearing_code_prefix,N15_M07_F10_K003_7:1x1:struct,
canonical_raw_root,data/raw/paderborn,data/raw/paderborn/K003/N15_M07_F10_K003_8.mat,N15_M07_F10_K003_8.mat,.mat,8714872,matlab,True,N15_M07_F10,N15,M07,F10,K003,8,healthy,,bearing_code_prefix,N15_M07_F10_K003_8:1x1:struct,
canonical_raw_root,data/raw/paderborn,data/raw/paderborn/K003/N15_M07_F10_K003_9.mat,N15_M07_F10_K003_9.mat,.mat,8714936,matlab,True,N15_M07_F10,N15,M07,F10,K003,9,healthy,,bearing_code_prefix,N15_M07_F10_K003_9:1x1:struct,
canonical_raw_root,data/raw/paderborn,data/raw/paderborn/K004/K004.pdf,K004.pdf,.pdf,40786,pdf,False,,,,,K004,,healthy,,bearing_code_prefix,,No metadata inspector is implemented for this extension
canonical_raw_root,data/raw/paderborn,data/raw/paderborn/K004/measuring_log_K004.pdf,measuring_log_K004.pdf,.pdf,139113,pdf,False,,,,,K004,,healthy,,bearing_code_prefix,,No metadata inspector is implemented for this extension
canonical_raw_root,data/raw/paderborn,data/raw/paderborn/K004/N09_M07_F10_K004_1.mat,N09_M07_F10_K004_1.mat,.mat,8714936,matlab,True,N09_M07_F10,N09,M07,F10,K004,1,healthy,,bearing_code_prefix,N09_M07_F10_K004_1:1x1:struct,
canonical_raw_root,data/raw/paderborn,data/raw/paderborn/K004/N09_M07_F10_K004_10.mat,N09_M07_F10_K004_10.mat,.mat,8714904,matlab,True,N09_M07_F10,N09,M07,F10,K004,10,healthy,,bearing_code_prefix,N09_M07_F10_K004_10:1x1:struct,
canonical_raw_root,data/raw/paderborn,data/raw/paderborn/K004/N09_M07_F10_K004_11.mat,N09_M07_F10_K004_11.mat,.mat,8714904,matlab,True,N09_M07_F10,N09,M07,F10,K004,11,healthy,,bearing_code_prefix,N09_M07_F10_K004_11:1x1:struct,
canonical_raw_root,data/raw/paderborn,data/raw/paderborn/K004/N09_M07_F10_K004_12.mat,N09_M07_F10_K004_12.mat,.mat,8714872,matlab,True,N09_M07_F10,N09,M07,F10,K004,12,healthy,,bearing_code_prefix,N09_M07_F10_K004_12:1x1:struct,
canonical_raw_root,data/raw/paderborn,data/raw/paderborn/K004/N09_M07_F10_K004_13.mat,N09_M07_F10_K004_13.mat,.mat,8714904,matlab,True,N09_M07_F10,N09,M07,F10,K004,13,healthy,,bearing_code_prefix,N09_M07_F10_K004_13:1x1:struct,
canonical_raw_root,data/raw/paderborn,data/raw/paderborn/K004/N09_M07_F10_K004_14.mat,N09_M07_F10_K004_14.mat,.mat,8768792,matlab,True,N09_M07_F10,N09,M07,F10,K004,14,healthy,,bearing_code_prefix,N09_M07_F10_K004_14:1x1:struct,
canonical_raw_root,data/raw/paderborn,data/raw/paderborn/K004/N09_M07_F10_K004_15.mat,N09_M07_F10_K004_15.mat,.mat,8714904,matlab,True,N09_M07_F10,N09,M07,F10,K004,15,healthy,,bearing_code_prefix,N09_M07_F10_K004_15:1x1:struct,
canonical_raw_root,data/raw/paderborn,data/raw/paderborn/K004/N09_M07_F10_K004_16.mat,N09_M07_F10_K004_16.mat,.mat,8714904,matlab,True,N09_M07_F10,N09,M07,F10,K004,16,healthy,,bearing_code_prefix,N09_M07_F10_K004_16:1x1:struct,
canonical_raw_root,data/raw/paderborn,data/raw/paderborn/K004/N09_M07_F10_K004_17.mat,N09_M07_F10_K004_17.mat,.mat,8714904,matlab,True,N09_M07_F10,N09,M07,F10,K004,17,healthy,,bearing_code_prefix,N09_M07_F10_K004_17:1x1:struct,
canonical_raw_root,data/raw/paderborn,data/raw/paderborn/K004/N09_M07_F10_K004_18.mat,N09_M07_F10_K004_18.mat,.mat,8714904,matlab,True,N09_M07_F10,N09,M07,F10,K004,18,healthy,,bearing_code_prefix,N09_M07_F10_K004_18:1x1:struct,
canonical_raw_root,data/raw/paderborn,data/raw/paderborn/K004/N09_M07_F10_K004_19.mat,N09_M07_F10_K004_19.mat,.mat,8714872,matlab,True,N09_M07_F10,N09,M07,F10,K004,19,healthy,,bearing_code_prefix,N09_M07_F10_K004_19:1x1:struct,
canonical_raw_root,data/raw/paderborn,data/raw/paderborn/K004/N09_M07_F10_K004_2.mat,N09_M07_F10_K004_2.mat,.mat,8842744,matlab,True,N09_M07_F10,N09,M07,F10,K004,2,healthy,,bearing_code_prefix,N09_M07_F10_K004_2:1x1:struct,
canonical_raw_root,data/raw/paderborn,data/raw/paderborn/K004/N09_M07_F10_K004_20.mat,N09_M07_F10_K004_20.mat,.mat,8871992,matlab,True,N09_M07_F10,N09,M07,F10,K004,20,healthy,,bearing_code_prefix,N09_M07_F10_K004_20:1x1:struct,
canonical_raw_root,data/raw/paderborn,data/raw/paderborn/K004/N09_M07_F10_K004_3.mat,N09_M07_F10_K004_3.mat,.mat,8714904,matlab,True,N09_M07_F10,N09,M07,F10,K004,3,healthy,,bearing_code_prefix,N09_M07_F10_K004_3:1x1:struct,
canonical_raw_root,data/raw/paderborn,data/raw/paderborn/K004/N09_M07_F10_K004_4.mat,N09_M07_F10_K004_4.mat,.mat,8714904,matlab,True,N09_M07_F10,N09,M07,F10,K004,4,healthy,,bearing_code_prefix,N09_M07_F10_K004_4:1x1:struct,
canonical_raw_root,data/raw/paderborn,data/raw/paderborn/K004/N09_M07_F10_K004_5.mat,N09_M07_F10_K004_5.mat,.mat,8714904,matlab,True,N09_M07_F10,N09,M07,F10,K004,5,healthy,,bearing_code_prefix,N09_M07_F10_K004_5:1x1:struct,
canonical_raw_root,data/raw/paderborn,data/raw/paderborn/K004/N09_M07_F10_K004_6.mat,N09_M07_F10_K004_6.mat,.mat,8714904,matlab,True,N09_M07_F10,N09,M07,F10,K004,6,healthy,,bearing_code_prefix,N09_M07_F10_K004_6:1x1:struct,
canonical_raw_root,data/raw/paderborn,data/raw/paderborn/K004/N09_M07_F10_K004_7.mat,N09_M07_F10_K004_7.mat,.mat,8719552,matlab,True,N09_M07_F10,N09,M07,F10,K004,7,healthy,,bearing_code_prefix,N09_M07_F10_K004_7:1x1:struct,
canonical_raw_root,data/raw/paderborn,data/raw/paderborn/K004/N09_M07_F10_K004_8.mat,N09_M07_F10_K004_8.mat,.mat,8727640,matlab,True,N09_M07_F10,N09,M07,F10,K004,8,healthy,,bearing_code_prefix,N09_M07_F10_K004_8:1x1:struct,
canonical_raw_root,data/raw/paderborn,data/raw/paderborn/K004/N09_M07_F10_K004_9.mat,N09_M07_F10_K004_9.mat,.mat,8714904,matlab,True,N09_M07_F10,N09,M07,F10,K004,9,healthy,,bearing_code_prefix,N09_M07_F10_K004_9:1x1:struct,
canonical_raw_root,data/raw/paderborn,data/raw/paderborn/K004/N15_M01_F10_K004_1.mat,N15_M01_F10_K004_1.mat,.mat,8714904,matlab,True,N15_M01_F10,N15,M01,F10,K004,1,healthy,,bearing_code_prefix,N15_M01_F10_K004_1:1x1:struct,
canonical_raw_root,data/raw/paderborn,data/raw/paderborn/K004/N15_M01_F10_K004_10.mat,N15_M01_F10_K004_10.mat,.mat,8714904,matlab,True,N15_M01_F10,N15,M01,F10,K004,10,healthy,,bearing_code_prefix,N15_M01_F10_K004_10:1x1:struct,
canonical_raw_root,data/raw/paderborn,data/raw/paderborn/K004/N15_M01_F10_K004_11.mat,N15_M01_F10_K004_11.mat,.mat,8714904,matlab,True,N15_M01_F10,N15,M01,F10,K004,11,healthy,,bearing_code_prefix,N15_M01_F10_K004_11:1x1:struct,
canonical_raw_root,data/raw/paderborn,data/raw/paderborn/K004/N15_M01_F10_K004_12.mat,N15_M01_F10_K004_12.mat,.mat,8714904,matlab,True,N15_M01_F10,N15,M01,F10,K004,12,healthy,,bearing_code_prefix,N15_M01_F10_K004_12:1x1:struct,
canonical_raw_root,data/raw/paderborn,data/raw/paderborn/K004/N15_M01_F10_K004_13.mat,N15_M01_F10_K004_13.mat,.mat,8714904,matlab,True,N15_M01_F10,N15,M01,F10,K004,13,healthy,,bearing_code_prefix,N15_M01_F10_K004_13:1x1:struct,
canonical_raw_root,data/raw/paderborn,data/raw/paderborn/K004/N15_M01_F10_K004_14.mat,N15_M01_F10_K004_14.mat,.mat,8861624,matlab,True,N15_M01_F10,N15,M01,F10,K004,14,healthy,,bearing_code_prefix,N15_M01_F10_K004_14:1x1:struct,
canonical_raw_root,data/raw/paderborn,data/raw/paderborn/K004/N15_M01_F10_K004_15.mat,N15_M01_F10_K004_15.mat,.mat,8724760,matlab,True,N15_M01_F10,N15,M01,F10,K004,15,healthy,,bearing_code_prefix,N15_M01_F10_K004_15:1x1:struct,
canonical_raw_root,data/raw/paderborn,data/raw/paderborn/K004/N15_M01_F10_K004_16.mat,N15_M01_F10_K004_16.mat,.mat,8714904,matlab,True,N15_M01_F10,N15,M01,F10,K004,16,healthy,,bearing_code_prefix,N15_M01_F10_K004_16:1x1:struct,
canonical_raw_root,data/raw/paderborn,data/raw/paderborn/K004/N15_M01_F10_K004_17.mat,N15_M01_F10_K004_17.mat,.mat,8779928,matlab,True,N15_M01_F10,N15,M01,F10,K004,17,healthy,,bearing_code_prefix,N15_M01_F10_K004_17:1x1:struct,
canonical_raw_root,data/raw/paderborn,data/raw/paderborn/K004/N15_M01_F10_K004_18.mat,N15_M01_F10_K004_18.mat,.mat,8714904,matlab,True,N15_M01_F10,N15,M01,F10,K004,18,healthy,,bearing_code_prefix,N15_M01_F10_K004_18:1x1:struct,
canonical_raw_root,data/raw/paderborn,data/raw/paderborn/K004/N15_M01_F10_K004_19.mat,N15_M01_F10_K004_19.mat,.mat,8714904,matlab,True,N15_M01_F10,N15,M01,F10,K004,19,healthy,,bearing_code_prefix,N15_M01_F10_K004_19:1x1:struct,
canonical_raw_root,data/raw/paderborn,data/raw/paderborn/K004/N15_M01_F10_K004_2.mat,N15_M01_F10_K004_2.mat,.mat,8714904,matlab,True,N15_M01_F10,N15,M01,F10,K004,2,healthy,,bearing_code_prefix,N15_M01_F10_K004_2:1x1:struct,
canonical_raw_root,data/raw/paderborn,data/raw/paderborn/K004/N15_M01_F10_K004_20.mat,N15_M01_F10_K004_20.mat,.mat,8768568,matlab,True,N15_M01_F10,N15,M01,F10,K004,20,healthy,,bearing_code_prefix,N15_M01_F10_K004_20:1x1:struct,
canonical_raw_root,data/raw/paderborn,data/raw/paderborn/K004/N15_M01_F10_K004_3.mat,N15_M01_F10_K004_3.mat,.mat,8714904,matlab,True,N15_M01_F10,N15,M01,F10,K004,3,healthy,,bearing_code_prefix,N15_M01_F10_K004_3:1x1:struct,
canonical_raw_root,data/raw/paderborn,data/raw/paderborn/K004/N15_M01_F10_K004_4.mat,N15_M01_F10_K004_4.mat,.mat,8714936,matlab,True,N15_M01_F10,N15,M01,F10,K004,4,healthy,,bearing_code_prefix,N15_M01_F10_K004_4:1x1:struct,
canonical_raw_root,data/raw/paderborn,data/raw/paderborn/K004/N15_M01_F10_K004_5.mat,N15_M01_F10_K004_5.mat,.mat,8714904,matlab,True,N15_M01_F10,N15,M01,F10,K004,5,healthy,,bearing_code_prefix,N15_M01_F10_K004_5:1x1:struct,
canonical_raw_root,data/raw/paderborn,data/raw/paderborn/K004/N15_M01_F10_K004_6.mat,N15_M01_F10_K004_6.mat,.mat,8714904,matlab,True,N15_M01_F10,N15,M01,F10,K004,6,healthy,,bearing_code_prefix,N15_M01_F10_K004_6:1x1:struct,
canonical_raw_root,data/raw/paderborn,data/raw/paderborn/K004/N15_M01_F10_K004_7.mat,N15_M01_F10_K004_7.mat,.mat,8714904,matlab,True,N15_M01_F10,N15,M01,F10,K004,7,healthy,,bearing_code_prefix,N15_M01_F10_K004_7:1x1:struct,
canonical_raw_root,data/raw/paderborn,data/raw/paderborn/K004/N15_M01_F10_K004_8.mat,N15_M01_F10_K004_8.mat,.mat,8714904,matlab,True,N15_M01_F10,N15,M01,F10,K004,8,healthy,,bearing_code_prefix,N15_M01_F10_K004_8:1x1:struct,
canonical_raw_root,data/raw/paderborn,data/raw/paderborn/K004/N15_M01_F10_K004_9.mat,N15_M01_F10_K004_9.mat,.mat,8714904,matlab,True,N15_M01_F10,N15,M01,F10,K004,9,healthy,,bearing_code_prefix,N15_M01_F10_K004_9:1x1:struct,
canonical_raw_root,data/raw/paderborn,data/raw/paderborn/K004/N15_M07_F04_K004_1.mat,N15_M07_F04_K004_1.mat,.mat,8714904,matlab,True,N15_M07_F04,N15,M07,F04,K004,1,healthy,,bearing_code_prefix,N15_M07_F04_K004_1:1x1:struct,
canonical_raw_root,data/raw/paderborn,data/raw/paderborn/K004/N15_M07_F04_K004_10.mat,N15_M07_F04_K004_10.mat,.mat,8780280,matlab,True,N15_M07_F04,N15,M07,F04,K004,10,healthy,,bearing_code_prefix,N15_M07_F04_K004_10:1x1:struct,
canonical_raw_root,data/raw/paderborn,data/raw/paderborn/K004/N15_M07_F04_K004_11.mat,N15_M07_F04_K004_11.mat,.mat,8714904,matlab,True,N15_M07_F04,N15,M07,F04,K004,11,healthy,,bearing_code_prefix,N15_M07_F04_K004_11:1x1:struct,
canonical_raw_root,data/raw/paderborn,data/raw/paderborn/K004/N15_M07_F04_K004_12.mat,N15_M07_F04_K004_12.mat,.mat,8724352,matlab,True,N15_M07_F04,N15,M07,F04,K004,12,healthy,,bearing_code_prefix,N15_M07_F04_K004_12:1x1:struct,
canonical_raw_root,data/raw/paderborn,data/raw/paderborn/K004/N15_M07_F04_K004_13.mat,N15_M07_F04_K004_13.mat,.mat,8714872,matlab,True,N15_M07_F04,N15,M07,F04,K004,13,healthy,,bearing_code_prefix,N15_M07_F04_K004_13:1x1:struct,
canonical_raw_root,data/raw/paderborn,data/raw/paderborn/K004/N15_M07_F04_K004_14.mat,N15_M07_F04_K004_14.mat,.mat,8714904,matlab,True,N15_M07_F04,N15,M07,F04,K004,14,healthy,,bearing_code_prefix,N15_M07_F04_K004_14:1x1:struct,
canonical_raw_root,data/raw/paderborn,data/raw/paderborn/K004/N15_M07_F04_K004_15.mat,N15_M07_F04_K004_15.mat,.mat,8776824,matlab,True,N15_M07_F04,N15,M07,F04,K004,15,healthy,,bearing_code_prefix,N15_M07_F04_K004_15:1x1:struct,
canonical_raw_root,data/raw/paderborn,data/raw/paderborn/K004/N15_M07_F04_K004_16.mat,N15_M07_F04_K004_16.mat,.mat,8714904,matlab,True,N15_M07_F04,N15,M07,F04,K004,16,healthy,,bearing_code_prefix,N15_M07_F04_K004_16:1x1:struct,
canonical_raw_root,data/raw/paderborn,data/raw/paderborn/K004/N15_M07_F04_K004_17.mat,N15_M07_F04_K004_17.mat,.mat,8714904,matlab,True,N15_M07_F04,N15,M07,F04,K004,17,healthy,,bearing_code_prefix,N15_M07_F04_K004_17:1x1:struct,
canonical_raw_root,data/raw/paderborn,data/raw/paderborn/K004/N15_M07_F04_K004_18.mat,N15_M07_F04_K004_18.mat,.mat,8714904,matlab,True,N15_M07_F04,N15,M07,F04,K004,18,healthy,,bearing_code_prefix,N15_M07_F04_K004_18:1x1:struct,
canonical_raw_root,data/raw/paderborn,data/raw/paderborn/K004/N15_M07_F04_K004_19.mat,N15_M07_F04_K004_19.mat,.mat,8714904,matlab,True,N15_M07_F04,N15,M07,F04,K004,19,healthy,,bearing_code_prefix,N15_M07_F04_K004_19:1x1:struct,
canonical_raw_root,data/raw/paderborn,data/raw/paderborn/K004/N15_M07_F04_K004_2.mat,N15_M07_F04_K004_2.mat,.mat,8714904,matlab,True,N15_M07_F04,N15,M07,F04,K004,2,healthy,,bearing_code_prefix,N15_M07_F04_K004_2:1x1:struct,
canonical_raw_root,data/raw/paderborn,data/raw/paderborn/K004/N15_M07_F04_K004_20.mat,N15_M07_F04_K004_20.mat,.mat,8714904,matlab,True,N15_M07_F04,N15,M07,F04,K004,20,healthy,,bearing_code_prefix,N15_M07_F04_K004_20:1x1:struct,
canonical_raw_root,data/raw/paderborn,data/raw/paderborn/K004/N15_M07_F04_K004_3.mat,N15_M07_F04_K004_3.mat,.mat,8714904,matlab,True,N15_M07_F04,N15,M07,F04,K004,3,healthy,,bearing_code_prefix,N15_M07_F04_K004_3:1x1:struct,
canonical_raw_root,data/raw/paderborn,data/raw/paderborn/K004/N15_M07_F04_K004_4.mat,N15_M07_F04_K004_4.mat,.mat,8714904,matlab,True,N15_M07_F04,N15,M07,F04,K004,4,healthy,,bearing_code_prefix,N15_M07_F04_K004_4:1x1:struct,
canonical_raw_root,data/raw/paderborn,data/raw/paderborn/K004/N15_M07_F04_K004_5.mat,N15_M07_F04_K004_5.mat,.mat,8714872,matlab,True,N15_M07_F04,N15,M07,F04,K004,5,healthy,,bearing_code_prefix,N15_M07_F04_K004_5:1x1:struct,
canonical_raw_root,data/raw/paderborn,data/raw/paderborn/K004/N15_M07_F04_K004_6.mat,N15_M07_F04_K004_6.mat,.mat,8714904,matlab,True,N15_M07_F04,N15,M07,F04,K004,6,healthy,,bearing_code_prefix,N15_M07_F04_K004_6:1x1:struct,
canonical_raw_root,data/raw/paderborn,data/raw/paderborn/K004/N15_M07_F04_K004_7.mat,N15_M07_F04_K004_7.mat,.mat,8714904,matlab,True,N15_M07_F04,N15,M07,F04,K004,7,healthy,,bearing_code_prefix,N15_M07_F04_K004_7:1x1:struct,
canonical_raw_root,data/raw/paderborn,data/raw/paderborn/K004/N15_M07_F04_K004_8.mat,N15_M07_F04_K004_8.mat,.mat,8767000,matlab,True,N15_M07_F04,N15,M07,F04,K004,8,healthy,,bearing_code_prefix,N15_M07_F04_K004_8:1x1:struct,
canonical_raw_root,data/raw/paderborn,data/raw/paderborn/K004/N15_M07_F04_K004_9.mat,N15_M07_F04_K004_9.mat,.mat,8714904,matlab,True,N15_M07_F04,N15,M07,F04,K004,9,healthy,,bearing_code_prefix,N15_M07_F04_K004_9:1x1:struct,
canonical_raw_root,data/raw/paderborn,data/raw/paderborn/K004/N15_M07_F10_K004_1.mat,N15_M07_F10_K004_1.mat,.mat,8714904,matlab,True,N15_M07_F10,N15,M07,F10,K004,1,healthy,,bearing_code_prefix,N15_M07_F10_K004_1:1x1:struct,
canonical_raw_root,data/raw/paderborn,data/raw/paderborn/K004/N15_M07_F10_K004_10.mat,N15_M07_F10_K004_10.mat,.mat,8714904,matlab,True,N15_M07_F10,N15,M07,F10,K004,10,healthy,,bearing_code_prefix,N15_M07_F10_K004_10:1x1:struct,
canonical_raw_root,data/raw/paderborn,data/raw/paderborn/K004/N15_M07_F10_K004_11.mat,N15_M07_F10_K004_11.mat,.mat,8714904,matlab,True,N15_M07_F10,N15,M07,F10,K004,11,healthy,,bearing_code_prefix,N15_M07_F10_K004_11:1x1:struct,
canonical_raw_root,data/raw/paderborn,data/raw/paderborn/K004/N15_M07_F10_K004_12.mat,N15_M07_F10_K004_12.mat,.mat,8714936,matlab,True,N15_M07_F10,N15,M07,F10,K004,12,healthy,,bearing_code_prefix,N15_M07_F10_K004_12:1x1:struct,
canonical_raw_root,data/raw/paderborn,data/raw/paderborn/K004/N15_M07_F10_K004_13.mat,N15_M07_F10_K004_13.mat,.mat,8714872,matlab,True,N15_M07_F10,N15,M07,F10,K004,13,healthy,,bearing_code_prefix,N15_M07_F10_K004_13:1x1:struct,
canonical_raw_root,data/raw/paderborn,data/raw/paderborn/K004/N15_M07_F10_K004_14.mat,N15_M07_F10_K004_14.mat,.mat,8714904,matlab,True,N15_M07_F10,N15,M07,F10,K004,14,healthy,,bearing_code_prefix,N15_M07_F10_K004_14:1x1:struct,
canonical_raw_root,data/raw/paderborn,data/raw/paderborn/K004/N15_M07_F10_K004_15.mat,N15_M07_F10_K004_15.mat,.mat,8714904,matlab,True,N15_M07_F10,N15,M07,F10,K004,15,healthy,,bearing_code_prefix,N15_M07_F10_K004_15:1x1:struct,
canonical_raw_root,data/raw/paderborn,data/raw/paderborn/K004/N15_M07_F10_K004_16.mat,N15_M07_F10_K004_16.mat,.mat,8714904,matlab,True,N15_M07_F10,N15,M07,F10,K004,16,healthy,,bearing_code_prefix,N15_M07_F10_K004_16:1x1:struct,
canonical_raw_root,data/raw/paderborn,data/raw/paderborn/K004/N15_M07_F10_K004_17.mat,N15_M07_F10_K004_17.mat,.mat,8714872,matlab,True,N15_M07_F10,N15,M07,F10,K004,17,healthy,,bearing_code_prefix,N15_M07_F10_K004_17:1x1:struct,
canonical_raw_root,data/raw/paderborn,data/raw/paderborn/K004/N15_M07_F10_K004_18.mat,N15_M07_F10_K004_18.mat,.mat,8714904,matlab,True,N15_M07_F10,N15,M07,F10,K004,18,healthy,,bearing_code_prefix,N15_M07_F10_K004_18:1x1:struct,
canonical_raw_root,data/raw/paderborn,data/raw/paderborn/K004/N15_M07_F10_K004_19.mat,N15_M07_F10_K004_19.mat,.mat,8714904,matlab,True,N15_M07_F10,N15,M07,F10,K004,19,healthy,,bearing_code_prefix,N15_M07_F10_K004_19:1x1:struct,
canonical_raw_root,data/raw/paderborn,data/raw/paderborn/K004/N15_M07_F10_K004_2.mat,N15_M07_F10_K004_2.mat,.mat,8714904,matlab,True,N15_M07_F10,N15,M07,F10,K004,2,healthy,,bearing_code_prefix,N15_M07_F10_K004_2:1x1:struct,
canonical_raw_root,data/raw/paderborn,data/raw/paderborn/K004/N15_M07_F10_K004_20.mat,N15_M07_F10_K004_20.mat,.mat,8714904,matlab,True,N15_M07_F10,N15,M07,F10,K004,20,healthy,,bearing_code_prefix,N15_M07_F10_K004_20:1x1:struct,
canonical_raw_root,data/raw/paderborn,data/raw/paderborn/K004/N15_M07_F10_K004_3.mat,N15_M07_F10_K004_3.mat,.mat,8714904,matlab,True,N15_M07_F10,N15,M07,F10,K004,3,healthy,,bearing_code_prefix,N15_M07_F10_K004_3:1x1:struct,
canonical_raw_root,data/raw/paderborn,data/raw/paderborn/K004/N15_M07_F10_K004_4.mat,N15_M07_F10_K004_4.mat,.mat,8714904,matlab,True,N15_M07_F10,N15,M07,F10,K004,4,healthy,,bearing_code_prefix,N15_M07_F10_K004_4:1x1:struct,
canonical_raw_root,data/raw/paderborn,data/raw/paderborn/K004/N15_M07_F10_K004_5.mat,N15_M07_F10_K004_5.mat,.mat,8714872,matlab,True,N15_M07_F10,N15,M07,F10,K004,5,healthy,,bearing_code_prefix,N15_M07_F10_K004_5:1x1:struct,
canonical_raw_root,data/raw/paderborn,data/raw/paderborn/K004/N15_M07_F10_K004_6.mat,N15_M07_F10_K004_6.mat,.mat,8714904,matlab,True,N15_M07_F10,N15,M07,F10,K004,6,healthy,,bearing_code_prefix,N15_M07_F10_K004_6:1x1:struct,
canonical_raw_root,data/raw/paderborn,data/raw/paderborn/K004/N15_M07_F10_K004_7.mat,N15_M07_F10_K004_7.mat,.mat,8715000,matlab,True,N15_M07_F10,N15,M07,F10,K004,7,healthy,,bearing_code_prefix,N15_M07_F10_K004_7:1x1:struct,
canonical_raw_root,data/raw/paderborn,data/raw/paderborn/K004/N15_M07_F10_K004_8.mat,N15_M07_F10_K004_8.mat,.mat,8714904,matlab,True,N15_M07_F10,N15,M07,F10,K004,8,healthy,,bearing_code_prefix,N15_M07_F10_K004_8:1x1:struct,
canonical_raw_root,data/raw/paderborn,data/raw/paderborn/K004/N15_M07_F10_K004_9.mat,N15_M07_F10_K004_9.mat,.mat,8714872,matlab,True,N15_M07_F10,N15,M07,F10,K004,9,healthy,,bearing_code_prefix,N15_M07_F10_K004_9:1x1:struct,
canonical_raw_root,data/raw/paderborn,data/raw/paderborn/K005/K005.pdf,K005.pdf,.pdf,40792,pdf,False,,,,,K005,,healthy,,bearing_code_prefix,,No metadata inspector is implemented for this extension
canonical_raw_root,data/raw/paderborn,data/raw/paderborn/K005/measuring_log_K005.pdf,measuring_log_K005.pdf,.pdf,139123,pdf,False,,,,,K005,,healthy,,bearing_code_prefix,,No metadata inspector is implemented for this extension
canonical_raw_root,data/raw/paderborn,data/raw/paderborn/K005/N09_M07_F10_K005_1.mat,N09_M07_F10_K005_1.mat,.mat,8714904,matlab,True,N09_M07_F10,N09,M07,F10,K005,1,healthy,,bearing_code_prefix,N09_M07_F10_K005_1:1x1:struct,
canonical_raw_root,data/raw/paderborn,data/raw/paderborn/K005/N09_M07_F10_K005_10.mat,N09_M07_F10_K005_10.mat,.mat,8714904,matlab,True,N09_M07_F10,N09,M07,F10,K005,10,healthy,,bearing_code_prefix,N09_M07_F10_K005_10:1x1:struct,
canonical_raw_root,data/raw/paderborn,data/raw/paderborn/K005/N09_M07_F10_K005_11.mat,N09_M07_F10_K005_11.mat,.mat,8714904,matlab,True,N09_M07_F10,N09,M07,F10,K005,11,healthy,,bearing_code_prefix,N09_M07_F10_K005_11:1x1:struct,
canonical_raw_root,data/raw/paderborn,data/raw/paderborn/K005/N09_M07_F10_K005_12.mat,N09_M07_F10_K005_12.mat,.mat,8742392,matlab,True,N09_M07_F10,N09,M07,F10,K005,12,healthy,,bearing_code_prefix,N09_M07_F10_K005_12:1x1:struct,
canonical_raw_root,data/raw/paderborn,data/raw/paderborn/K005/N09_M07_F10_K005_13.mat,N09_M07_F10_K005_13.mat,.mat,8714872,matlab,True,N09_M07_F10,N09,M07,F10,K005,13,healthy,,bearing_code_prefix,N09_M07_F10_K005_13:1x1:struct,
canonical_raw_root,data/raw/paderborn,data/raw/paderborn/K005/N09_M07_F10_K005_14.mat,N09_M07_F10_K005_14.mat,.mat,8714968,matlab,True,N09_M07_F10,N09,M07,F10,K005,14,healthy,,bearing_code_prefix,N09_M07_F10_K005_14:1x1:struct,
canonical_raw_root,data/raw/paderborn,data/raw/paderborn/K005/N09_M07_F10_K005_15.mat,N09_M07_F10_K005_15.mat,.mat,8717848,matlab,True,N09_M07_F10,N09,M07,F10,K005,15,healthy,,bearing_code_prefix,N09_M07_F10_K005_15:1x1:struct,
canonical_raw_root,data/raw/paderborn,data/raw/paderborn/K005/N09_M07_F10_K005_16.mat,N09_M07_F10_K005_16.mat,.mat,8904152,matlab,True,N09_M07_F10,N09,M07,F10,K005,16,healthy,,bearing_code_prefix,N09_M07_F10_K005_16:1x1:struct,
canonical_raw_root,data/raw/paderborn,data/raw/paderborn/K005/N09_M07_F10_K005_17.mat,N09_M07_F10_K005_17.mat,.mat,8714968,matlab,True,N09_M07_F10,N09,M07,F10,K005,17,healthy,,bearing_code_prefix,N09_M07_F10_K005_17:1x1:struct,
canonical_raw_root,data/raw/paderborn,data/raw/paderborn/K005/N09_M07_F10_K005_18.mat,N09_M07_F10_K005_18.mat,.mat,8714904,matlab,True,N09_M07_F10,N09,M07,F10,K005,18,healthy,,bearing_code_prefix,N09_M07_F10_K005_18:1x1:struct,
canonical_raw_root,data/raw/paderborn,data/raw/paderborn/K005/N09_M07_F10_K005_19.mat,N09_M07_F10_K005_19.mat,.mat,8714904,matlab,True,N09_M07_F10,N09,M07,F10,K005,19,healthy,,bearing_code_prefix,N09_M07_F10_K005_19:1x1:struct,
canonical_raw_root,data/raw/paderborn,data/raw/paderborn/K005/N09_M07_F10_K005_2.mat,N09_M07_F10_K005_2.mat,.mat,8717880,matlab,True,N09_M07_F10,N09,M07,F10,K005,2,healthy,,bearing_code_prefix,N09_M07_F10_K005_2:1x1:struct,
canonical_raw_root,data/raw/paderborn,data/raw/paderborn/K005/N09_M07_F10_K005_20.mat,N09_M07_F10_K005_20.mat,.mat,8714904,matlab,True,N09_M07_F10,N09,M07,F10,K005,20,healthy,,bearing_code_prefix,N09_M07_F10_K005_20:1x1:struct,
canonical_raw_root,data/raw/paderborn,data/raw/paderborn/K005/N09_M07_F10_K005_3.mat,N09_M07_F10_K005_3.mat,.mat,8718144,matlab,True,N09_M07_F10,N09,M07,F10,K005,3,healthy,,bearing_code_prefix,N09_M07_F10_K005_3:1x1:struct,
canonical_raw_root,data/raw/paderborn,data/raw/paderborn/K005/N09_M07_F10_K005_4.mat,N09_M07_F10_K005_4.mat,.mat,8714904,matlab,True,N09_M07_F10,N09,M07,F10,K005,4,healthy,,bearing_code_prefix,N09_M07_F10_K005_4:1x1:struct,
canonical_raw_root,data/raw/paderborn,data/raw/paderborn/K005/N09_M07_F10_K005_5.mat,N09_M07_F10_K005_5.mat,.mat,8714904,matlab,True,N09_M07_F10,N09,M07,F10,K005,5,healthy,,bearing_code_prefix,N09_M07_F10_K005_5:1x1:struct,
canonical_raw_root,data/raw/paderborn,data/raw/paderborn/K005/N09_M07_F10_K005_6.mat,N09_M07_F10_K005_6.mat,.mat,8714904,matlab,True,N09_M07_F10,N09,M07,F10,K005,6,healthy,,bearing_code_prefix,N09_M07_F10_K005_6:1x1:struct,
canonical_raw_root,data/raw/paderborn,data/raw/paderborn/K005/N09_M07_F10_K005_7.mat,N09_M07_F10_K005_7.mat,.mat,8723872,matlab,True,N09_M07_F10,N09,M07,F10,K005,7,healthy,,bearing_code_prefix,N09_M07_F10_K005_7:1x1:struct,
canonical_raw_root,data/raw/paderborn,data/raw/paderborn/K005/N09_M07_F10_K005_8.mat,N09_M07_F10_K005_8.mat,.mat,8717880,matlab,True,N09_M07_F10,N09,M07,F10,K005,8,healthy,,bearing_code_prefix,N09_M07_F10_K005_8:1x1:struct,
canonical_raw_root,data/raw/paderborn,data/raw/paderborn/K005/N09_M07_F10_K005_9.mat,N09_M07_F10_K005_9.mat,.mat,8714904,matlab,True,N09_M07_F10,N09,M07,F10,K005,9,healthy,,bearing_code_prefix,N09_M07_F10_K005_9:1x1:struct,
canonical_raw_root,data/raw/paderborn,data/raw/paderborn/K005/N15_M01_F10_K005_1.mat,N15_M01_F10_K005_1.mat,.mat,8714904,matlab,True,N15_M01_F10,N15,M01,F10,K005,1,healthy,,bearing_code_prefix,N15_M01_F10_K005_1:1x1:struct,
canonical_raw_root,data/raw/paderborn,data/raw/paderborn/K005/N15_M01_F10_K005_10.mat,N15_M01_F10_K005_10.mat,.mat,8714904,matlab,True,N15_M01_F10,N15,M01,F10,K005,10,healthy,,bearing_code_prefix,N15_M01_F10_K005_10:1x1:struct,
canonical_raw_root,data/raw/paderborn,data/raw/paderborn/K005/N15_M01_F10_K005_11.mat,N15_M01_F10_K005_11.mat,.mat,8714904,matlab,True,N15_M01_F10,N15,M01,F10,K005,11,healthy,,bearing_code_prefix,N15_M01_F10_K005_11:1x1:struct,
canonical_raw_root,data/raw/paderborn,data/raw/paderborn/K005/N15_M01_F10_K005_12.mat,N15_M01_F10_K005_12.mat,.mat,8714904,matlab,True,N15_M01_F10,N15,M01,F10,K005,12,healthy,,bearing_code_prefix,N15_M01_F10_K005_12:1x1:struct,
canonical_raw_root,data/raw/paderborn,data/raw/paderborn/K005/N15_M01_F10_K005_13.mat,N15_M01_F10_K005_13.mat,.mat,8714904,matlab,True,N15_M01_F10,N15,M01,F10,K005,13,healthy,,bearing_code_prefix,N15_M01_F10_K005_13:1x1:struct,
canonical_raw_root,data/raw/paderborn,data/raw/paderborn/K005/N15_M01_F10_K005_14.mat,N15_M01_F10_K005_14.mat,.mat,8714904,matlab,True,N15_M01_F10,N15,M01,F10,K005,14,healthy,,bearing_code_prefix,N15_M01_F10_K005_14:1x1:struct,
canonical_raw_root,data/raw/paderborn,data/raw/paderborn/K005/N15_M01_F10_K005_15.mat,N15_M01_F10_K005_15.mat,.mat,8714904,matlab,True,N15_M01_F10,N15,M01,F10,K005,15,healthy,,bearing_code_prefix,N15_M01_F10_K005_15:1x1:struct,
canonical_raw_root,data/raw/paderborn,data/raw/paderborn/K005/N15_M01_F10_K005_16.mat,N15_M01_F10_K005_16.mat,.mat,8714872,matlab,True,N15_M01_F10,N15,M01,F10,K005,16,healthy,,bearing_code_prefix,N15_M01_F10_K005_16:1x1:struct,
canonical_raw_root,data/raw/paderborn,data/raw/paderborn/K005/N15_M01_F10_K005_17.mat,N15_M01_F10_K005_17.mat,.mat,8714904,matlab,True,N15_M01_F10,N15,M01,F10,K005,17,healthy,,bearing_code_prefix,N15_M01_F10_K005_17:1x1:struct,
canonical_raw_root,data/raw/paderborn,data/raw/paderborn/K005/N15_M01_F10_K005_18.mat,N15_M01_F10_K005_18.mat,.mat,8843192,matlab,True,N15_M01_F10,N15,M01,F10,K005,18,healthy,,bearing_code_prefix,N15_M01_F10_K005_18:1x1:struct,
canonical_raw_root,data/raw/paderborn,data/raw/paderborn/K005/N15_M01_F10_K005_19.mat,N15_M01_F10_K005_19.mat,.mat,8724248,matlab,True,N15_M01_F10,N15,M01,F10,K005,19,healthy,,bearing_code_prefix,N15_M01_F10_K005_19:1x1:struct,
canonical_raw_root,data/raw/paderborn,data/raw/paderborn/K005/N15_M01_F10_K005_2.mat,N15_M01_F10_K005_2.mat,.mat,8714904,matlab,True,N15_M01_F10,N15,M01,F10,K005,2,healthy,,bearing_code_prefix,N15_M01_F10_K005_2:1x1:struct,
canonical_raw_root,data/raw/paderborn,data/raw/paderborn/K005/N15_M01_F10_K005_20.mat,N15_M01_F10_K005_20.mat,.mat,8714904,matlab,True,N15_M01_F10,N15,M01,F10,K005,20,healthy,,bearing_code_prefix,N15_M01_F10_K005_20:1x1:struct,
canonical_raw_root,data/raw/paderborn,data/raw/paderborn/K005/N15_M01_F10_K005_3.mat,N15_M01_F10_K005_3.mat,.mat,8714872,matlab,True,N15_M01_F10,N15,M01,F10,K005,3,healthy,,bearing_code_prefix,N15_M01_F10_K005_3:1x1:struct,
canonical_raw_root,data/raw/paderborn,data/raw/paderborn/K005/N15_M01_F10_K005_4.mat,N15_M01_F10_K005_4.mat,.mat,8900536,matlab,True,N15_M01_F10,N15,M01,F10,K005,4,healthy,,bearing_code_prefix,N15_M01_F10_K005_4:1x1:struct,
canonical_raw_root,data/raw/paderborn,data/raw/paderborn/K005/N15_M01_F10_K005_5.mat,N15_M01_F10_K005_5.mat,.mat,8876216,matlab,True,N15_M01_F10,N15,M01,F10,K005,5,healthy,,bearing_code_prefix,N15_M01_F10_K005_5:1x1:struct,
canonical_raw_root,data/raw/paderborn,data/raw/paderborn/K005/N15_M01_F10_K005_6.mat,N15_M01_F10_K005_6.mat,.mat,8899224,matlab,True,N15_M01_F10,N15,M01,F10,K005,6,healthy,,bearing_code_prefix,N15_M01_F10_K005_6:1x1:struct,
canonical_raw_root,data/raw/paderborn,data/raw/paderborn/K005/N15_M01_F10_K005_7.mat,N15_M01_F10_K005_7.mat,.mat,8737336,matlab,True,N15_M01_F10,N15,M01,F10,K005,7,healthy,,bearing_code_prefix,N15_M01_F10_K005_7:1x1:struct,
canonical_raw_root,data/raw/paderborn,data/raw/paderborn/K005/N15_M01_F10_K005_8.mat,N15_M01_F10_K005_8.mat,.mat,8714904,matlab,True,N15_M01_F10,N15,M01,F10,K005,8,healthy,,bearing_code_prefix,N15_M01_F10_K005_8:1x1:struct,
canonical_raw_root,data/raw/paderborn,data/raw/paderborn/K005/N15_M01_F10_K005_9.mat,N15_M01_F10_K005_9.mat,.mat,8753696,matlab,True,N15_M01_F10,N15,M01,F10,K005,9,healthy,,bearing_code_prefix,N15_M01_F10_K005_9:1x1:struct,
canonical_raw_root,data/raw/paderborn,data/raw/paderborn/K005/N15_M07_F04_K005_1.mat,N15_M07_F04_K005_1.mat,.mat,8875352,matlab,True,N15_M07_F04,N15,M07,F04,K005,1,healthy,,bearing_code_prefix,N15_M07_F04_K005_1:1x1:struct,
canonical_raw_root,data/raw/paderborn,data/raw/paderborn/K005/N15_M07_F04_K005_10.mat,N15_M07_F04_K005_10.mat,.mat,8714904,matlab,True,N15_M07_F04,N15,M07,F04,K005,10,healthy,,bearing_code_prefix,N15_M07_F04_K005_10:1x1:struct,
canonical_raw_root,data/raw/paderborn,data/raw/paderborn/K005/N15_M07_F04_K005_11.mat,N15_M07_F04_K005_11.mat,.mat,8714904,matlab,True,N15_M07_F04,N15,M07,F04,K005,11,healthy,,bearing_code_prefix,N15_M07_F04_K005_11:1x1:struct,
canonical_raw_root,data/raw/paderborn,data/raw/paderborn/K005/N15_M07_F04_K005_12.mat,N15_M07_F04_K005_12.mat,.mat,8714904,matlab,True,N15_M07_F04,N15,M07,F04,K005,12,healthy,,bearing_code_prefix,N15_M07_F04_K005_12:1x1:struct,
canonical_raw_root,data/raw/paderborn,data/raw/paderborn/K005/N15_M07_F04_K005_13.mat,N15_M07_F04_K005_13.mat,.mat,8769496,matlab,True,N15_M07_F04,N15,M07,F04,K005,13,healthy,,bearing_code_prefix,N15_M07_F04_K005_13:1x1:struct,
canonical_raw_root,data/raw/paderborn,data/raw/paderborn/K005/N15_M07_F04_K005_14.mat,N15_M07_F04_K005_14.mat,.mat,8714904,matlab,True,N15_M07_F04,N15,M07,F04,K005,14,healthy,,bearing_code_prefix,N15_M07_F04_K005_14:1x1:struct,
canonical_raw_root,data/raw/paderborn,data/raw/paderborn/K005/N15_M07_F04_K005_15.mat,N15_M07_F04_K005_15.mat,.mat,8714904,matlab,True,N15_M07_F04,N15,M07,F04,K005,15,healthy,,bearing_code_prefix,N15_M07_F04_K005_15:1x1:struct,
canonical_raw_root,data/raw/paderborn,data/raw/paderborn/K005/N15_M07_F04_K005_16.mat,N15_M07_F04_K005_16.mat,.mat,8714904,matlab,True,N15_M07_F04,N15,M07,F04,K005,16,healthy,,bearing_code_prefix,N15_M07_F04_K005_16:1x1:struct,
canonical_raw_root,data/raw/paderborn,data/raw/paderborn/K005/N15_M07_F04_K005_17.mat,N15_M07_F04_K005_17.mat,.mat,8714872,matlab,True,N15_M07_F04,N15,M07,F04,K005,17,healthy,,bearing_code_prefix,N15_M07_F04_K005_17:1x1:struct,
canonical_raw_root,data/raw/paderborn,data/raw/paderborn/K005/N15_M07_F04_K005_18.mat,N15_M07_F04_K005_18.mat,.mat,8714904,matlab,True,N15_M07_F04,N15,M07,F04,K005,18,healthy,,bearing_code_prefix,N15_M07_F04_K005_18:1x1:struct,
canonical_raw_root,data/raw/paderborn,data/raw/paderborn/K005/N15_M07_F04_K005_19.mat,N15_M07_F04_K005_19.mat,.mat,8714904,matlab,True,N15_M07_F04,N15,M07,F04,K005,19,healthy,,bearing_code_prefix,N15_M07_F04_K005_19:1x1:struct,
canonical_raw_root,data/raw/paderborn,data/raw/paderborn/K005/N15_M07_F04_K005_2.mat,N15_M07_F04_K005_2.mat,.mat,8714904,matlab,True,N15_M07_F04,N15,M07,F04,K005,2,healthy,,bearing_code_prefix,N15_M07_F04_K005_2:1x1:struct,
canonical_raw_root,data/raw/paderborn,data/raw/paderborn/K005/N15_M07_F04_K005_20.mat,N15_M07_F04_K005_20.mat,.mat,8714872,matlab,True,N15_M07_F04,N15,M07,F04,K005,20,healthy,,bearing_code_prefix,N15_M07_F04_K005_20:1x1:struct,
canonical_raw_root,data/raw/paderborn,data/raw/paderborn/K005/N15_M07_F04_K005_3.mat,N15_M07_F04_K005_3.mat,.mat,8714904,matlab,True,N15_M07_F04,N15,M07,F04,K005,3,healthy,,bearing_code_prefix,N15_M07_F04_K005_3:1x1:struct,
canonical_raw_root,data/raw/paderborn,data/raw/paderborn/K005/N15_M07_F04_K005_4.mat,N15_M07_F04_K005_4.mat,.mat,8714904,matlab,True,N15_M07_F04,N15,M07,F04,K005,4,healthy,,bearing_code_prefix,N15_M07_F04_K005_4:1x1:struct,
canonical_raw_root,data/raw/paderborn,data/raw/paderborn/K005/N15_M07_F04_K005_5.mat,N15_M07_F04_K005_5.mat,.mat,8871000,matlab,True,N15_M07_F04,N15,M07,F04,K005,5,healthy,,bearing_code_prefix,N15_M07_F04_K005_5:1x1:struct,
canonical_raw_root,data/raw/paderborn,data/raw/paderborn/K005/N15_M07_F04_K005_6.mat,N15_M07_F04_K005_6.mat,.mat,8714968,matlab,True,N15_M07_F04,N15,M07,F04,K005,6,healthy,,bearing_code_prefix,N15_M07_F04_K005_6:1x1:struct,
canonical_raw_root,data/raw/paderborn,data/raw/paderborn/K005/N15_M07_F04_K005_7.mat,N15_M07_F04_K005_7.mat,.mat,8720376,matlab,True,N15_M07_F04,N15,M07,F04,K005,7,healthy,,bearing_code_prefix,N15_M07_F04_K005_7:1x1:struct,
canonical_raw_root,data/raw/paderborn,data/raw/paderborn/K005/N15_M07_F04_K005_8.mat,N15_M07_F04_K005_8.mat,.mat,8714904,matlab,True,N15_M07_F04,N15,M07,F04,K005,8,healthy,,bearing_code_prefix,N15_M07_F04_K005_8:1x1:struct,
canonical_raw_root,data/raw/paderborn,data/raw/paderborn/K005/N15_M07_F04_K005_9.mat,N15_M07_F04_K005_9.mat,.mat,8714904,matlab,True,N15_M07_F04,N15,M07,F04,K005,9,healthy,,bearing_code_prefix,N15_M07_F04_K005_9:1x1:struct,
canonical_raw_root,data/raw/paderborn,data/raw/paderborn/K005/N15_M07_F10_K005_1.mat,N15_M07_F10_K005_1.mat,.mat,8714904,matlab,True,N15_M07_F10,N15,M07,F10,K005,1,healthy,,bearing_code_prefix,N15_M07_F10_K005_1:1x1:struct,
canonical_raw_root,data/raw/paderborn,data/raw/paderborn/K005/N15_M07_F10_K005_10.mat,N15_M07_F10_K005_10.mat,.mat,8744632,matlab,True,N15_M07_F10,N15,M07,F10,K005,10,healthy,,bearing_code_prefix,N15_M07_F10_K005_10:1x1:struct,
canonical_raw_root,data/raw/paderborn,data/raw/paderborn/K005/N15_M07_F10_K005_11.mat,N15_M07_F10_K005_11.mat,.mat,8714968,matlab,True,N15_M07_F10,N15,M07,F10,K005,11,healthy,,bearing_code_prefix,N15_M07_F10_K005_11:1x1:struct,
canonical_raw_root,data/raw/paderborn,data/raw/paderborn/K005/N15_M07_F10_K005_12.mat,N15_M07_F10_K005_12.mat,.mat,8714904,matlab,True,N15_M07_F10,N15,M07,F10,K005,12,healthy,,bearing_code_prefix,N15_M07_F10_K005_12:1x1:struct,
canonical_raw_root,data/raw/paderborn,data/raw/paderborn/K005/N15_M07_F10_K005_13.mat,N15_M07_F10_K005_13.mat,.mat,8714872,matlab,True,N15_M07_F10,N15,M07,F10,K005,13,healthy,,bearing_code_prefix,N15_M07_F10_K005_13:1x1:struct,
canonical_raw_root,data/raw/paderborn,data/raw/paderborn/K005/N15_M07_F10_K005_14.mat,N15_M07_F10_K005_14.mat,.mat,8714904,matlab,True,N15_M07_F10,N15,M07,F10,K005,14,healthy,,bearing_code_prefix,N15_M07_F10_K005_14:1x1:struct,
canonical_raw_root,data/raw/paderborn,data/raw/paderborn/K005/N15_M07_F10_K005_15.mat,N15_M07_F10_K005_15.mat,.mat,8714872,matlab,True,N15_M07_F10,N15,M07,F10,K005,15,healthy,,bearing_code_prefix,N15_M07_F10_K005_15:1x1:struct,
canonical_raw_root,data/raw/paderborn,data/raw/paderborn/K005/N15_M07_F10_K005_16.mat,N15_M07_F10_K005_16.mat,.mat,8714904,matlab,True,N15_M07_F10,N15,M07,F10,K005,16,healthy,,bearing_code_prefix,N15_M07_F10_K005_16:1x1:struct,
canonical_raw_root,data/raw/paderborn,data/raw/paderborn/K005/N15_M07_F10_K005_17.mat,N15_M07_F10_K005_17.mat,.mat,8714872,matlab,True,N15_M07_F10,N15,M07,F10,K005,17,healthy,,bearing_code_prefix,N15_M07_F10_K005_17:1x1:struct,
canonical_raw_root,data/raw/paderborn,data/raw/paderborn/K005/N15_M07_F10_K005_18.mat,N15_M07_F10_K005_18.mat,.mat,8717848,matlab,True,N15_M07_F10,N15,M07,F10,K005,18,healthy,,bearing_code_prefix,N15_M07_F10_K005_18:1x1:struct,
canonical_raw_root,data/raw/paderborn,data/raw/paderborn/K005/N15_M07_F10_K005_19.mat,N15_M07_F10_K005_19.mat,.mat,8740096,matlab,True,N15_M07_F10,N15,M07,F10,K005,19,healthy,,bearing_code_prefix,N15_M07_F10_K005_19:1x1:struct,
canonical_raw_root,data/raw/paderborn,data/raw/paderborn/K005/N15_M07_F10_K005_2.mat,N15_M07_F10_K005_2.mat,.mat,8714904,matlab,True,N15_M07_F10,N15,M07,F10,K005,2,healthy,,bearing_code_prefix,N15_M07_F10_K005_2:1x1:struct,
canonical_raw_root,data/raw/paderborn,data/raw/paderborn/K005/N15_M07_F10_K005_20.mat,N15_M07_F10_K005_20.mat,.mat,8715032,matlab,True,N15_M07_F10,N15,M07,F10,K005,20,healthy,,bearing_code_prefix,N15_M07_F10_K005_20:1x1:struct,
canonical_raw_root,data/raw/paderborn,data/raw/paderborn/K005/N15_M07_F10_K005_3.mat,N15_M07_F10_K005_3.mat,.mat,8753592,matlab,True,N15_M07_F10,N15,M07,F10,K005,3,healthy,,bearing_code_prefix,N15_M07_F10_K005_3:1x1:struct,
canonical_raw_root,data/raw/paderborn,data/raw/paderborn/K005/N15_M07_F10_K005_4.mat,N15_M07_F10_K005_4.mat,.mat,8737432,matlab,True,N15_M07_F10,N15,M07,F10,K005,4,healthy,,bearing_code_prefix,N15_M07_F10_K005_4:1x1:struct,
canonical_raw_root,data/raw/paderborn,data/raw/paderborn/K005/N15_M07_F10_K005_5.mat,N15_M07_F10_K005_5.mat,.mat,8714936,matlab,True,N15_M07_F10,N15,M07,F10,K005,5,healthy,,bearing_code_prefix,N15_M07_F10_K005_5:1x1:struct,
canonical_raw_root,data/raw/paderborn,data/raw/paderborn/K005/N15_M07_F10_K005_6.mat,N15_M07_F10_K005_6.mat,.mat,8714904,matlab,True,N15_M07_F10,N15,M07,F10,K005,6,healthy,,bearing_code_prefix,N15_M07_F10_K005_6:1x1:struct,
canonical_raw_root,data/raw/paderborn,data/raw/paderborn/K005/N15_M07_F10_K005_7.mat,N15_M07_F10_K005_7.mat,.mat,8731928,matlab,True,N15_M07_F10,N15,M07,F10,K005,7,healthy,,bearing_code_prefix,N15_M07_F10_K005_7:1x1:struct,
canonical_raw_root,data/raw/paderborn,data/raw/paderborn/K005/N15_M07_F10_K005_8.mat,N15_M07_F10_K005_8.mat,.mat,8745208,matlab,True,N15_M07_F10,N15,M07,F10,K005,8,healthy,,bearing_code_prefix,N15_M07_F10_K005_8:1x1:struct,
canonical_raw_root,data/raw/paderborn,data/raw/paderborn/K005/N15_M07_F10_K005_9.mat,N15_M07_F10_K005_9.mat,.mat,8714968,matlab,True,N15_M07_F10,N15,M07,F10,K005,9,healthy,,bearing_code_prefix,N15_M07_F10_K005_9:1x1:struct,
canonical_raw_root,data/raw/paderborn,data/raw/paderborn/K006/K006.pdf,K006.pdf,.pdf,40914,pdf,False,,,,,K006,,healthy,,bearing_code_prefix,,No metadata inspector is implemented for this extension
canonical_raw_root,data/raw/paderborn,data/raw/paderborn/K006/measuring_log_K006.pdf,measuring_log_K006.pdf,.pdf,139040,pdf,False,,,,,K006,,healthy,,bearing_code_prefix,,No metadata inspector is implemented for this extension
canonical_raw_root,data/raw/paderborn,data/raw/paderborn/K006/N09_M07_F10_K006_1.mat,N09_M07_F10_K006_1.mat,.mat,8717720,matlab,True,N09_M07_F10,N09,M07,F10,K006,1,healthy,,bearing_code_prefix,N09_M07_F10_K006_1:1x1:struct,
canonical_raw_root,data/raw/paderborn,data/raw/paderborn/K006/N09_M07_F10_K006_10.mat,N09_M07_F10_K006_10.mat,.mat,8756600,matlab,True,N09_M07_F10,N09,M07,F10,K006,10,healthy,,bearing_code_prefix,N09_M07_F10_K006_10:1x1:struct,
canonical_raw_root,data/raw/paderborn,data/raw/paderborn/K006/N09_M07_F10_K006_11.mat,N09_M07_F10_K006_11.mat,.mat,8758616,matlab,True,N09_M07_F10,N09,M07,F10,K006,11,healthy,,bearing_code_prefix,N09_M07_F10_K006_11:1x1:struct,
canonical_raw_root,data/raw/paderborn,data/raw/paderborn/K006/N09_M07_F10_K006_12.mat,N09_M07_F10_K006_12.mat,.mat,8717560,matlab,True,N09_M07_F10,N09,M07,F10,K006,12,healthy,,bearing_code_prefix,N09_M07_F10_K006_12:1x1:struct,
canonical_raw_root,data/raw/paderborn,data/raw/paderborn/K006/N09_M07_F10_K006_13.mat,N09_M07_F10_K006_13.mat,.mat,8717720,matlab,True,N09_M07_F10,N09,M07,F10,K006,13,healthy,,bearing_code_prefix,N09_M07_F10_K006_13:1x1:struct,
canonical_raw_root,data/raw/paderborn,data/raw/paderborn/K006/N09_M07_F10_K006_14.mat,N09_M07_F10_K006_14.mat,.mat,8714904,matlab,True,N09_M07_F10,N09,M07,F10,K006,14,healthy,,bearing_code_prefix,N09_M07_F10_K006_14:1x1:struct,
canonical_raw_root,data/raw/paderborn,data/raw/paderborn/K006/N09_M07_F10_K006_15.mat,N09_M07_F10_K006_15.mat,.mat,8753952,matlab,True,N09_M07_F10,N09,M07,F10,K006,15,healthy,,bearing_code_prefix,N09_M07_F10_K006_15:1x1:struct,
canonical_raw_root,data/raw/paderborn,data/raw/paderborn/K006/N09_M07_F10_K006_16.mat,N09_M07_F10_K006_16.mat,.mat,8717848,matlab,True,N09_M07_F10,N09,M07,F10,K006,16,healthy,,bearing_code_prefix,N09_M07_F10_K006_16:1x1:struct,
canonical_raw_root,data/raw/paderborn,data/raw/paderborn/K006/N09_M07_F10_K006_17.mat,N09_M07_F10_K006_17.mat,.mat,8717368,matlab,True,N09_M07_F10,N09,M07,F10,K006,17,healthy,,bearing_code_prefix,N09_M07_F10_K006_17:1x1:struct,
canonical_raw_root,data/raw/paderborn,data/raw/paderborn/K006/N09_M07_F10_K006_18.mat,N09_M07_F10_K006_18.mat,.mat,8743192,matlab,True,N09_M07_F10,N09,M07,F10,K006,18,healthy,,bearing_code_prefix,N09_M07_F10_K006_18:1x1:struct,
canonical_raw_root,data/raw/paderborn,data/raw/paderborn/K006/N09_M07_F10_K006_19.mat,N09_M07_F10_K006_19.mat,.mat,8718392,matlab,True,N09_M07_F10,N09,M07,F10,K006,19,healthy,,bearing_code_prefix,N09_M07_F10_K006_19:1x1:struct,
canonical_raw_root,data/raw/paderborn,data/raw/paderborn/K006/N09_M07_F10_K006_2.mat,N09_M07_F10_K006_2.mat,.mat,8718200,matlab,True,N09_M07_F10,N09,M07,F10,K006,2,healthy,,bearing_code_prefix,N09_M07_F10_K006_2:1x1:struct,
canonical_raw_root,data/raw/paderborn,data/raw/paderborn/K006/N09_M07_F10_K006_20.mat,N09_M07_F10_K006_20.mat,.mat,8764184,matlab,True,N09_M07_F10,N09,M07,F10,K006,20,healthy,,bearing_code_prefix,N09_M07_F10_K006_20:1x1:struct,
canonical_raw_root,data/raw/paderborn,data/raw/paderborn/K006/N09_M07_F10_K006_3.mat,N09_M07_F10_K006_3.mat,.mat,8714904,matlab,True,N09_M07_F10,N09,M07,F10,K006,3,healthy,,bearing_code_prefix,N09_M07_F10_K006_3:1x1:struct,
canonical_raw_root,data/raw/paderborn,data/raw/paderborn/K006/N09_M07_F10_K006_4.mat,N09_M07_F10_K006_4.mat,.mat,8717880,matlab,True,N09_M07_F10,N09,M07,F10,K006,4,healthy,,bearing_code_prefix,N09_M07_F10_K006_4:1x1:struct,
canonical_raw_root,data/raw/paderborn,data/raw/paderborn/K006/N09_M07_F10_K006_5.mat,N09_M07_F10_K006_5.mat,.mat,8717752,matlab,True,N09_M07_F10,N09,M07,F10,K006,5,healthy,,bearing_code_prefix,N09_M07_F10_K006_5:1x1:struct,
canonical_raw_root,data/raw/paderborn,data/raw/paderborn/K006/N09_M07_F10_K006_6.mat,N09_M07_F10_K006_6.mat,.mat,8714904,matlab,True,N09_M07_F10,N09,M07,F10,K006,6,healthy,,bearing_code_prefix,N09_M07_F10_K006_6:1x1:struct,
canonical_raw_root,data/raw/paderborn,data/raw/paderborn/K006/N09_M07_F10_K006_7.mat,N09_M07_F10_K006_7.mat,.mat,8714904,matlab,True,N09_M07_F10,N09,M07,F10,K006,7,healthy,,bearing_code_prefix,N09_M07_F10_K006_7:1x1:struct,
canonical_raw_root,data/raw/paderborn,data/raw/paderborn/K006/N09_M07_F10_K006_8.mat,N09_M07_F10_K006_8.mat,.mat,8732824,matlab,True,N09_M07_F10,N09,M07,F10,K006,8,healthy,,bearing_code_prefix,N09_M07_F10_K006_8:1x1:struct,
canonical_raw_root,data/raw/paderborn,data/raw/paderborn/K006/N09_M07_F10_K006_9.mat,N09_M07_F10_K006_9.mat,.mat,8718136,matlab,True,N09_M07_F10,N09,M07,F10,K006,9,healthy,,bearing_code_prefix,N09_M07_F10_K006_9:1x1:struct,
canonical_raw_root,data/raw/paderborn,data/raw/paderborn/K006/N15_M01_F10_K006_1.mat,N15_M01_F10_K006_1.mat,.mat,8731672,matlab,True,N15_M01_F10,N15,M01,F10,K006,1,healthy,,bearing_code_prefix,N15_M01_F10_K006_1:1x1:struct,
canonical_raw_root,data/raw/paderborn,data/raw/paderborn/K006/N15_M01_F10_K006_10.mat,N15_M01_F10_K006_10.mat,.mat,8714904,matlab,True,N15_M01_F10,N15,M01,F10,K006,10,healthy,,bearing_code_prefix,N15_M01_F10_K006_10:1x1:struct,
canonical_raw_root,data/raw/paderborn,data/raw/paderborn/K006/N15_M01_F10_K006_11.mat,N15_M01_F10_K006_11.mat,.mat,8714904,matlab,True,N15_M01_F10,N15,M01,F10,K006,11,healthy,,bearing_code_prefix,N15_M01_F10_K006_11:1x1:struct,
canonical_raw_root,data/raw/paderborn,data/raw/paderborn/K006/N15_M01_F10_K006_12.mat,N15_M01_F10_K006_12.mat,.mat,8723576,matlab,True,N15_M01_F10,N15,M01,F10,K006,12,healthy,,bearing_code_prefix,N15_M01_F10_K006_12:1x1:struct,
canonical_raw_root,data/raw/paderborn,data/raw/paderborn/K006/N15_M01_F10_K006_13.mat,N15_M01_F10_K006_13.mat,.mat,8714872,matlab,True,N15_M01_F10,N15,M01,F10,K006,13,healthy,,bearing_code_prefix,N15_M01_F10_K006_13:1x1:struct,
canonical_raw_root,data/raw/paderborn,data/raw/paderborn/K006/N15_M01_F10_K006_14.mat,N15_M01_F10_K006_14.mat,.mat,8717688,matlab,True,N15_M01_F10,N15,M01,F10,K006,14,healthy,,bearing_code_prefix,N15_M01_F10_K006_14:1x1:struct,
canonical_raw_root,data/raw/paderborn,data/raw/paderborn/K006/N15_M01_F10_K006_15.mat,N15_M01_F10_K006_15.mat,.mat,8725592,matlab,True,N15_M01_F10,N15,M01,F10,K006,15,healthy,,bearing_code_prefix,N15_M01_F10_K006_15:1x1:struct,
canonical_raw_root,data/raw/paderborn,data/raw/paderborn/K006/N15_M01_F10_K006_16.mat,N15_M01_F10_K006_16.mat,.mat,8717528,matlab,True,N15_M01_F10,N15,M01,F10,K006,16,healthy,,bearing_code_prefix,N15_M01_F10_K006_16:1x1:struct,
canonical_raw_root,data/raw/paderborn,data/raw/paderborn/K006/N15_M01_F10_K006_17.mat,N15_M01_F10_K006_17.mat,.mat,8725176,matlab,True,N15_M01_F10,N15,M01,F10,K006,17,healthy,,bearing_code_prefix,N15_M01_F10_K006_17:1x1:struct,
canonical_raw_root,data/raw/paderborn,data/raw/paderborn/K006/N15_M01_F10_K006_18.mat,N15_M01_F10_K006_18.mat,.mat,8714904,matlab,True,N15_M01_F10,N15,M01,F10,K006,18,healthy,,bearing_code_prefix,N15_M01_F10_K006_18:1x1:struct,
canonical_raw_root,data/raw/paderborn,data/raw/paderborn/K006/N15_M01_F10_K006_19.mat,N15_M01_F10_K006_19.mat,.mat,8733944,matlab,True,N15_M01_F10,N15,M01,F10,K006,19,healthy,,bearing_code_prefix,N15_M01_F10_K006_19:1x1:struct,
canonical_raw_root,data/raw/paderborn,data/raw/paderborn/K006/N15_M01_F10_K006_2.mat,N15_M01_F10_K006_2.mat,.mat,8714904,matlab,True,N15_M01_F10,N15,M01,F10,K006,2,healthy,,bearing_code_prefix,N15_M01_F10_K006_2:1x1:struct,
canonical_raw_root,data/raw/paderborn,data/raw/paderborn/K006/N15_M01_F10_K006_20.mat,N15_M01_F10_K006_20.mat,.mat,8789688,matlab,True,N15_M01_F10,N15,M01,F10,K006,20,healthy,,bearing_code_prefix,N15_M01_F10_K006_20:1x1:struct,
canonical_raw_root,data/raw/paderborn,data/raw/paderborn/K006/N15_M01_F10_K006_3.mat,N15_M01_F10_K006_3.mat,.mat,8743192,matlab,True,N15_M01_F10,N15,M01,F10,K006,3,healthy,,bearing_code_prefix,N15_M01_F10_K006_3:1x1:struct,
canonical_raw_root,data/raw/paderborn,data/raw/paderborn/K006/N15_M01_F10_K006_4.mat,N15_M01_F10_K006_4.mat,.mat,8717496,matlab,True,N15_M01_F10,N15,M01,F10,K006,4,healthy,,bearing_code_prefix,N15_M01_F10_K006_4:1x1:struct,
canonical_raw_root,data/raw/paderborn,data/raw/paderborn/K006/N15_M01_F10_K006_5.mat,N15_M01_F10_K006_5.mat,.mat,8714904,matlab,True,N15_M01_F10,N15,M01,F10,K006,5,healthy,,bearing_code_prefix,N15_M01_F10_K006_5:1x1:struct,
canonical_raw_root,data/raw/paderborn,data/raw/paderborn/K006/N15_M01_F10_K006_6.mat,N15_M01_F10_K006_6.mat,.mat,8717920,matlab,True,N15_M01_F10,N15,M01,F10,K006,6,healthy,,bearing_code_prefix,N15_M01_F10_K006_6:1x1:struct,
canonical_raw_root,data/raw/paderborn,data/raw/paderborn/K006/N15_M01_F10_K006_7.mat,N15_M01_F10_K006_7.mat,.mat,8714904,matlab,True,N15_M01_F10,N15,M01,F10,K006,7,healthy,,bearing_code_prefix,N15_M01_F10_K006_7:1x1:struct,
canonical_raw_root,data/raw/paderborn,data/raw/paderborn/K006/N15_M01_F10_K006_8.mat,N15_M01_F10_K006_8.mat,.mat,8714904,matlab,True,N15_M01_F10,N15,M01,F10,K006,8,healthy,,bearing_code_prefix,N15_M01_F10_K006_8:1x1:struct,
canonical_raw_root,data/raw/paderborn,data/raw/paderborn/K006/N15_M01_F10_K006_9.mat,N15_M01_F10_K006_9.mat,.mat,8718936,matlab,True,N15_M01_F10,N15,M01,F10,K006,9,healthy,,bearing_code_prefix,N15_M01_F10_K006_9:1x1:struct,
canonical_raw_root,data/raw/paderborn,data/raw/paderborn/K006/N15_M07_F04_K006_1.mat,N15_M07_F04_K006_1.mat,.mat,8727416,matlab,True,N15_M07_F04,N15,M07,F04,K006,1,healthy,,bearing_code_prefix,N15_M07_F04_K006_1:1x1:struct,
canonical_raw_root,data/raw/paderborn,data/raw/paderborn/K006/N15_M07_F04_K006_10.mat,N15_M07_F04_K006_10.mat,.mat,8714936,matlab,True,N15_M07_F04,N15,M07,F04,K006,10,healthy,,bearing_code_prefix,N15_M07_F04_K006_10:1x1:struct,
canonical_raw_root,data/raw/paderborn,data/raw/paderborn/K006/N15_M07_F04_K006_11.mat,N15_M07_F04_K006_11.mat,.mat,8714872,matlab,True,N15_M07_F04,N15,M07,F04,K006,11,healthy,,bearing_code_prefix,N15_M07_F04_K006_11:1x1:struct,
canonical_raw_root,data/raw/paderborn,data/raw/paderborn/K006/N15_M07_F04_K006_12.mat,N15_M07_F04_K006_12.mat,.mat,8714904,matlab,True,N15_M07_F04,N15,M07,F04,K006,12,healthy,,bearing_code_prefix,N15_M07_F04_K006_12:1x1:struct,
canonical_raw_root,data/raw/paderborn,data/raw/paderborn/K006/N15_M07_F04_K006_13.mat,N15_M07_F04_K006_13.mat,.mat,8714904,matlab,True,N15_M07_F04,N15,M07,F04,K006,13,healthy,,bearing_code_prefix,N15_M07_F04_K006_13:1x1:struct,
canonical_raw_root,data/raw/paderborn,data/raw/paderborn/K006/N15_M07_F04_K006_14.mat,N15_M07_F04_K006_14.mat,.mat,8714904,matlab,True,N15_M07_F04,N15,M07,F04,K006,14,healthy,,bearing_code_prefix,N15_M07_F04_K006_14:1x1:struct,
canonical_raw_root,data/raw/paderborn,data/raw/paderborn/K006/N15_M07_F04_K006_15.mat,N15_M07_F04_K006_15.mat,.mat,8719352,matlab,True,N15_M07_F04,N15,M07,F04,K006,15,healthy,,bearing_code_prefix,N15_M07_F04_K006_15:1x1:struct,
canonical_raw_root,data/raw/paderborn,data/raw/paderborn/K006/N15_M07_F04_K006_16.mat,N15_M07_F04_K006_16.mat,.mat,8715032,matlab,True,N15_M07_F04,N15,M07,F04,K006,16,healthy,,bearing_code_prefix,N15_M07_F04_K006_16:1x1:struct,
canonical_raw_root,data/raw/paderborn,data/raw/paderborn/K006/N15_M07_F04_K006_17.mat,N15_M07_F04_K006_17.mat,.mat,8714904,matlab,True,N15_M07_F04,N15,M07,F04,K006,17,healthy,,bearing_code_prefix,N15_M07_F04_K006_17:1x1:struct,
canonical_raw_root,data/raw/paderborn,data/raw/paderborn/K006/N15_M07_F04_K006_18.mat,N15_M07_F04_K006_18.mat,.mat,8868376,matlab,True,N15_M07_F04,N15,M07,F04,K006,18,healthy,,bearing_code_prefix,N15_M07_F04_K006_18:1x1:struct,
canonical_raw_root,data/raw/paderborn,data/raw/paderborn/K006/N15_M07_F04_K006_19.mat,N15_M07_F04_K006_19.mat,.mat,8714904,matlab,True,N15_M07_F04,N15,M07,F04,K006,19,healthy,,bearing_code_prefix,N15_M07_F04_K006_19:1x1:struct,
canonical_raw_root,data/raw/paderborn,data/raw/paderborn/K006/N15_M07_F04_K006_2.mat,N15_M07_F04_K006_2.mat,.mat,8732024,matlab,True,N15_M07_F04,N15,M07,F04,K006,2,healthy,,bearing_code_prefix,N15_M07_F04_K006_2:1x1:struct,
canonical_raw_root,data/raw/paderborn,data/raw/paderborn/K006/N15_M07_F04_K006_20.mat,N15_M07_F04_K006_20.mat,.mat,8714872,matlab,True,N15_M07_F04,N15,M07,F04,K006,20,healthy,,bearing_code_prefix,N15_M07_F04_K006_20:1x1:struct,
canonical_raw_root,data/raw/paderborn,data/raw/paderborn/K006/N15_M07_F04_K006_3.mat,N15_M07_F04_K006_3.mat,.mat,8714904,matlab,True,N15_M07_F04,N15,M07,F04,K006,3,healthy,,bearing_code_prefix,N15_M07_F04_K006_3:1x1:struct,
canonical_raw_root,data/raw/paderborn,data/raw/paderborn/K006/N15_M07_F04_K006_4.mat,N15_M07_F04_K006_4.mat,.mat,8714904,matlab,True,N15_M07_F04,N15,M07,F04,K006,4,healthy,,bearing_code_prefix,N15_M07_F04_K006_4:1x1:struct,
canonical_raw_root,data/raw/paderborn,data/raw/paderborn/K006/N15_M07_F04_K006_5.mat,N15_M07_F04_K006_5.mat,.mat,8888728,matlab,True,N15_M07_F04,N15,M07,F04,K006,5,healthy,,bearing_code_prefix,N15_M07_F04_K006_5:1x1:struct,
canonical_raw_root,data/raw/paderborn,data/raw/paderborn/K006/N15_M07_F04_K006_6.mat,N15_M07_F04_K006_6.mat,.mat,8714904,matlab,True,N15_M07_F04,N15,M07,F04,K006,6,healthy,,bearing_code_prefix,N15_M07_F04_K006_6:1x1:struct,
canonical_raw_root,data/raw/paderborn,data/raw/paderborn/K006/N15_M07_F04_K006_7.mat,N15_M07_F04_K006_7.mat,.mat,8714904,matlab,True,N15_M07_F04,N15,M07,F04,K006,7,healthy,,bearing_code_prefix,N15_M07_F04_K006_7:1x1:struct,
canonical_raw_root,data/raw/paderborn,data/raw/paderborn/K006/N15_M07_F04_K006_8.mat,N15_M07_F04_K006_8.mat,.mat,8768824,matlab,True,N15_M07_F04,N15,M07,F04,K006,8,healthy,,bearing_code_prefix,N15_M07_F04_K006_8:1x1:struct,
canonical_raw_root,data/raw/paderborn,data/raw/paderborn/K006/N15_M07_F04_K006_9.mat,N15_M07_F04_K006_9.mat,.mat,8714904,matlab,True,N15_M07_F04,N15,M07,F04,K006,9,healthy,,bearing_code_prefix,N15_M07_F04_K006_9:1x1:struct,
canonical_raw_root,data/raw/paderborn,data/raw/paderborn/K006/N15_M07_F10_K006_1.mat,N15_M07_F10_K006_1.mat,.mat,8714904,matlab,True,N15_M07_F10,N15,M07,F10,K006,1,healthy,,bearing_code_prefix,N15_M07_F10_K006_1:1x1:struct,
canonical_raw_root,data/raw/paderborn,data/raw/paderborn/K006/N15_M07_F10_K006_10.mat,N15_M07_F10_K006_10.mat,.mat,8756472,matlab,True,N15_M07_F10,N15,M07,F10,K006,10,healthy,,bearing_code_prefix,N15_M07_F10_K006_10:1x1:struct,
canonical_raw_root,data/raw/paderborn,data/raw/paderborn/K006/N15_M07_F10_K006_11.mat,N15_M07_F10_K006_11.mat,.mat,8714904,matlab,True,N15_M07_F10,N15,M07,F10,K006,11,healthy,,bearing_code_prefix,N15_M07_F10_K006_11:1x1:struct,
canonical_raw_root,data/raw/paderborn,data/raw/paderborn/K006/N15_M07_F10_K006_12.mat,N15_M07_F10_K006_12.mat,.mat,9030744,matlab,True,N15_M07_F10,N15,M07,F10,K006,12,healthy,,bearing_code_prefix,N15_M07_F10_K006_12:1x1:struct,
canonical_raw_root,data/raw/paderborn,data/raw/paderborn/K006/N15_M07_F10_K006_13.mat,N15_M07_F10_K006_13.mat,.mat,8717592,matlab,True,N15_M07_F10,N15,M07,F10,K006,13,healthy,,bearing_code_prefix,N15_M07_F10_K006_13:1x1:struct,
canonical_raw_root,data/raw/paderborn,data/raw/paderborn/K006/N15_M07_F10_K006_14.mat,N15_M07_F10_K006_14.mat,.mat,8746136,matlab,True,N15_M07_F10,N15,M07,F10,K006,14,healthy,,bearing_code_prefix,N15_M07_F10_K006_14:1x1:struct,
canonical_raw_root,data/raw/paderborn,data/raw/paderborn/K006/N15_M07_F10_K006_15.mat,N15_M07_F10_K006_15.mat,.mat,8714904,matlab,True,N15_M07_F10,N15,M07,F10,K006,15,healthy,,bearing_code_prefix,N15_M07_F10_K006_15:1x1:struct,
canonical_raw_root,data/raw/paderborn,data/raw/paderborn/K006/N15_M07_F10_K006_16.mat,N15_M07_F10_K006_16.mat,.mat,8718200,matlab,True,N15_M07_F10,N15,M07,F10,K006,16,healthy,,bearing_code_prefix,N15_M07_F10_K006_16:1x1:struct,
canonical_raw_root,data/raw/paderborn,data/raw/paderborn/K006/N15_M07_F10_K006_17.mat,N15_M07_F10_K006_17.mat,.mat,8754936,matlab,True,N15_M07_F10,N15,M07,F10,K006,17,healthy,,bearing_code_prefix,N15_M07_F10_K006_17:1x1:struct,
canonical_raw_root,data/raw/paderborn,data/raw/paderborn/K006/N15_M07_F10_K006_18.mat,N15_M07_F10_K006_18.mat,.mat,8714904,matlab,True,N15_M07_F10,N15,M07,F10,K006,18,healthy,,bearing_code_prefix,N15_M07_F10_K006_18:1x1:struct,
canonical_raw_root,data/raw/paderborn,data/raw/paderborn/K006/N15_M07_F10_K006_19.mat,N15_M07_F10_K006_19.mat,.mat,8763160,matlab,True,N15_M07_F10,N15,M07,F10,K006,19,healthy,,bearing_code_prefix,N15_M07_F10_K006_19:1x1:struct,
canonical_raw_root,data/raw/paderborn,data/raw/paderborn/K006/N15_M07_F10_K006_2.mat,N15_M07_F10_K006_2.mat,.mat,8714904,matlab,True,N15_M07_F10,N15,M07,F10,K006,2,healthy,,bearing_code_prefix,N15_M07_F10_K006_2:1x1:struct,
canonical_raw_root,data/raw/paderborn,data/raw/paderborn/K006/N15_M07_F10_K006_20.mat,N15_M07_F10_K006_20.mat,.mat,8718080,matlab,True,N15_M07_F10,N15,M07,F10,K006,20,healthy,,bearing_code_prefix,N15_M07_F10_K006_20:1x1:struct,
canonical_raw_root,data/raw/paderborn,data/raw/paderborn/K006/N15_M07_F10_K006_3.mat,N15_M07_F10_K006_3.mat,.mat,8760696,matlab,True,N15_M07_F10,N15,M07,F10,K006,3,healthy,,bearing_code_prefix,N15_M07_F10_K006_3:1x1:struct,
canonical_raw_root,data/raw/paderborn,data/raw/paderborn/K006/N15_M07_F10_K006_4.mat,N15_M07_F10_K006_4.mat,.mat,8717528,matlab,True,N15_M07_F10,N15,M07,F10,K006,4,healthy,,bearing_code_prefix,N15_M07_F10_K006_4:1x1:struct,
canonical_raw_root,data/raw/paderborn,data/raw/paderborn/K006/N15_M07_F10_K006_5.mat,N15_M07_F10_K006_5.mat,.mat,8714904,matlab,True,N15_M07_F10,N15,M07,F10,K006,5,healthy,,bearing_code_prefix,N15_M07_F10_K006_5:1x1:struct,
canonical_raw_root,data/raw/paderborn,data/raw/paderborn/K006/N15_M07_F10_K006_6.mat,N15_M07_F10_K006_6.mat,.mat,8714904,matlab,True,N15_M07_F10,N15,M07,F10,K006,6,healthy,,bearing_code_prefix,N15_M07_F10_K006_6:1x1:struct,
canonical_raw_root,data/raw/paderborn,data/raw/paderborn/K006/N15_M07_F10_K006_7.mat,N15_M07_F10_K006_7.mat,.mat,8714872,matlab,True,N15_M07_F10,N15,M07,F10,K006,7,healthy,,bearing_code_prefix,N15_M07_F10_K006_7:1x1:struct,
canonical_raw_root,data/raw/paderborn,data/raw/paderborn/K006/N15_M07_F10_K006_8.mat,N15_M07_F10_K006_8.mat,.mat,8757112,matlab,True,N15_M07_F10,N15,M07,F10,K006,8,healthy,,bearing_code_prefix,N15_M07_F10_K006_8:1x1:struct,
canonical_raw_root,data/raw/paderborn,data/raw/paderborn/K006/N15_M07_F10_K006_9.mat,N15_M07_F10_K006_9.mat,.mat,8717592,matlab,True,N15_M07_F10,N15,M07,F10,K006,9,healthy,,bearing_code_prefix,N15_M07_F10_K006_9:1x1:struct,
canonical_raw_root,data/raw/paderborn,data/raw/paderborn/KA01/KA01.pdf,KA01.pdf,.pdf,231163,pdf,False,,,,,KA01,,damaged,KA,bearing_code_prefix,,No metadata inspector is implemented for this extension
canonical_raw_root,data/raw/paderborn,data/raw/paderborn/KA01/measuring_log_KA01.pdf,measuring_log_KA01.pdf,.pdf,138874,pdf,False,,,,,KA01,,damaged,KA,bearing_code_prefix,,No metadata inspector is implemented for this extension
canonical_raw_root,data/raw/paderborn,data/raw/paderborn/KA01/N09_M07_F10_KA01_1.mat,N09_M07_F10_KA01_1.mat,.mat,8714904,matlab,True,N09_M07_F10,N09,M07,F10,KA01,1,damaged,KA,bearing_code_prefix,N09_M07_F10_KA01_1:1x1:struct,
canonical_raw_root,data/raw/paderborn,data/raw/paderborn/KA01/N09_M07_F10_KA01_10.mat,N09_M07_F10_KA01_10.mat,.mat,8714872,matlab,True,N09_M07_F10,N09,M07,F10,KA01,10,damaged,KA,bearing_code_prefix,N09_M07_F10_KA01_10:1x1:struct,
canonical_raw_root,data/raw/paderborn,data/raw/paderborn/KA01/N09_M07_F10_KA01_11.mat,N09_M07_F10_KA01_11.mat,.mat,8727672,matlab,True,N09_M07_F10,N09,M07,F10,KA01,11,damaged,KA,bearing_code_prefix,N09_M07_F10_KA01_11:1x1:struct,
canonical_raw_root,data/raw/paderborn,data/raw/paderborn/KA01/N09_M07_F10_KA01_12.mat,N09_M07_F10_KA01_12.mat,.mat,8717592,matlab,True,N09_M07_F10,N09,M07,F10,KA01,12,damaged,KA,bearing_code_prefix,N09_M07_F10_KA01_12:1x1:struct,
canonical_raw_root,data/raw/paderborn,data/raw/paderborn/KA01/N09_M07_F10_KA01_13.mat,N09_M07_F10_KA01_13.mat,.mat,8714872,matlab,True,N09_M07_F10,N09,M07,F10,KA01,13,damaged,KA,bearing_code_prefix,N09_M07_F10_KA01_13:1x1:struct,
canonical_raw_root,data/raw/paderborn,data/raw/paderborn/KA01/N09_M07_F10_KA01_14.mat,N09_M07_F10_KA01_14.mat,.mat,8715032,matlab,True,N09_M07_F10,N09,M07,F10,KA01,14,damaged,KA,bearing_code_prefix,N09_M07_F10_KA01_14:1x1:struct,
canonical_raw_root,data/raw/paderborn,data/raw/paderborn/KA01/N09_M07_F10_KA01_15.mat,N09_M07_F10_KA01_15.mat,.mat,8717784,matlab,True,N09_M07_F10,N09,M07,F10,KA01,15,damaged,KA,bearing_code_prefix,N09_M07_F10_KA01_15:1x1:struct,
canonical_raw_root,data/raw/paderborn,data/raw/paderborn/KA01/N09_M07_F10_KA01_16.mat,N09_M07_F10_KA01_16.mat,.mat,8714904,matlab,True,N09_M07_F10,N09,M07,F10,KA01,16,damaged,KA,bearing_code_prefix,N09_M07_F10_KA01_16:1x1:struct,
canonical_raw_root,data/raw/paderborn,data/raw/paderborn/KA01/N09_M07_F10_KA01_17.mat,N09_M07_F10_KA01_17.mat,.mat,8717608,matlab,True,N09_M07_F10,N09,M07,F10,KA01,17,damaged,KA,bearing_code_prefix,N09_M07_F10_KA01_17:1x1:struct,
canonical_raw_root,data/raw/paderborn,data/raw/paderborn/KA01/N09_M07_F10_KA01_18.mat,N09_M07_F10_KA01_18.mat,.mat,8714904,matlab,True,N09_M07_F10,N09,M07,F10,KA01,18,damaged,KA,bearing_code_prefix,N09_M07_F10_KA01_18:1x1:struct,
canonical_raw_root,data/raw/paderborn,data/raw/paderborn/KA01/N09_M07_F10_KA01_19.mat,N09_M07_F10_KA01_19.mat,.mat,8714968,matlab,True,N09_M07_F10,N09,M07,F10,KA01,19,damaged,KA,bearing_code_prefix,N09_M07_F10_KA01_19:1x1:struct,
canonical_raw_root,data/raw/paderborn,data/raw/paderborn/KA01/N09_M07_F10_KA01_2.mat,N09_M07_F10_KA01_2.mat,.mat,8717848,matlab,True,N09_M07_F10,N09,M07,F10,KA01,2,damaged,KA,bearing_code_prefix,N09_M07_F10_KA01_2:1x1:struct,
canonical_raw_root,data/raw/paderborn,data/raw/paderborn/KA01/N09_M07_F10_KA01_20.mat,N09_M07_F10_KA01_20.mat,.mat,8714904,matlab,True,N09_M07_F10,N09,M07,F10,KA01,20,damaged,KA,bearing_code_prefix,N09_M07_F10_KA01_20:1x1:struct,
canonical_raw_root,data/raw/paderborn,data/raw/paderborn/KA01/N09_M07_F10_KA01_3.mat,N09_M07_F10_KA01_3.mat,.mat,8714936,matlab,True,N09_M07_F10,N09,M07,F10,KA01,3,damaged,KA,bearing_code_prefix,N09_M07_F10_KA01_3:1x1:struct,
canonical_raw_root,data/raw/paderborn,data/raw/paderborn/KA01/N09_M07_F10_KA01_4.mat,N09_M07_F10_KA01_4.mat,.mat,8715000,matlab,True,N09_M07_F10,N09,M07,F10,KA01,4,damaged,KA,bearing_code_prefix,N09_M07_F10_KA01_4:1x1:struct,
canonical_raw_root,data/raw/paderborn,data/raw/paderborn/KA01/N09_M07_F10_KA01_5.mat,N09_M07_F10_KA01_5.mat,.mat,8714904,matlab,True,N09_M07_F10,N09,M07,F10,KA01,5,damaged,KA,bearing_code_prefix,N09_M07_F10_KA01_5:1x1:struct,
canonical_raw_root,data/raw/paderborn,data/raw/paderborn/KA01/N09_M07_F10_KA01_6.mat,N09_M07_F10_KA01_6.mat,.mat,8718336,matlab,True,N09_M07_F10,N09,M07,F10,KA01,6,damaged,KA,bearing_code_prefix,N09_M07_F10_KA01_6:1x1:struct,
canonical_raw_root,data/raw/paderborn,data/raw/paderborn/KA01/N09_M07_F10_KA01_7.mat,N09_M07_F10_KA01_7.mat,.mat,8714904,matlab,True,N09_M07_F10,N09,M07,F10,KA01,7,damaged,KA,bearing_code_prefix,N09_M07_F10_KA01_7:1x1:struct,
canonical_raw_root,data/raw/paderborn,data/raw/paderborn/KA01/N09_M07_F10_KA01_8.mat,N09_M07_F10_KA01_8.mat,.mat,8714968,matlab,True,N09_M07_F10,N09,M07,F10,KA01,8,damaged,KA,bearing_code_prefix,N09_M07_F10_KA01_8:1x1:struct,
canonical_raw_root,data/raw/paderborn,data/raw/paderborn/KA01/N09_M07_F10_KA01_9.mat,N09_M07_F10_KA01_9.mat,.mat,8718240,matlab,True,N09_M07_F10,N09,M07,F10,KA01,9,damaged,KA,bearing_code_prefix,N09_M07_F10_KA01_9:1x1:struct,
canonical_raw_root,data/raw/paderborn,data/raw/paderborn/KA01/N15_M01_F10_KA01_1.mat,N15_M01_F10_KA01_1.mat,.mat,8717496,matlab,True,N15_M01_F10,N15,M01,F10,KA01,1,damaged,KA,bearing_code_prefix,N15_M01_F10_KA01_1:1x1:struct,
canonical_raw_root,data/raw/paderborn,data/raw/paderborn/KA01/N15_M01_F10_KA01_10.mat,N15_M01_F10_KA01_10.mat,.mat,8714904,matlab,True,N15_M01_F10,N15,M01,F10,KA01,10,damaged,KA,bearing_code_prefix,N15_M01_F10_KA01_10:1x1:struct,
canonical_raw_root,data/raw/paderborn,data/raw/paderborn/KA01/N15_M01_F10_KA01_11.mat,N15_M01_F10_KA01_11.mat,.mat,8714904,matlab,True,N15_M01_F10,N15,M01,F10,KA01,11,damaged,KA,bearing_code_prefix,N15_M01_F10_KA01_11:1x1:struct,
canonical_raw_root,data/raw/paderborn,data/raw/paderborn/KA01/N15_M01_F10_KA01_12.mat,N15_M01_F10_KA01_12.mat,.mat,8714904,matlab,True,N15_M01_F10,N15,M01,F10,KA01,12,damaged,KA,bearing_code_prefix,N15_M01_F10_KA01_12:1x1:struct,
canonical_raw_root,data/raw/paderborn,data/raw/paderborn/KA01/N15_M01_F10_KA01_13.mat,N15_M01_F10_KA01_13.mat,.mat,8717672,matlab,True,N15_M01_F10,N15,M01,F10,KA01,13,damaged,KA,bearing_code_prefix,N15_M01_F10_KA01_13:1x1:struct,
canonical_raw_root,data/raw/paderborn,data/raw/paderborn/KA01/N15_M01_F10_KA01_14.mat,N15_M01_F10_KA01_14.mat,.mat,8714872,matlab,True,N15_M01_F10,N15,M01,F10,KA01,14,damaged,KA,bearing_code_prefix,N15_M01_F10_KA01_14:1x1:struct,
canonical_raw_root,data/raw/paderborn,data/raw/paderborn/KA01/N15_M01_F10_KA01_15.mat,N15_M01_F10_KA01_15.mat,.mat,8714904,matlab,True,N15_M01_F10,N15,M01,F10,KA01,15,damaged,KA,bearing_code_prefix,N15_M01_F10_KA01_15:1x1:struct,
canonical_raw_root,data/raw/paderborn,data/raw/paderborn/KA01/N15_M01_F10_KA01_16.mat,N15_M01_F10_KA01_16.mat,.mat,8718072,matlab,True,N15_M01_F10,N15,M01,F10,KA01,16,damaged,KA,bearing_code_prefix,N15_M01_F10_KA01_16:1x1:struct,
canonical_raw_root,data/raw/paderborn,data/raw/paderborn/KA01/N15_M01_F10_KA01_17.mat,N15_M01_F10_KA01_17.mat,.mat,8717160,matlab,True,N15_M01_F10,N15,M01,F10,KA01,17,damaged,KA,bearing_code_prefix,N15_M01_F10_KA01_17:1x1:struct,
canonical_raw_root,data/raw/paderborn,data/raw/paderborn/KA01/N15_M01_F10_KA01_18.mat,N15_M01_F10_KA01_18.mat,.mat,8714872,matlab,True,N15_M01_F10,N15,M01,F10,KA01,18,damaged,KA,bearing_code_prefix,N15_M01_F10_KA01_18:1x1:struct,
canonical_raw_root,data/raw/paderborn,data/raw/paderborn/KA01/N15_M01_F10_KA01_19.mat,N15_M01_F10_KA01_19.mat,.mat,8714904,matlab,True,N15_M01_F10,N15,M01,F10,KA01,19,damaged,KA,bearing_code_prefix,N15_M01_F10_KA01_19:1x1:struct,
canonical_raw_root,data/raw/paderborn,data/raw/paderborn/KA01/N15_M01_F10_KA01_2.mat,N15_M01_F10_KA01_2.mat,.mat,8714936,matlab,True,N15_M01_F10,N15,M01,F10,KA01,2,damaged,KA,bearing_code_prefix,N15_M01_F10_KA01_2:1x1:struct,
canonical_raw_root,data/raw/paderborn,data/raw/paderborn/KA01/N15_M01_F10_KA01_20.mat,N15_M01_F10_KA01_20.mat,.mat,8714872,matlab,True,N15_M01_F10,N15,M01,F10,KA01,20,damaged,KA,bearing_code_prefix,N15_M01_F10_KA01_20:1x1:struct,
canonical_raw_root,data/raw/paderborn,data/raw/paderborn/KA01/N15_M01_F10_KA01_3.mat,N15_M01_F10_KA01_3.mat,.mat,8715032,matlab,True,N15_M01_F10,N15,M01,F10,KA01,3,damaged,KA,bearing_code_prefix,N15_M01_F10_KA01_3:1x1:struct,
canonical_raw_root,data/raw/paderborn,data/raw/paderborn/KA01/N15_M01_F10_KA01_4.mat,N15_M01_F10_KA01_4.mat,.mat,8718176,matlab,True,N15_M01_F10,N15,M01,F10,KA01,4,damaged,KA,bearing_code_prefix,N15_M01_F10_KA01_4:1x1:struct,
canonical_raw_root,data/raw/paderborn,data/raw/paderborn/KA01/N15_M01_F10_KA01_5.mat,N15_M01_F10_KA01_5.mat,.mat,8718424,matlab,True,N15_M01_F10,N15,M01,F10,KA01,5,damaged,KA,bearing_code_prefix,N15_M01_F10_KA01_5:1x1:struct,
canonical_raw_root,data/raw/paderborn,data/raw/paderborn/KA01/N15_M01_F10_KA01_6.mat,N15_M01_F10_KA01_6.mat,.mat,8714904,matlab,True,N15_M01_F10,N15,M01,F10,KA01,6,damaged,KA,bearing_code_prefix,N15_M01_F10_KA01_6:1x1:struct,
canonical_raw_root,data/raw/paderborn,data/raw/paderborn/KA01/N15_M01_F10_KA01_7.mat,N15_M01_F10_KA01_7.mat,.mat,8714968,matlab,True,N15_M01_F10,N15,M01,F10,KA01,7,damaged,KA,bearing_code_prefix,N15_M01_F10_KA01_7:1x1:struct,
canonical_raw_root,data/raw/paderborn,data/raw/paderborn/KA01/N15_M01_F10_KA01_8.mat,N15_M01_F10_KA01_8.mat,.mat,8714872,matlab,True,N15_M01_F10,N15,M01,F10,KA01,8,damaged,KA,bearing_code_prefix,N15_M01_F10_KA01_8:1x1:struct,
canonical_raw_root,data/raw/paderborn,data/raw/paderborn/KA01/N15_M01_F10_KA01_9.mat,N15_M01_F10_KA01_9.mat,.mat,8714808,matlab,True,N15_M01_F10,N15,M01,F10,KA01,9,damaged,KA,bearing_code_prefix,N15_M01_F10_KA01_9:1x1:struct,
canonical_raw_root,data/raw/paderborn,data/raw/paderborn/KA01/N15_M07_F04_KA01_1.mat,N15_M07_F04_KA01_1.mat,.mat,8717848,matlab,True,N15_M07_F04,N15,M07,F04,KA01,1,damaged,KA,bearing_code_prefix,N15_M07_F04_KA01_1:1x1:struct,
canonical_raw_root,data/raw/paderborn,data/raw/paderborn/KA01/N15_M07_F04_KA01_10.mat,N15_M07_F04_KA01_10.mat,.mat,8714904,matlab,True,N15_M07_F04,N15,M07,F04,KA01,10,damaged,KA,bearing_code_prefix,N15_M07_F04_KA01_10:1x1:struct,
canonical_raw_root,data/raw/paderborn,data/raw/paderborn/KA01/N15_M07_F04_KA01_11.mat,N15_M07_F04_KA01_11.mat,.mat,8714872,matlab,True,N15_M07_F04,N15,M07,F04,KA01,11,damaged,KA,bearing_code_prefix,N15_M07_F04_KA01_11:1x1:struct,
canonical_raw_root,data/raw/paderborn,data/raw/paderborn/KA01/N15_M07_F04_KA01_12.mat,N15_M07_F04_KA01_12.mat,.mat,8714904,matlab,True,N15_M07_F04,N15,M07,F04,KA01,12,damaged,KA,bearing_code_prefix,N15_M07_F04_KA01_12:1x1:struct,
canonical_raw_root,data/raw/paderborn,data/raw/paderborn/KA01/N15_M07_F04_KA01_13.mat,N15_M07_F04_KA01_13.mat,.mat,8714840,matlab,True,N15_M07_F04,N15,M07,F04,KA01,13,damaged,KA,bearing_code_prefix,N15_M07_F04_KA01_13:1x1:struct,
canonical_raw_root,data/raw/paderborn,data/raw/paderborn/KA01/N15_M07_F04_KA01_14.mat,N15_M07_F04_KA01_14.mat,.mat,8717272,matlab,True,N15_M07_F04,N15,M07,F04,KA01,14,damaged,KA,bearing_code_prefix,N15_M07_F04_KA01_14:1x1:struct,
canonical_raw_root,data/raw/paderborn,data/raw/paderborn/KA01/N15_M07_F04_KA01_15.mat,N15_M07_F04_KA01_15.mat,.mat,8714872,matlab,True,N15_M07_F04,N15,M07,F04,KA01,15,damaged,KA,bearing_code_prefix,N15_M07_F04_KA01_15:1x1:struct,
canonical_raw_root,data/raw/paderborn,data/raw/paderborn/KA01/N15_M07_F04_KA01_16.mat,N15_M07_F04_KA01_16.mat,.mat,9388440,matlab,True,N15_M07_F04,N15,M07,F04,KA01,16,damaged,KA,bearing_code_prefix,N15_M07_F04_KA01_16:1x1:struct,
canonical_raw_root,data/raw/paderborn,data/raw/paderborn/KA01/N15_M07_F04_KA01_17.mat,N15_M07_F04_KA01_17.mat,.mat,8717976,matlab,True,N15_M07_F04,N15,M07,F04,KA01,17,damaged,KA,bearing_code_prefix,N15_M07_F04_KA01_17:1x1:struct,
canonical_raw_root,data/raw/paderborn,data/raw/paderborn/KA01/N15_M07_F04_KA01_18.mat,N15_M07_F04_KA01_18.mat,.mat,8714904,matlab,True,N15_M07_F04,N15,M07,F04,KA01,18,damaged,KA,bearing_code_prefix,N15_M07_F04_KA01_18:1x1:struct,
canonical_raw_root,data/raw/paderborn,data/raw/paderborn/KA01/N15_M07_F04_KA01_19.mat,N15_M07_F04_KA01_19.mat,.mat,8728280,matlab,True,N15_M07_F04,N15,M07,F04,KA01,19,damaged,KA,bearing_code_prefix,N15_M07_F04_KA01_19:1x1:struct,
canonical_raw_root,data/raw/paderborn,data/raw/paderborn/KA01/N15_M07_F04_KA01_2.mat,N15_M07_F04_KA01_2.mat,.mat,8714872,matlab,True,N15_M07_F04,N15,M07,F04,KA01,2,damaged,KA,bearing_code_prefix,N15_M07_F04_KA01_2:1x1:struct,
canonical_raw_root,data/raw/paderborn,data/raw/paderborn/KA01/N15_M07_F04_KA01_20.mat,N15_M07_F04_KA01_20.mat,.mat,8717592,matlab,True,N15_M07_F04,N15,M07,F04,KA01,20,damaged,KA,bearing_code_prefix,N15_M07_F04_KA01_20:1x1:struct,
canonical_raw_root,data/raw/paderborn,data/raw/paderborn/KA01/N15_M07_F04_KA01_3.mat,N15_M07_F04_KA01_3.mat,.mat,8714904,matlab,True,N15_M07_F04,N15,M07,F04,KA01,3,damaged,KA,bearing_code_prefix,N15_M07_F04_KA01_3:1x1:struct,
canonical_raw_root,data/raw/paderborn,data/raw/paderborn/KA01/N15_M07_F04_KA01_4.mat,N15_M07_F04_KA01_4.mat,.mat,8714968,matlab,True,N15_M07_F04,N15,M07,F04,KA01,4,damaged,KA,bearing_code_prefix,N15_M07_F04_KA01_4:1x1:struct,
canonical_raw_root,data/raw/paderborn,data/raw/paderborn/KA01/N15_M07_F04_KA01_5.mat,N15_M07_F04_KA01_5.mat,.mat,8714840,matlab,True,N15_M07_F04,N15,M07,F04,KA01,5,damaged,KA,bearing_code_prefix,N15_M07_F04_KA01_5:1x1:struct,
canonical_raw_root,data/raw/paderborn,data/raw/paderborn/KA01/N15_M07_F04_KA01_6.mat,N15_M07_F04_KA01_6.mat,.mat,8717592,matlab,True,N15_M07_F04,N15,M07,F04,KA01,6,damaged,KA,bearing_code_prefix,N15_M07_F04_KA01_6:1x1:struct,
canonical_raw_root,data/raw/paderborn,data/raw/paderborn/KA01/N15_M07_F04_KA01_7.mat,N15_M07_F04_KA01_7.mat,.mat,8714872,matlab,True,N15_M07_F04,N15,M07,F04,KA01,7,damaged,KA,bearing_code_prefix,N15_M07_F04_KA01_7:1x1:struct,
canonical_raw_root,data/raw/paderborn,data/raw/paderborn/KA01/N15_M07_F04_KA01_8.mat,N15_M07_F04_KA01_8.mat,.mat,8714904,matlab,True,N15_M07_F04,N15,M07,F04,KA01,8,damaged,KA,bearing_code_prefix,N15_M07_F04_KA01_8:1x1:struct,
canonical_raw_root,data/raw/paderborn,data/raw/paderborn/KA01/N15_M07_F04_KA01_9.mat,N15_M07_F04_KA01_9.mat,.mat,8717304,matlab,True,N15_M07_F04,N15,M07,F04,KA01,9,damaged,KA,bearing_code_prefix,N15_M07_F04_KA01_9:1x1:struct,
canonical_raw_root,data/raw/paderborn,data/raw/paderborn/KA01/N15_M07_F10_KA01_1.mat,N15_M07_F10_KA01_1.mat,.mat,8714872,matlab,True,N15_M07_F10,N15,M07,F10,KA01,1,damaged,KA,bearing_code_prefix,N15_M07_F10_KA01_1:1x1:struct,
canonical_raw_root,data/raw/paderborn,data/raw/paderborn/KA01/N15_M07_F10_KA01_10.mat,N15_M07_F10_KA01_10.mat,.mat,8714872,matlab,True,N15_M07_F10,N15,M07,F10,KA01,10,damaged,KA,bearing_code_prefix,N15_M07_F10_KA01_10:1x1:struct,
canonical_raw_root,data/raw/paderborn,data/raw/paderborn/KA01/N15_M07_F10_KA01_11.mat,N15_M07_F10_KA01_11.mat,.mat,8714872,matlab,True,N15_M07_F10,N15,M07,F10,KA01,11,damaged,KA,bearing_code_prefix,N15_M07_F10_KA01_11:1x1:struct,
canonical_raw_root,data/raw/paderborn,data/raw/paderborn/KA01/N15_M07_F10_KA01_12.mat,N15_M07_F10_KA01_12.mat,.mat,8714904,matlab,True,N15_M07_F10,N15,M07,F10,KA01,12,damaged,KA,bearing_code_prefix,N15_M07_F10_KA01_12:1x1:struct,
canonical_raw_root,data/raw/paderborn,data/raw/paderborn/KA01/N15_M07_F10_KA01_13.mat,N15_M07_F10_KA01_13.mat,.mat,8715096,matlab,True,N15_M07_F10,N15,M07,F10,KA01,13,damaged,KA,bearing_code_prefix,N15_M07_F10_KA01_13:1x1:struct,
canonical_raw_root,data/raw/paderborn,data/raw/paderborn/KA01/N15_M07_F10_KA01_14.mat,N15_M07_F10_KA01_14.mat,.mat,8715128,matlab,True,N15_M07_F10,N15,M07,F10,KA01,14,damaged,KA,bearing_code_prefix,N15_M07_F10_KA01_14:1x1:struct,
canonical_raw_root,data/raw/paderborn,data/raw/paderborn/KA01/N15_M07_F10_KA01_15.mat,N15_M07_F10_KA01_15.mat,.mat,9286104,matlab,True,N15_M07_F10,N15,M07,F10,KA01,15,damaged,KA,bearing_code_prefix,N15_M07_F10_KA01_15:1x1:struct,
canonical_raw_root,data/raw/paderborn,data/raw/paderborn/KA01/N15_M07_F10_KA01_16.mat,N15_M07_F10_KA01_16.mat,.mat,8734552,matlab,True,N15_M07_F10,N15,M07,F10,KA01,16,damaged,KA,bearing_code_prefix,N15_M07_F10_KA01_16:1x1:struct,
canonical_raw_root,data/raw/paderborn,data/raw/paderborn/KA01/N15_M07_F10_KA01_17.mat,N15_M07_F10_KA01_17.mat,.mat,8715032,matlab,True,N15_M07_F10,N15,M07,F10,KA01,17,damaged,KA,bearing_code_prefix,N15_M07_F10_KA01_17:1x1:struct,
canonical_raw_root,data/raw/paderborn,data/raw/paderborn/KA01/N15_M07_F10_KA01_18.mat,N15_M07_F10_KA01_18.mat,.mat,8714872,matlab,True,N15_M07_F10,N15,M07,F10,KA01,18,damaged,KA,bearing_code_prefix,N15_M07_F10_KA01_18:1x1:struct,
canonical_raw_root,data/raw/paderborn,data/raw/paderborn/KA01/N15_M07_F10_KA01_19.mat,N15_M07_F10_KA01_19.mat,.mat,8717568,matlab,True,N15_M07_F10,N15,M07,F10,KA01,19,damaged,KA,bearing_code_prefix,N15_M07_F10_KA01_19:1x1:struct,
canonical_raw_root,data/raw/paderborn,data/raw/paderborn/KA01/N15_M07_F10_KA01_2.mat,N15_M07_F10_KA01_2.mat,.mat,8718104,matlab,True,N15_M07_F10,N15,M07,F10,KA01,2,damaged,KA,bearing_code_prefix,N15_M07_F10_KA01_2:1x1:struct,
canonical_raw_root,data/raw/paderborn,data/raw/paderborn/KA01/N15_M07_F10_KA01_20.mat,N15_M07_F10_KA01_20.mat,.mat,8718648,matlab,True,N15_M07_F10,N15,M07,F10,KA01,20,damaged,KA,bearing_code_prefix,N15_M07_F10_KA01_20:1x1:struct,
canonical_raw_root,data/raw/paderborn,data/raw/paderborn/KA01/N15_M07_F10_KA01_3.mat,N15_M07_F10_KA01_3.mat,.mat,8714968,matlab,True,N15_M07_F10,N15,M07,F10,KA01,3,damaged,KA,bearing_code_prefix,N15_M07_F10_KA01_3:1x1:struct,
canonical_raw_root,data/raw/paderborn,data/raw/paderborn/KA01/N15_M07_F10_KA01_4.mat,N15_M07_F10_KA01_4.mat,.mat,8714872,matlab,True,N15_M07_F10,N15,M07,F10,KA01,4,damaged,KA,bearing_code_prefix,N15_M07_F10_KA01_4:1x1:struct,
canonical_raw_root,data/raw/paderborn,data/raw/paderborn/KA01/N15_M07_F10_KA01_5.mat,N15_M07_F10_KA01_5.mat,.mat,8714904,matlab,True,N15_M07_F10,N15,M07,F10,KA01,5,damaged,KA,bearing_code_prefix,N15_M07_F10_KA01_5:1x1:struct,
canonical_raw_root,data/raw/paderborn,data/raw/paderborn/KA01/N15_M07_F10_KA01_6.mat,N15_M07_F10_KA01_6.mat,.mat,8714872,matlab,True,N15_M07_F10,N15,M07,F10,KA01,6,damaged,KA,bearing_code_prefix,N15_M07_F10_KA01_6:1x1:struct,
canonical_raw_root,data/raw/paderborn,data/raw/paderborn/KA01/N15_M07_F10_KA01_7.mat,N15_M07_F10_KA01_7.mat,.mat,8714904,matlab,True,N15_M07_F10,N15,M07,F10,KA01,7,damaged,KA,bearing_code_prefix,N15_M07_F10_KA01_7:1x1:struct,
canonical_raw_root,data/raw/paderborn,data/raw/paderborn/KA01/N15_M07_F10_KA01_8.mat,N15_M07_F10_KA01_8.mat,.mat,8714904,matlab,True,N15_M07_F10,N15,M07,F10,KA01,8,damaged,KA,bearing_code_prefix,N15_M07_F10_KA01_8:1x1:struct,
canonical_raw_root,data/raw/paderborn,data/raw/paderborn/KA01/N15_M07_F10_KA01_9.mat,N15_M07_F10_KA01_9.mat,.mat,8714872,matlab,True,N15_M07_F10,N15,M07,F10,KA01,9,damaged,KA,bearing_code_prefix,N15_M07_F10_KA01_9:1x1:struct,
canonical_raw_root,data/raw/paderborn,data/raw/paderborn/KA03/KA03.pdf,KA03.pdf,.pdf,55597,pdf,False,,,,,KA03,,damaged,KA,bearing_code_prefix,,No metadata inspector is implemented for this extension
canonical_raw_root,data/raw/paderborn,data/raw/paderborn/KA03/measuring_log_KA03.pdf,measuring_log_KA03.pdf,.pdf,139229,pdf,False,,,,,KA03,,damaged,KA,bearing_code_prefix,,No metadata inspector is implemented for this extension
canonical_raw_root,data/raw/paderborn,data/raw/paderborn/KA03/N09_M07_F10_KA03_1.mat,N09_M07_F10_KA03_1.mat,.mat,8714904,matlab,True,N09_M07_F10,N09,M07,F10,KA03,1,damaged,KA,bearing_code_prefix,N09_M07_F10_KA03_1:1x1:struct,
canonical_raw_root,data/raw/paderborn,data/raw/paderborn/KA03/N09_M07_F10_KA03_10.mat,N09_M07_F10_KA03_10.mat,.mat,8714904,matlab,True,N09_M07_F10,N09,M07,F10,KA03,10,damaged,KA,bearing_code_prefix,N09_M07_F10_KA03_10:1x1:struct,
canonical_raw_root,data/raw/paderborn,data/raw/paderborn/KA03/N09_M07_F10_KA03_11.mat,N09_M07_F10_KA03_11.mat,.mat,8714904,matlab,True,N09_M07_F10,N09,M07,F10,KA03,11,damaged,KA,bearing_code_prefix,N09_M07_F10_KA03_11:1x1:struct,
canonical_raw_root,data/raw/paderborn,data/raw/paderborn/KA03/N09_M07_F10_KA03_12.mat,N09_M07_F10_KA03_12.mat,.mat,8714872,matlab,True,N09_M07_F10,N09,M07,F10,KA03,12,damaged,KA,bearing_code_prefix,N09_M07_F10_KA03_12:1x1:struct,
canonical_raw_root,data/raw/paderborn,data/raw/paderborn/KA03/N09_M07_F10_KA03_13.mat,N09_M07_F10_KA03_13.mat,.mat,8714904,matlab,True,N09_M07_F10,N09,M07,F10,KA03,13,damaged,KA,bearing_code_prefix,N09_M07_F10_KA03_13:1x1:struct,
canonical_raw_root,data/raw/paderborn,data/raw/paderborn/KA03/N09_M07_F10_KA03_14.mat,N09_M07_F10_KA03_14.mat,.mat,8714904,matlab,True,N09_M07_F10,N09,M07,F10,KA03,14,damaged,KA,bearing_code_prefix,N09_M07_F10_KA03_14:1x1:struct,
canonical_raw_root,data/raw/paderborn,data/raw/paderborn/KA03/N09_M07_F10_KA03_15.mat,N09_M07_F10_KA03_15.mat,.mat,8714904,matlab,True,N09_M07_F10,N09,M07,F10,KA03,15,damaged,KA,bearing_code_prefix,N09_M07_F10_KA03_15:1x1:struct,
canonical_raw_root,data/raw/paderborn,data/raw/paderborn/KA03/N09_M07_F10_KA03_16.mat,N09_M07_F10_KA03_16.mat,.mat,8714904,matlab,True,N09_M07_F10,N09,M07,F10,KA03,16,damaged,KA,bearing_code_prefix,N09_M07_F10_KA03_16:1x1:struct,
canonical_raw_root,data/raw/paderborn,data/raw/paderborn/KA03/N09_M07_F10_KA03_17.mat,N09_M07_F10_KA03_17.mat,.mat,8714904,matlab,True,N09_M07_F10,N09,M07,F10,KA03,17,damaged,KA,bearing_code_prefix,N09_M07_F10_KA03_17:1x1:struct,
canonical_raw_root,data/raw/paderborn,data/raw/paderborn/KA03/N09_M07_F10_KA03_18.mat,N09_M07_F10_KA03_18.mat,.mat,8714904,matlab,True,N09_M07_F10,N09,M07,F10,KA03,18,damaged,KA,bearing_code_prefix,N09_M07_F10_KA03_18:1x1:struct,
canonical_raw_root,data/raw/paderborn,data/raw/paderborn/KA03/N09_M07_F10_KA03_19.mat,N09_M07_F10_KA03_19.mat,.mat,8714872,matlab,True,N09_M07_F10,N09,M07,F10,KA03,19,damaged,KA,bearing_code_prefix,N09_M07_F10_KA03_19:1x1:struct,
canonical_raw_root,data/raw/paderborn,data/raw/paderborn/KA03/N09_M07_F10_KA03_2.mat,N09_M07_F10_KA03_2.mat,.mat,8714840,matlab,True,N09_M07_F10,N09,M07,F10,KA03,2,damaged,KA,bearing_code_prefix,N09_M07_F10_KA03_2:1x1:struct,
canonical_raw_root,data/raw/paderborn,data/raw/paderborn/KA03/N09_M07_F10_KA03_20.mat,N09_M07_F10_KA03_20.mat,.mat,8714904,matlab,True,N09_M07_F10,N09,M07,F10,KA03,20,damaged,KA,bearing_code_prefix,N09_M07_F10_KA03_20:1x1:struct,
canonical_raw_root,data/raw/paderborn,data/raw/paderborn/KA03/N09_M07_F10_KA03_3.mat,N09_M07_F10_KA03_3.mat,.mat,8714936,matlab,True,N09_M07_F10,N09,M07,F10,KA03,3,damaged,KA,bearing_code_prefix,N09_M07_F10_KA03_3:1x1:struct,
canonical_raw_root,data/raw/paderborn,data/raw/paderborn/KA03/N09_M07_F10_KA03_4.mat,N09_M07_F10_KA03_4.mat,.mat,9511352,matlab,True,N09_M07_F10,N09,M07,F10,KA03,4,damaged,KA,bearing_code_prefix,N09_M07_F10_KA03_4:1x1:struct,
canonical_raw_root,data/raw/paderborn,data/raw/paderborn/KA03/N09_M07_F10_KA03_5.mat,N09_M07_F10_KA03_5.mat,.mat,8714936,matlab,True,N09_M07_F10,N09,M07,F10,KA03,5,damaged,KA,bearing_code_prefix,N09_M07_F10_KA03_5:1x1:struct,
canonical_raw_root,data/raw/paderborn,data/raw/paderborn/KA03/N09_M07_F10_KA03_6.mat,N09_M07_F10_KA03_6.mat,.mat,8714904,matlab,True,N09_M07_F10,N09,M07,F10,KA03,6,damaged,KA,bearing_code_prefix,N09_M07_F10_KA03_6:1x1:struct,
canonical_raw_root,data/raw/paderborn,data/raw/paderborn/KA03/N09_M07_F10_KA03_7.mat,N09_M07_F10_KA03_7.mat,.mat,8714904,matlab,True,N09_M07_F10,N09,M07,F10,KA03,7,damaged,KA,bearing_code_prefix,N09_M07_F10_KA03_7:1x1:struct,
canonical_raw_root,data/raw/paderborn,data/raw/paderborn/KA03/N09_M07_F10_KA03_8.mat,N09_M07_F10_KA03_8.mat,.mat,8714904,matlab,True,N09_M07_F10,N09,M07,F10,KA03,8,damaged,KA,bearing_code_prefix,N09_M07_F10_KA03_8:1x1:struct,
canonical_raw_root,data/raw/paderborn,data/raw/paderborn/KA03/N09_M07_F10_KA03_9.mat,N09_M07_F10_KA03_9.mat,.mat,8714904,matlab,True,N09_M07_F10,N09,M07,F10,KA03,9,damaged,KA,bearing_code_prefix,N09_M07_F10_KA03_9:1x1:struct,
canonical_raw_root,data/raw/paderborn,data/raw/paderborn/KA03/N15_M01_F10_KA03_1.mat,N15_M01_F10_KA03_1.mat,.mat,8714936,matlab,True,N15_M01_F10,N15,M01,F10,KA03,1,damaged,KA,bearing_code_prefix,N15_M01_F10_KA03_1:1x1:struct,
canonical_raw_root,data/raw/paderborn,data/raw/paderborn/KA03/N15_M01_F10_KA03_10.mat,N15_M01_F10_KA03_10.mat,.mat,8714872,matlab,True,N15_M01_F10,N15,M01,F10,KA03,10,damaged,KA,bearing_code_prefix,N15_M01_F10_KA03_10:1x1:struct,
canonical_raw_root,data/raw/paderborn,data/raw/paderborn/KA03/N15_M01_F10_KA03_11.mat,N15_M01_F10_KA03_11.mat,.mat,8714904,matlab,True,N15_M01_F10,N15,M01,F10,KA03,11,damaged,KA,bearing_code_prefix,N15_M01_F10_KA03_11:1x1:struct,
canonical_raw_root,data/raw/paderborn,data/raw/paderborn/KA03/N15_M01_F10_KA03_12.mat,N15_M01_F10_KA03_12.mat,.mat,8714904,matlab,True,N15_M01_F10,N15,M01,F10,KA03,12,damaged,KA,bearing_code_prefix,N15_M01_F10_KA03_12:1x1:struct,
canonical_raw_root,data/raw/paderborn,data/raw/paderborn/KA03/N15_M01_F10_KA03_13.mat,N15_M01_F10_KA03_13.mat,.mat,8714872,matlab,True,N15_M01_F10,N15,M01,F10,KA03,13,damaged,KA,bearing_code_prefix,N15_M01_F10_KA03_13:1x1:struct,
canonical_raw_root,data/raw/paderborn,data/raw/paderborn/KA03/N15_M01_F10_KA03_14.mat,N15_M01_F10_KA03_14.mat,.mat,8714968,matlab,True,N15_M01_F10,N15,M01,F10,KA03,14,damaged,KA,bearing_code_prefix,N15_M01_F10_KA03_14:1x1:struct,
canonical_raw_root,data/raw/paderborn,data/raw/paderborn/KA03/N15_M01_F10_KA03_15.mat,N15_M01_F10_KA03_15.mat,.mat,8714904,matlab,True,N15_M01_F10,N15,M01,F10,KA03,15,damaged,KA,bearing_code_prefix,N15_M01_F10_KA03_15:1x1:struct,
canonical_raw_root,data/raw/paderborn,data/raw/paderborn/KA03/N15_M01_F10_KA03_16.mat,N15_M01_F10_KA03_16.mat,.mat,8714936,matlab,True,N15_M01_F10,N15,M01,F10,KA03,16,damaged,KA,bearing_code_prefix,N15_M01_F10_KA03_16:1x1:struct,
canonical_raw_root,data/raw/paderborn,data/raw/paderborn/KA03/N15_M01_F10_KA03_17.mat,N15_M01_F10_KA03_17.mat,.mat,8768504,matlab,True,N15_M01_F10,N15,M01,F10,KA03,17,damaged,KA,bearing_code_prefix,N15_M01_F10_KA03_17:1x1:struct,
canonical_raw_root,data/raw/paderborn,data/raw/paderborn/KA03/N15_M01_F10_KA03_18.mat,N15_M01_F10_KA03_18.mat,.mat,8714936,matlab,True,N15_M01_F10,N15,M01,F10,KA03,18,damaged,KA,bearing_code_prefix,N15_M01_F10_KA03_18:1x1:struct,
canonical_raw_root,data/raw/paderborn,data/raw/paderborn/KA03/N15_M01_F10_KA03_19.mat,N15_M01_F10_KA03_19.mat,.mat,8714936,matlab,True,N15_M01_F10,N15,M01,F10,KA03,19,damaged,KA,bearing_code_prefix,N15_M01_F10_KA03_19:1x1:struct,
canonical_raw_root,data/raw/paderborn,data/raw/paderborn/KA03/N15_M01_F10_KA03_2.mat,N15_M01_F10_KA03_2.mat,.mat,8715032,matlab,True,N15_M01_F10,N15,M01,F10,KA03,2,damaged,KA,bearing_code_prefix,N15_M01_F10_KA03_2:1x1:struct,
canonical_raw_root,data/raw/paderborn,data/raw/paderborn/KA03/N15_M01_F10_KA03_20.mat,N15_M01_F10_KA03_20.mat,.mat,8714904,matlab,True,N15_M01_F10,N15,M01,F10,KA03,20,damaged,KA,bearing_code_prefix,N15_M01_F10_KA03_20:1x1:struct,
canonical_raw_root,data/raw/paderborn,data/raw/paderborn/KA03/N15_M01_F10_KA03_3.mat,N15_M01_F10_KA03_3.mat,.mat,8714904,matlab,True,N15_M01_F10,N15,M01,F10,KA03,3,damaged,KA,bearing_code_prefix,N15_M01_F10_KA03_3:1x1:struct,
canonical_raw_root,data/raw/paderborn,data/raw/paderborn/KA03/N15_M01_F10_KA03_4.mat,N15_M01_F10_KA03_4.mat,.mat,8714872,matlab,True,N15_M01_F10,N15,M01,F10,KA03,4,damaged,KA,bearing_code_prefix,N15_M01_F10_KA03_4:1x1:struct,
canonical_raw_root,data/raw/paderborn,data/raw/paderborn/KA03/N15_M01_F10_KA03_5.mat,N15_M01_F10_KA03_5.mat,.mat,8714872,matlab,True,N15_M01_F10,N15,M01,F10,KA03,5,damaged,KA,bearing_code_prefix,N15_M01_F10_KA03_5:1x1:struct,
canonical_raw_root,data/raw/paderborn,data/raw/paderborn/KA03/N15_M01_F10_KA03_6.mat,N15_M01_F10_KA03_6.mat,.mat,8714872,matlab,True,N15_M01_F10,N15,M01,F10,KA03,6,damaged,KA,bearing_code_prefix,N15_M01_F10_KA03_6:1x1:struct,
canonical_raw_root,data/raw/paderborn,data/raw/paderborn/KA03/N15_M01_F10_KA03_7.mat,N15_M01_F10_KA03_7.mat,.mat,8714904,matlab,True,N15_M01_F10,N15,M01,F10,KA03,7,damaged,KA,bearing_code_prefix,N15_M01_F10_KA03_7:1x1:struct,
canonical_raw_root,data/raw/paderborn,data/raw/paderborn/KA03/N15_M01_F10_KA03_8.mat,N15_M01_F10_KA03_8.mat,.mat,8714904,matlab,True,N15_M01_F10,N15,M01,F10,KA03,8,damaged,KA,bearing_code_prefix,N15_M01_F10_KA03_8:1x1:struct,
canonical_raw_root,data/raw/paderborn,data/raw/paderborn/KA03/N15_M01_F10_KA03_9.mat,N15_M01_F10_KA03_9.mat,.mat,8714904,matlab,True,N15_M01_F10,N15,M01,F10,KA03,9,damaged,KA,bearing_code_prefix,N15_M01_F10_KA03_9:1x1:struct,
canonical_raw_root,data/raw/paderborn,data/raw/paderborn/KA03/N15_M07_F04_KA03_1.mat,N15_M07_F04_KA03_1.mat,.mat,8714904,matlab,True,N15_M07_F04,N15,M07,F04,KA03,1,damaged,KA,bearing_code_prefix,N15_M07_F04_KA03_1:1x1:struct,
canonical_raw_root,data/raw/paderborn,data/raw/paderborn/KA03/N15_M07_F04_KA03_10.mat,N15_M07_F04_KA03_10.mat,.mat,8862648,matlab,True,N15_M07_F04,N15,M07,F04,KA03,10,damaged,KA,bearing_code_prefix,N15_M07_F04_KA03_10:1x1:struct,
canonical_raw_root,data/raw/paderborn,data/raw/paderborn/KA03/N15_M07_F04_KA03_11.mat,N15_M07_F04_KA03_11.mat,.mat,8714872,matlab,True,N15_M07_F04,N15,M07,F04,KA03,11,damaged,KA,bearing_code_prefix,N15_M07_F04_KA03_11:1x1:struct,
canonical_raw_root,data/raw/paderborn,data/raw/paderborn/KA03/N15_M07_F04_KA03_12.mat,N15_M07_F04_KA03_12.mat,.mat,8714872,matlab,True,N15_M07_F04,N15,M07,F04,KA03,12,damaged,KA,bearing_code_prefix,N15_M07_F04_KA03_12:1x1:struct,
canonical_raw_root,data/raw/paderborn,data/raw/paderborn/KA03/N15_M07_F04_KA03_13.mat,N15_M07_F04_KA03_13.mat,.mat,8714872,matlab,True,N15_M07_F04,N15,M07,F04,KA03,13,damaged,KA,bearing_code_prefix,N15_M07_F04_KA03_13:1x1:struct,
canonical_raw_root,data/raw/paderborn,data/raw/paderborn/KA03/N15_M07_F04_KA03_14.mat,N15_M07_F04_KA03_14.mat,.mat,8781688,matlab,True,N15_M07_F04,N15,M07,F04,KA03,14,damaged,KA,bearing_code_prefix,N15_M07_F04_KA03_14:1x1:struct,
canonical_raw_root,data/raw/paderborn,data/raw/paderborn/KA03/N15_M07_F04_KA03_15.mat,N15_M07_F04_KA03_15.mat,.mat,8714904,matlab,True,N15_M07_F04,N15,M07,F04,KA03,15,damaged,KA,bearing_code_prefix,N15_M07_F04_KA03_15:1x1:struct,
canonical_raw_root,data/raw/paderborn,data/raw/paderborn/KA03/N15_M07_F04_KA03_16.mat,N15_M07_F04_KA03_16.mat,.mat,8714904,matlab,True,N15_M07_F04,N15,M07,F04,KA03,16,damaged,KA,bearing_code_prefix,N15_M07_F04_KA03_16:1x1:struct,
canonical_raw_root,data/raw/paderborn,data/raw/paderborn/KA03/N15_M07_F04_KA03_17.mat,N15_M07_F04_KA03_17.mat,.mat,8894968,matlab,True,N15_M07_F04,N15,M07,F04,KA03,17,damaged,KA,bearing_code_prefix,N15_M07_F04_KA03_17:1x1:struct,
canonical_raw_root,data/raw/paderborn,data/raw/paderborn/KA03/N15_M07_F04_KA03_18.mat,N15_M07_F04_KA03_18.mat,.mat,8715064,matlab,True,N15_M07_F04,N15,M07,F04,KA03,18,damaged,KA,bearing_code_prefix,N15_M07_F04_KA03_18:1x1:struct,
canonical_raw_root,data/raw/paderborn,data/raw/paderborn/KA03/N15_M07_F04_KA03_19.mat,N15_M07_F04_KA03_19.mat,.mat,9434616,matlab,True,N15_M07_F04,N15,M07,F04,KA03,19,damaged,KA,bearing_code_prefix,N15_M07_F04_KA03_19:1x1:struct,
canonical_raw_root,data/raw/paderborn,data/raw/paderborn/KA03/N15_M07_F04_KA03_2.mat,N15_M07_F04_KA03_2.mat,.mat,9390520,matlab,True,N15_M07_F04,N15,M07,F04,KA03,2,damaged,KA,bearing_code_prefix,N15_M07_F04_KA03_2:1x1:struct,
canonical_raw_root,data/raw/paderborn,data/raw/paderborn/KA03/N15_M07_F04_KA03_20.mat,N15_M07_F04_KA03_20.mat,.mat,8714904,matlab,True,N15_M07_F04,N15,M07,F04,KA03,20,damaged,KA,bearing_code_prefix,N15_M07_F04_KA03_20:1x1:struct,
canonical_raw_root,data/raw/paderborn,data/raw/paderborn/KA03/N15_M07_F04_KA03_3.mat,N15_M07_F04_KA03_3.mat,.mat,8982456,matlab,True,N15_M07_F04,N15,M07,F04,KA03,3,damaged,KA,bearing_code_prefix,N15_M07_F04_KA03_3:1x1:struct,
canonical_raw_root,data/raw/paderborn,data/raw/paderborn/KA03/N15_M07_F04_KA03_4.mat,N15_M07_F04_KA03_4.mat,.mat,8714904,matlab,True,N15_M07_F04,N15,M07,F04,KA03,4,damaged,KA,bearing_code_prefix,N15_M07_F04_KA03_4:1x1:struct,
canonical_raw_root,data/raw/paderborn,data/raw/paderborn/KA03/N15_M07_F04_KA03_5.mat,N15_M07_F04_KA03_5.mat,.mat,8714872,matlab,True,N15_M07_F04,N15,M07,F04,KA03,5,damaged,KA,bearing_code_prefix,N15_M07_F04_KA03_5:1x1:struct,
canonical_raw_root,data/raw/paderborn,data/raw/paderborn/KA03/N15_M07_F04_KA03_6.mat,N15_M07_F04_KA03_6.mat,.mat,8714968,matlab,True,N15_M07_F04,N15,M07,F04,KA03,6,damaged,KA,bearing_code_prefix,N15_M07_F04_KA03_6:1x1:struct,
canonical_raw_root,data/raw/paderborn,data/raw/paderborn/KA03/N15_M07_F04_KA03_7.mat,N15_M07_F04_KA03_7.mat,.mat,8714872,matlab,True,N15_M07_F04,N15,M07,F04,KA03,7,damaged,KA,bearing_code_prefix,N15_M07_F04_KA03_7:1x1:struct,
canonical_raw_root,data/raw/paderborn,data/raw/paderborn/KA03/N15_M07_F04_KA03_8.mat,N15_M07_F04_KA03_8.mat,.mat,8714904,matlab,True,N15_M07_F04,N15,M07,F04,KA03,8,damaged,KA,bearing_code_prefix,N15_M07_F04_KA03_8:1x1:struct,
canonical_raw_root,data/raw/paderborn,data/raw/paderborn/KA03/N15_M07_F04_KA03_9.mat,N15_M07_F04_KA03_9.mat,.mat,8714936,matlab,True,N15_M07_F04,N15,M07,F04,KA03,9,damaged,KA,bearing_code_prefix,N15_M07_F04_KA03_9:1x1:struct,
canonical_raw_root,data/raw/paderborn,data/raw/paderborn/KA03/N15_M07_F10_KA03_1.mat,N15_M07_F10_KA03_1.mat,.mat,8715000,matlab,True,N15_M07_F10,N15,M07,F10,KA03,1,damaged,KA,bearing_code_prefix,N15_M07_F10_KA03_1:1x1:struct,
canonical_raw_root,data/raw/paderborn,data/raw/paderborn/KA03/N15_M07_F10_KA03_10.mat,N15_M07_F10_KA03_10.mat,.mat,8714904,matlab,True,N15_M07_F10,N15,M07,F10,KA03,10,damaged,KA,bearing_code_prefix,N15_M07_F10_KA03_10:1x1:struct,
canonical_raw_root,data/raw/paderborn,data/raw/paderborn/KA03/N15_M07_F10_KA03_11.mat,N15_M07_F10_KA03_11.mat,.mat,8714872,matlab,True,N15_M07_F10,N15,M07,F10,KA03,11,damaged,KA,bearing_code_prefix,N15_M07_F10_KA03_11:1x1:struct,
canonical_raw_root,data/raw/paderborn,data/raw/paderborn/KA03/N15_M07_F10_KA03_12.mat,N15_M07_F10_KA03_12.mat,.mat,8715000,matlab,True,N15_M07_F10,N15,M07,F10,KA03,12,damaged,KA,bearing_code_prefix,N15_M07_F10_KA03_12:1x1:struct,
canonical_raw_root,data/raw/paderborn,data/raw/paderborn/KA03/N15_M07_F10_KA03_13.mat,N15_M07_F10_KA03_13.mat,.mat,8714904,matlab,True,N15_M07_F10,N15,M07,F10,KA03,13,damaged,KA,bearing_code_prefix,N15_M07_F10_KA03_13:1x1:struct,
canonical_raw_root,data/raw/paderborn,data/raw/paderborn/KA03/N15_M07_F10_KA03_14.mat,N15_M07_F10_KA03_14.mat,.mat,8714904,matlab,True,N15_M07_F10,N15,M07,F10,KA03,14,damaged,KA,bearing_code_prefix,N15_M07_F10_KA03_14:1x1:struct,
canonical_raw_root,data/raw/paderborn,data/raw/paderborn/KA03/N15_M07_F10_KA03_15.mat,N15_M07_F10_KA03_15.mat,.mat,8714904,matlab,True,N15_M07_F10,N15,M07,F10,KA03,15,damaged,KA,bearing_code_prefix,N15_M07_F10_KA03_15:1x1:struct,
canonical_raw_root,data/raw/paderborn,data/raw/paderborn/KA03/N15_M07_F10_KA03_16.mat,N15_M07_F10_KA03_16.mat,.mat,8714872,matlab,True,N15_M07_F10,N15,M07,F10,KA03,16,damaged,KA,bearing_code_prefix,N15_M07_F10_KA03_16:1x1:struct,
canonical_raw_root,data/raw/paderborn,data/raw/paderborn/KA03/N15_M07_F10_KA03_17.mat,N15_M07_F10_KA03_17.mat,.mat,8714936,matlab,True,N15_M07_F10,N15,M07,F10,KA03,17,damaged,KA,bearing_code_prefix,N15_M07_F10_KA03_17:1x1:struct,
canonical_raw_root,data/raw/paderborn,data/raw/paderborn/KA03/N15_M07_F10_KA03_18.mat,N15_M07_F10_KA03_18.mat,.mat,8714936,matlab,True,N15_M07_F10,N15,M07,F10,KA03,18,damaged,KA,bearing_code_prefix,N15_M07_F10_KA03_18:1x1:struct,
canonical_raw_root,data/raw/paderborn,data/raw/paderborn/KA03/N15_M07_F10_KA03_19.mat,N15_M07_F10_KA03_19.mat,.mat,8714904,matlab,True,N15_M07_F10,N15,M07,F10,KA03,19,damaged,KA,bearing_code_prefix,N15_M07_F10_KA03_19:1x1:struct,
canonical_raw_root,data/raw/paderborn,data/raw/paderborn/KA03/N15_M07_F10_KA03_2.mat,N15_M07_F10_KA03_2.mat,.mat,9600248,matlab,True,N15_M07_F10,N15,M07,F10,KA03,2,damaged,KA,bearing_code_prefix,N15_M07_F10_KA03_2:1x1:struct,
canonical_raw_root,data/raw/paderborn,data/raw/paderborn/KA03/N15_M07_F10_KA03_20.mat,N15_M07_F10_KA03_20.mat,.mat,8714904,matlab,True,N15_M07_F10,N15,M07,F10,KA03,20,damaged,KA,bearing_code_prefix,N15_M07_F10_KA03_20:1x1:struct,
canonical_raw_root,data/raw/paderborn,data/raw/paderborn/KA03/N15_M07_F10_KA03_3.mat,N15_M07_F10_KA03_3.mat,.mat,9396920,matlab,True,N15_M07_F10,N15,M07,F10,KA03,3,damaged,KA,bearing_code_prefix,N15_M07_F10_KA03_3:1x1:struct,
canonical_raw_root,data/raw/paderborn,data/raw/paderborn/KA03/N15_M07_F10_KA03_4.mat,N15_M07_F10_KA03_4.mat,.mat,8762616,matlab,True,N15_M07_F10,N15,M07,F10,KA03,4,damaged,KA,bearing_code_prefix,N15_M07_F10_KA03_4:1x1:struct,
canonical_raw_root,data/raw/paderborn,data/raw/paderborn/KA03/N15_M07_F10_KA03_5.mat,N15_M07_F10_KA03_5.mat,.mat,9385880,matlab,True,N15_M07_F10,N15,M07,F10,KA03,5,damaged,KA,bearing_code_prefix,N15_M07_F10_KA03_5:1x1:struct,
canonical_raw_root,data/raw/paderborn,data/raw/paderborn/KA03/N15_M07_F10_KA03_6.mat,N15_M07_F10_KA03_6.mat,.mat,9503352,matlab,True,N15_M07_F10,N15,M07,F10,KA03,6,damaged,KA,bearing_code_prefix,N15_M07_F10_KA03_6:1x1:struct,
canonical_raw_root,data/raw/paderborn,data/raw/paderborn/KA03/N15_M07_F10_KA03_7.mat,N15_M07_F10_KA03_7.mat,.mat,8714904,matlab,True,N15_M07_F10,N15,M07,F10,KA03,7,damaged,KA,bearing_code_prefix,N15_M07_F10_KA03_7:1x1:struct,
canonical_raw_root,data/raw/paderborn,data/raw/paderborn/KA03/N15_M07_F10_KA03_8.mat,N15_M07_F10_KA03_8.mat,.mat,8714904,matlab,True,N15_M07_F10,N15,M07,F10,KA03,8,damaged,KA,bearing_code_prefix,N15_M07_F10_KA03_8:1x1:struct,
canonical_raw_root,data/raw/paderborn,data/raw/paderborn/KA03/N15_M07_F10_KA03_9.mat,N15_M07_F10_KA03_9.mat,.mat,9198264,matlab,True,N15_M07_F10,N15,M07,F10,KA03,9,damaged,KA,bearing_code_prefix,N15_M07_F10_KA03_9:1x1:struct,
canonical_raw_root,data/raw/paderborn,data/raw/paderborn/KA04/KA04.pdf,KA04.pdf,.pdf,56380,pdf,False,,,,,KA04,,damaged,KA,bearing_code_prefix,,No metadata inspector is implemented for this extension
canonical_raw_root,data/raw/paderborn,data/raw/paderborn/KA04/measuring_log_KA04.pdf,measuring_log_KA04.pdf,.pdf,139310,pdf,False,,,,,KA04,,damaged,KA,bearing_code_prefix,,No metadata inspector is implemented for this extension
canonical_raw_root,data/raw/paderborn,data/raw/paderborn/KA04/N09_M07_F10_KA04_1.mat,N09_M07_F10_KA04_1.mat,.mat,8714904,matlab,True,N09_M07_F10,N09,M07,F10,KA04,1,damaged,KA,bearing_code_prefix,N09_M07_F10_KA04_1:1x1:struct,
canonical_raw_root,data/raw/paderborn,data/raw/paderborn/KA04/N09_M07_F10_KA04_10.mat,N09_M07_F10_KA04_10.mat,.mat,8714904,matlab,True,N09_M07_F10,N09,M07,F10,KA04,10,damaged,KA,bearing_code_prefix,N09_M07_F10_KA04_10:1x1:struct,
canonical_raw_root,data/raw/paderborn,data/raw/paderborn/KA04/N09_M07_F10_KA04_11.mat,N09_M07_F10_KA04_11.mat,.mat,8717536,matlab,True,N09_M07_F10,N09,M07,F10,KA04,11,damaged,KA,bearing_code_prefix,N09_M07_F10_KA04_11:1x1:struct,
canonical_raw_root,data/raw/paderborn,data/raw/paderborn/KA04/N09_M07_F10_KA04_12.mat,N09_M07_F10_KA04_12.mat,.mat,8714904,matlab,True,N09_M07_F10,N09,M07,F10,KA04,12,damaged,KA,bearing_code_prefix,N09_M07_F10_KA04_12:1x1:struct,
canonical_raw_root,data/raw/paderborn,data/raw/paderborn/KA04/N09_M07_F10_KA04_13.mat,N09_M07_F10_KA04_13.mat,.mat,8714968,matlab,True,N09_M07_F10,N09,M07,F10,KA04,13,damaged,KA,bearing_code_prefix,N09_M07_F10_KA04_13:1x1:struct,
canonical_raw_root,data/raw/paderborn,data/raw/paderborn/KA04/N09_M07_F10_KA04_14.mat,N09_M07_F10_KA04_14.mat,.mat,8718168,matlab,True,N09_M07_F10,N09,M07,F10,KA04,14,damaged,KA,bearing_code_prefix,N09_M07_F10_KA04_14:1x1:struct,
canonical_raw_root,data/raw/paderborn,data/raw/paderborn/KA04/N09_M07_F10_KA04_15.mat,N09_M07_F10_KA04_15.mat,.mat,8718120,matlab,True,N09_M07_F10,N09,M07,F10,KA04,15,damaged,KA,bearing_code_prefix,N09_M07_F10_KA04_15:1x1:struct,
canonical_raw_root,data/raw/paderborn,data/raw/paderborn/KA04/N09_M07_F10_KA04_16.mat,N09_M07_F10_KA04_16.mat,.mat,8714872,matlab,True,N09_M07_F10,N09,M07,F10,KA04,16,damaged,KA,bearing_code_prefix,N09_M07_F10_KA04_16:1x1:struct,
canonical_raw_root,data/raw/paderborn,data/raw/paderborn/KA04/N09_M07_F10_KA04_17.mat,N09_M07_F10_KA04_17.mat,.mat,5864439,matlab,True,N09_M07_F10,N09,M07,F10,KA04,17,damaged,KA,bearing_code_prefix,N09_M07_F10_KA04_17:1x1:struct,
canonical_raw_root,data/raw/paderborn,data/raw/paderborn/KA04/N09_M07_F10_KA04_18.mat,N09_M07_F10_KA04_18.mat,.mat,8717640,matlab,True,N09_M07_F10,N09,M07,F10,KA04,18,damaged,KA,bearing_code_prefix,N09_M07_F10_KA04_18:1x1:struct,
canonical_raw_root,data/raw/paderborn,data/raw/paderborn/KA04/N09_M07_F10_KA04_19.mat,N09_M07_F10_KA04_19.mat,.mat,8714904,matlab,True,N09_M07_F10,N09,M07,F10,KA04,19,damaged,KA,bearing_code_prefix,N09_M07_F10_KA04_19:1x1:struct,
canonical_raw_root,data/raw/paderborn,data/raw/paderborn/KA04/N09_M07_F10_KA04_2.mat,N09_M07_F10_KA04_2.mat,.mat,8717528,matlab,True,N09_M07_F10,N09,M07,F10,KA04,2,damaged,KA,bearing_code_prefix,N09_M07_F10_KA04_2:1x1:struct,
canonical_raw_root,data/raw/paderborn,data/raw/paderborn/KA04/N09_M07_F10_KA04_20.mat,N09_M07_F10_KA04_20.mat,.mat,8717544,matlab,True,N09_M07_F10,N09,M07,F10,KA04,20,damaged,KA,bearing_code_prefix,N09_M07_F10_KA04_20:1x1:struct,
canonical_raw_root,data/raw/paderborn,data/raw/paderborn/KA04/N09_M07_F10_KA04_3.mat,N09_M07_F10_KA04_3.mat,.mat,8714904,matlab,True,N09_M07_F10,N09,M07,F10,KA04,3,damaged,KA,bearing_code_prefix,N09_M07_F10_KA04_3:1x1:struct,
canonical_raw_root,data/raw/paderborn,data/raw/paderborn/KA04/N09_M07_F10_KA04_4.mat,N09_M07_F10_KA04_4.mat,.mat,8714872,matlab,True,N09_M07_F10,N09,M07,F10,KA04,4,damaged,KA,bearing_code_prefix,N09_M07_F10_KA04_4:1x1:struct,
canonical_raw_root,data/raw/paderborn,data/raw/paderborn/KA04/N09_M07_F10_KA04_5.mat,N09_M07_F10_KA04_5.mat,.mat,8714904,matlab,True,N09_M07_F10,N09,M07,F10,KA04,5,damaged,KA,bearing_code_prefix,N09_M07_F10_KA04_5:1x1:struct,
canonical_raw_root,data/raw/paderborn,data/raw/paderborn/KA04/N09_M07_F10_KA04_6.mat,N09_M07_F10_KA04_6.mat,.mat,8717912,matlab,True,N09_M07_F10,N09,M07,F10,KA04,6,damaged,KA,bearing_code_prefix,N09_M07_F10_KA04_6:1x1:struct,
canonical_raw_root,data/raw/paderborn,data/raw/paderborn/KA04/N09_M07_F10_KA04_7.mat,N09_M07_F10_KA04_7.mat,.mat,8745368,matlab,True,N09_M07_F10,N09,M07,F10,KA04,7,damaged,KA,bearing_code_prefix,N09_M07_F10_KA04_7:1x1:struct,
canonical_raw_root,data/raw/paderborn,data/raw/paderborn/KA04/N09_M07_F10_KA04_8.mat,N09_M07_F10_KA04_8.mat,.mat,8714936,matlab,True,N09_M07_F10,N09,M07,F10,KA04,8,damaged,KA,bearing_code_prefix,N09_M07_F10_KA04_8:1x1:struct,
canonical_raw_root,data/raw/paderborn,data/raw/paderborn/KA04/N09_M07_F10_KA04_9.mat,N09_M07_F10_KA04_9.mat,.mat,8714904,matlab,True,N09_M07_F10,N09,M07,F10,KA04,9,damaged,KA,bearing_code_prefix,N09_M07_F10_KA04_9:1x1:struct,
canonical_raw_root,data/raw/paderborn,data/raw/paderborn/KA04/N15_M01_F10_KA04_1.mat,N15_M01_F10_KA04_1.mat,.mat,8725496,matlab,True,N15_M01_F10,N15,M01,F10,KA04,1,damaged,KA,bearing_code_prefix,N15_M01_F10_KA04_1:1x1:struct,
canonical_raw_root,data/raw/paderborn,data/raw/paderborn/KA04/N15_M01_F10_KA04_10.mat,N15_M01_F10_KA04_10.mat,.mat,8714872,matlab,True,N15_M01_F10,N15,M01,F10,KA04,10,damaged,KA,bearing_code_prefix,N15_M01_F10_KA04_10:1x1:struct,
canonical_raw_root,data/raw/paderborn,data/raw/paderborn/KA04/N15_M01_F10_KA04_11.mat,N15_M01_F10_KA04_11.mat,.mat,8714904,matlab,True,N15_M01_F10,N15,M01,F10,KA04,11,damaged,KA,bearing_code_prefix,N15_M01_F10_KA04_11:1x1:struct,
canonical_raw_root,data/raw/paderborn,data/raw/paderborn/KA04/N15_M01_F10_KA04_12.mat,N15_M01_F10_KA04_12.mat,.mat,8715000,matlab,True,N15_M01_F10,N15,M01,F10,KA04,12,damaged,KA,bearing_code_prefix,N15_M01_F10_KA04_12:1x1:struct,
canonical_raw_root,data/raw/paderborn,data/raw/paderborn/KA04/N15_M01_F10_KA04_13.mat,N15_M01_F10_KA04_13.mat,.mat,8718024,matlab,True,N15_M01_F10,N15,M01,F10,KA04,13,damaged,KA,bearing_code_prefix,N15_M01_F10_KA04_13:1x1:struct,
canonical_raw_root,data/raw/paderborn,data/raw/paderborn/KA04/N15_M01_F10_KA04_14.mat,N15_M01_F10_KA04_14.mat,.mat,8714904,matlab,True,N15_M01_F10,N15,M01,F10,KA04,14,damaged,KA,bearing_code_prefix,N15_M01_F10_KA04_14:1x1:struct,
canonical_raw_root,data/raw/paderborn,data/raw/paderborn/KA04/N15_M01_F10_KA04_15.mat,N15_M01_F10_KA04_15.mat,.mat,8714904,matlab,True,N15_M01_F10,N15,M01,F10,KA04,15,damaged,KA,bearing_code_prefix,N15_M01_F10_KA04_15:1x1:struct,
canonical_raw_root,data/raw/paderborn,data/raw/paderborn/KA04/N15_M01_F10_KA04_16.mat,N15_M01_F10_KA04_16.mat,.mat,8930392,matlab,True,N15_M01_F10,N15,M01,F10,KA04,16,damaged,KA,bearing_code_prefix,N15_M01_F10_KA04_16:1x1:struct,
canonical_raw_root,data/raw/paderborn,data/raw/paderborn/KA04/N15_M01_F10_KA04_17.mat,N15_M01_F10_KA04_17.mat,.mat,8714840,matlab,True,N15_M01_F10,N15,M01,F10,KA04,17,damaged,KA,bearing_code_prefix,N15_M01_F10_KA04_17:1x1:struct,
canonical_raw_root,data/raw/paderborn,data/raw/paderborn/KA04/N15_M01_F10_KA04_18.mat,N15_M01_F10_KA04_18.mat,.mat,8739576,matlab,True,N15_M01_F10,N15,M01,F10,KA04,18,damaged,KA,bearing_code_prefix,N15_M01_F10_KA04_18:1x1:struct,
canonical_raw_root,data/raw/paderborn,data/raw/paderborn/KA04/N15_M01_F10_KA04_19.mat,N15_M01_F10_KA04_19.mat,.mat,8717880,matlab,True,N15_M01_F10,N15,M01,F10,KA04,19,damaged,KA,bearing_code_prefix,N15_M01_F10_KA04_19:1x1:struct,
canonical_raw_root,data/raw/paderborn,data/raw/paderborn/KA04/N15_M01_F10_KA04_2.mat,N15_M01_F10_KA04_2.mat,.mat,8714936,matlab,True,N15_M01_F10,N15,M01,F10,KA04,2,damaged,KA,bearing_code_prefix,N15_M01_F10_KA04_2:1x1:struct,
canonical_raw_root,data/raw/paderborn,data/raw/paderborn/KA04/N15_M01_F10_KA04_20.mat,N15_M01_F10_KA04_20.mat,.mat,8714904,matlab,True,N15_M01_F10,N15,M01,F10,KA04,20,damaged,KA,bearing_code_prefix,N15_M01_F10_KA04_20:1x1:struct,
canonical_raw_root,data/raw/paderborn,data/raw/paderborn/KA04/N15_M01_F10_KA04_3.mat,N15_M01_F10_KA04_3.mat,.mat,8714904,matlab,True,N15_M01_F10,N15,M01,F10,KA04,3,damaged,KA,bearing_code_prefix,N15_M01_F10_KA04_3:1x1:struct,
canonical_raw_root,data/raw/paderborn,data/raw/paderborn/KA04/N15_M01_F10_KA04_4.mat,N15_M01_F10_KA04_4.mat,.mat,8717672,matlab,True,N15_M01_F10,N15,M01,F10,KA04,4,damaged,KA,bearing_code_prefix,N15_M01_F10_KA04_4:1x1:struct,
canonical_raw_root,data/raw/paderborn,data/raw/paderborn/KA04/N15_M01_F10_KA04_5.mat,N15_M01_F10_KA04_5.mat,.mat,8714904,matlab,True,N15_M01_F10,N15,M01,F10,KA04,5,damaged,KA,bearing_code_prefix,N15_M01_F10_KA04_5:1x1:struct,
canonical_raw_root,data/raw/paderborn,data/raw/paderborn/KA04/N15_M01_F10_KA04_6.mat,N15_M01_F10_KA04_6.mat,.mat,8714872,matlab,True,N15_M01_F10,N15,M01,F10,KA04,6,damaged,KA,bearing_code_prefix,N15_M01_F10_KA04_6:1x1:struct,
canonical_raw_root,data/raw/paderborn,data/raw/paderborn/KA04/N15_M01_F10_KA04_7.mat,N15_M01_F10_KA04_7.mat,.mat,8715000,matlab,True,N15_M01_F10,N15,M01,F10,KA04,7,damaged,KA,bearing_code_prefix,N15_M01_F10_KA04_7:1x1:struct,
canonical_raw_root,data/raw/paderborn,data/raw/paderborn/KA04/N15_M01_F10_KA04_8.mat,N15_M01_F10_KA04_8.mat,.mat,8714904,matlab,True,N15_M01_F10,N15,M01,F10,KA04,8,damaged,KA,bearing_code_prefix,N15_M01_F10_KA04_8:1x1:struct,
canonical_raw_root,data/raw/paderborn,data/raw/paderborn/KA04/N15_M01_F10_KA04_9.mat,N15_M01_F10_KA04_9.mat,.mat,8717704,matlab,True,N15_M01_F10,N15,M01,F10,KA04,9,damaged,KA,bearing_code_prefix,N15_M01_F10_KA04_9:1x1:struct,
canonical_raw_root,data/raw/paderborn,data/raw/paderborn/KA04/N15_M07_F04_KA04_1.mat,N15_M07_F04_KA04_1.mat,.mat,8730072,matlab,True,N15_M07_F04,N15,M07,F04,KA04,1,damaged,KA,bearing_code_prefix,N15_M07_F04_KA04_1:1x1:struct,
canonical_raw_root,data/raw/paderborn,data/raw/paderborn/KA04/N15_M07_F04_KA04_10.mat,N15_M07_F04_KA04_10.mat,.mat,8714904,matlab,True,N15_M07_F04,N15,M07,F04,KA04,10,damaged,KA,bearing_code_prefix,N15_M07_F04_KA04_10:1x1:struct,
canonical_raw_root,data/raw/paderborn,data/raw/paderborn/KA04/N15_M07_F04_KA04_11.mat,N15_M07_F04_KA04_11.mat,.mat,8731640,matlab,True,N15_M07_F04,N15,M07,F04,KA04,11,damaged,KA,bearing_code_prefix,N15_M07_F04_KA04_11:1x1:struct,
canonical_raw_root,data/raw/paderborn,data/raw/paderborn/KA04/N15_M07_F04_KA04_12.mat,N15_M07_F04_KA04_12.mat,.mat,8714904,matlab,True,N15_M07_F04,N15,M07,F04,KA04,12,damaged,KA,bearing_code_prefix,N15_M07_F04_KA04_12:1x1:struct,
canonical_raw_root,data/raw/paderborn,data/raw/paderborn/KA04/N15_M07_F04_KA04_13.mat,N15_M07_F04_KA04_13.mat,.mat,8714904,matlab,True,N15_M07_F04,N15,M07,F04,KA04,13,damaged,KA,bearing_code_prefix,N15_M07_F04_KA04_13:1x1:struct,
canonical_raw_root,data/raw/paderborn,data/raw/paderborn/KA04/N15_M07_F04_KA04_14.mat,N15_M07_F04_KA04_14.mat,.mat,8714904,matlab,True,N15_M07_F04,N15,M07,F04,KA04,14,damaged,KA,bearing_code_prefix,N15_M07_F04_KA04_14:1x1:struct,
canonical_raw_root,data/raw/paderborn,data/raw/paderborn/KA04/N15_M07_F04_KA04_15.mat,N15_M07_F04_KA04_15.mat,.mat,5966059,matlab,True,N15_M07_F04,N15,M07,F04,KA04,15,damaged,KA,bearing_code_prefix,N15_M07_F04_KA04_15:1x1:struct,
canonical_raw_root,data/raw/paderborn,data/raw/paderborn/KA04/N15_M07_F04_KA04_16.mat,N15_M07_F04_KA04_16.mat,.mat,8717704,matlab,True,N15_M07_F04,N15,M07,F04,KA04,16,damaged,KA,bearing_code_prefix,N15_M07_F04_KA04_16:1x1:struct,
canonical_raw_root,data/raw/paderborn,data/raw/paderborn/KA04/N15_M07_F04_KA04_17.mat,N15_M07_F04_KA04_17.mat,.mat,8714904,matlab,True,N15_M07_F04,N15,M07,F04,KA04,17,damaged,KA,bearing_code_prefix,N15_M07_F04_KA04_17:1x1:struct,
canonical_raw_root,data/raw/paderborn,data/raw/paderborn/KA04/N15_M07_F04_KA04_18.mat,N15_M07_F04_KA04_18.mat,.mat,8717880,matlab,True,N15_M07_F04,N15,M07,F04,KA04,18,damaged,KA,bearing_code_prefix,N15_M07_F04_KA04_18:1x1:struct,
canonical_raw_root,data/raw/paderborn,data/raw/paderborn/KA04/N15_M07_F04_KA04_19.mat,N15_M07_F04_KA04_19.mat,.mat,8714872,matlab,True,N15_M07_F04,N15,M07,F04,KA04,19,damaged,KA,bearing_code_prefix,N15_M07_F04_KA04_19:1x1:struct,
canonical_raw_root,data/raw/paderborn,data/raw/paderborn/KA04/N15_M07_F04_KA04_2.mat,N15_M07_F04_KA04_2.mat,.mat,8718968,matlab,True,N15_M07_F04,N15,M07,F04,KA04,2,damaged,KA,bearing_code_prefix,N15_M07_F04_KA04_2:1x1:struct,
canonical_raw_root,data/raw/paderborn,data/raw/paderborn/KA04/N15_M07_F04_KA04_20.mat,N15_M07_F04_KA04_20.mat,.mat,8717624,matlab,True,N15_M07_F04,N15,M07,F04,KA04,20,damaged,KA,bearing_code_prefix,N15_M07_F04_KA04_20:1x1:struct,
canonical_raw_root,data/raw/paderborn,data/raw/paderborn/KA04/N15_M07_F04_KA04_3.mat,N15_M07_F04_KA04_3.mat,.mat,8714872,matlab,True,N15_M07_F04,N15,M07,F04,KA04,3,damaged,KA,bearing_code_prefix,N15_M07_F04_KA04_3:1x1:struct,
canonical_raw_root,data/raw/paderborn,data/raw/paderborn/KA04/N15_M07_F04_KA04_4.mat,N15_M07_F04_KA04_4.mat,.mat,8714904,matlab,True,N15_M07_F04,N15,M07,F04,KA04,4,damaged,KA,bearing_code_prefix,N15_M07_F04_KA04_4:1x1:struct,
canonical_raw_root,data/raw/paderborn,data/raw/paderborn/KA04/N15_M07_F04_KA04_5.mat,N15_M07_F04_KA04_5.mat,.mat,5983785,matlab,True,N15_M07_F04,N15,M07,F04,KA04,5,damaged,KA,bearing_code_prefix,N15_M07_F04_KA04_5:1x1:struct,
canonical_raw_root,data/raw/paderborn,data/raw/paderborn/KA04/N15_M07_F04_KA04_6.mat,N15_M07_F04_KA04_6.mat,.mat,5966061,matlab,True,N15_M07_F04,N15,M07,F04,KA04,6,damaged,KA,bearing_code_prefix,N15_M07_F04_KA04_6:1x1:struct,
canonical_raw_root,data/raw/paderborn,data/raw/paderborn/KA04/N15_M07_F04_KA04_7.mat,N15_M07_F04_KA04_7.mat,.mat,8717768,matlab,True,N15_M07_F04,N15,M07,F04,KA04,7,damaged,KA,bearing_code_prefix,N15_M07_F04_KA04_7:1x1:struct,
canonical_raw_root,data/raw/paderborn,data/raw/paderborn/KA04/N15_M07_F04_KA04_8.mat,N15_M07_F04_KA04_8.mat,.mat,8714904,matlab,True,N15_M07_F04,N15,M07,F04,KA04,8,damaged,KA,bearing_code_prefix,N15_M07_F04_KA04_8:1x1:struct,
canonical_raw_root,data/raw/paderborn,data/raw/paderborn/KA04/N15_M07_F04_KA04_9.mat,N15_M07_F04_KA04_9.mat,.mat,8714936,matlab,True,N15_M07_F04,N15,M07,F04,KA04,9,damaged,KA,bearing_code_prefix,N15_M07_F04_KA04_9:1x1:struct,
canonical_raw_root,data/raw/paderborn,data/raw/paderborn/KA04/N15_M07_F10_KA04_1.mat,N15_M07_F10_KA04_1.mat,.mat,8715000,matlab,True,N15_M07_F10,N15,M07,F10,KA04,1,damaged,KA,bearing_code_prefix,N15_M07_F10_KA04_1:1x1:struct,
canonical_raw_root,data/raw/paderborn,data/raw/paderborn/KA04/N15_M07_F10_KA04_10.mat,N15_M07_F10_KA04_10.mat,.mat,8714904,matlab,True,N15_M07_F10,N15,M07,F10,KA04,10,damaged,KA,bearing_code_prefix,N15_M07_F10_KA04_10:1x1:struct,
canonical_raw_root,data/raw/paderborn,data/raw/paderborn/KA04/N15_M07_F10_KA04_11.mat,N15_M07_F10_KA04_11.mat,.mat,8714936,matlab,True,N15_M07_F10,N15,M07,F10,KA04,11,damaged,KA,bearing_code_prefix,N15_M07_F10_KA04_11:1x1:struct,
canonical_raw_root,data/raw/paderborn,data/raw/paderborn/KA04/N15_M07_F10_KA04_12.mat,N15_M07_F10_KA04_12.mat,.mat,8714872,matlab,True,N15_M07_F10,N15,M07,F10,KA04,12,damaged,KA,bearing_code_prefix,N15_M07_F10_KA04_12:1x1:struct,
canonical_raw_root,data/raw/paderborn,data/raw/paderborn/KA04/N15_M07_F10_KA04_13.mat,N15_M07_F10_KA04_13.mat,.mat,8714904,matlab,True,N15_M07_F10,N15,M07,F10,KA04,13,damaged,KA,bearing_code_prefix,N15_M07_F10_KA04_13:1x1:struct,
canonical_raw_root,data/raw/paderborn,data/raw/paderborn/KA04/N15_M07_F10_KA04_14.mat,N15_M07_F10_KA04_14.mat,.mat,8717976,matlab,True,N15_M07_F10,N15,M07,F10,KA04,14,damaged,KA,bearing_code_prefix,N15_M07_F10_KA04_14:1x1:struct,
canonical_raw_root,data/raw/paderborn,data/raw/paderborn/KA04/N15_M07_F10_KA04_15.mat,N15_M07_F10_KA04_15.mat,.mat,8718024,matlab,True,N15_M07_F10,N15,M07,F10,KA04,15,damaged,KA,bearing_code_prefix,N15_M07_F10_KA04_15:1x1:struct,
canonical_raw_root,data/raw/paderborn,data/raw/paderborn/KA04/N15_M07_F10_KA04_16.mat,N15_M07_F10_KA04_16.mat,.mat,8717768,matlab,True,N15_M07_F10,N15,M07,F10,KA04,16,damaged,KA,bearing_code_prefix,N15_M07_F10_KA04_16:1x1:struct,
canonical_raw_root,data/raw/paderborn,data/raw/paderborn/KA04/N15_M07_F10_KA04_17.mat,N15_M07_F10_KA04_17.mat,.mat,8714904,matlab,True,N15_M07_F10,N15,M07,F10,KA04,17,damaged,KA,bearing_code_prefix,N15_M07_F10_KA04_17:1x1:struct,
canonical_raw_root,data/raw/paderborn,data/raw/paderborn/KA04/N15_M07_F10_KA04_18.mat,N15_M07_F10_KA04_18.mat,.mat,8714904,matlab,True,N15_M07_F10,N15,M07,F10,KA04,18,damaged,KA,bearing_code_prefix,N15_M07_F10_KA04_18:1x1:struct,
canonical_raw_root,data/raw/paderborn,data/raw/paderborn/KA04/N15_M07_F10_KA04_19.mat,N15_M07_F10_KA04_19.mat,.mat,8714904,matlab,True,N15_M07_F10,N15,M07,F10,KA04,19,damaged,KA,bearing_code_prefix,N15_M07_F10_KA04_19:1x1:struct,
canonical_raw_root,data/raw/paderborn,data/raw/paderborn/KA04/N15_M07_F10_KA04_2.mat,N15_M07_F10_KA04_2.mat,.mat,8908856,matlab,True,N15_M07_F10,N15,M07,F10,KA04,2,damaged,KA,bearing_code_prefix,N15_M07_F10_KA04_2:1x1:struct,
canonical_raw_root,data/raw/paderborn,data/raw/paderborn/KA04/N15_M07_F10_KA04_20.mat,N15_M07_F10_KA04_20.mat,.mat,8714904,matlab,True,N15_M07_F10,N15,M07,F10,KA04,20,damaged,KA,bearing_code_prefix,N15_M07_F10_KA04_20:1x1:struct,
canonical_raw_root,data/raw/paderborn,data/raw/paderborn/KA04/N15_M07_F10_KA04_3.mat,N15_M07_F10_KA04_3.mat,.mat,8751480,matlab,True,N15_M07_F10,N15,M07,F10,KA04,3,damaged,KA,bearing_code_prefix,N15_M07_F10_KA04_3:1x1:struct,
canonical_raw_root,data/raw/paderborn,data/raw/paderborn/KA04/N15_M07_F10_KA04_4.mat,N15_M07_F10_KA04_4.mat,.mat,8717832,matlab,True,N15_M07_F10,N15,M07,F10,KA04,4,damaged,KA,bearing_code_prefix,N15_M07_F10_KA04_4:1x1:struct,
canonical_raw_root,data/raw/paderborn,data/raw/paderborn/KA04/N15_M07_F10_KA04_5.mat,N15_M07_F10_KA04_5.mat,.mat,8714904,matlab,True,N15_M07_F10,N15,M07,F10,KA04,5,damaged,KA,bearing_code_prefix,N15_M07_F10_KA04_5:1x1:struct,
canonical_raw_root,data/raw/paderborn,data/raw/paderborn/KA04/N15_M07_F10_KA04_6.mat,N15_M07_F10_KA04_6.mat,.mat,8714936,matlab,True,N15_M07_F10,N15,M07,F10,KA04,6,damaged,KA,bearing_code_prefix,N15_M07_F10_KA04_6:1x1:struct,
canonical_raw_root,data/raw/paderborn,data/raw/paderborn/KA04/N15_M07_F10_KA04_7.mat,N15_M07_F10_KA04_7.mat,.mat,8719072,matlab,True,N15_M07_F10,N15,M07,F10,KA04,7,damaged,KA,bearing_code_prefix,N15_M07_F10_KA04_7:1x1:struct,
canonical_raw_root,data/raw/paderborn,data/raw/paderborn/KA04/N15_M07_F10_KA04_8.mat,N15_M07_F10_KA04_8.mat,.mat,8714968,matlab,True,N15_M07_F10,N15,M07,F10,KA04,8,damaged,KA,bearing_code_prefix,N15_M07_F10_KA04_8:1x1:struct,
canonical_raw_root,data/raw/paderborn,data/raw/paderborn/KA04/N15_M07_F10_KA04_9.mat,N15_M07_F10_KA04_9.mat,.mat,8714904,matlab,True,N15_M07_F10,N15,M07,F10,KA04,9,damaged,KA,bearing_code_prefix,N15_M07_F10_KA04_9:1x1:struct,
canonical_raw_root,data/raw/paderborn,data/raw/paderborn/KA05/KA05.pdf,KA05.pdf,.pdf,55618,pdf,False,,,,,KA05,,damaged,KA,bearing_code_prefix,,No metadata inspector is implemented for this extension
canonical_raw_root,data/raw/paderborn,data/raw/paderborn/KA05/measuring_log_KA05.pdf,measuring_log_KA05.pdf,.pdf,138875,pdf,False,,,,,KA05,,damaged,KA,bearing_code_prefix,,No metadata inspector is implemented for this extension
canonical_raw_root,data/raw/paderborn,data/raw/paderborn/KA05/N09_M07_F10_KA05_1.mat,N09_M07_F10_KA05_1.mat,.mat,8714904,matlab,True,N09_M07_F10,N09,M07,F10,KA05,1,damaged,KA,bearing_code_prefix,N09_M07_F10_KA05_1:1x1:struct,
canonical_raw_root,data/raw/paderborn,data/raw/paderborn/KA05/N09_M07_F10_KA05_10.mat,N09_M07_F10_KA05_10.mat,.mat,8717784,matlab,True,N09_M07_F10,N09,M07,F10,KA05,10,damaged,KA,bearing_code_prefix,N09_M07_F10_KA05_10:1x1:struct,
canonical_raw_root,data/raw/paderborn,data/raw/paderborn/KA05/N09_M07_F10_KA05_11.mat,N09_M07_F10_KA05_11.mat,.mat,8714968,matlab,True,N09_M07_F10,N09,M07,F10,KA05,11,damaged,KA,bearing_code_prefix,N09_M07_F10_KA05_11:1x1:struct,
canonical_raw_root,data/raw/paderborn,data/raw/paderborn/KA05/N09_M07_F10_KA05_12.mat,N09_M07_F10_KA05_12.mat,.mat,8714904,matlab,True,N09_M07_F10,N09,M07,F10,KA05,12,damaged,KA,bearing_code_prefix,N09_M07_F10_KA05_12:1x1:struct,
canonical_raw_root,data/raw/paderborn,data/raw/paderborn/KA05/N09_M07_F10_KA05_13.mat,N09_M07_F10_KA05_13.mat,.mat,8717480,matlab,True,N09_M07_F10,N09,M07,F10,KA05,13,damaged,KA,bearing_code_prefix,N09_M07_F10_KA05_13:1x1:struct,
canonical_raw_root,data/raw/paderborn,data/raw/paderborn/KA05/N09_M07_F10_KA05_14.mat,N09_M07_F10_KA05_14.mat,.mat,8714904,matlab,True,N09_M07_F10,N09,M07,F10,KA05,14,damaged,KA,bearing_code_prefix,N09_M07_F10_KA05_14:1x1:struct,
canonical_raw_root,data/raw/paderborn,data/raw/paderborn/KA05/N09_M07_F10_KA05_15.mat,N09_M07_F10_KA05_15.mat,.mat,8717752,matlab,True,N09_M07_F10,N09,M07,F10,KA05,15,damaged,KA,bearing_code_prefix,N09_M07_F10_KA05_15:1x1:struct,
canonical_raw_root,data/raw/paderborn,data/raw/paderborn/KA05/N09_M07_F10_KA05_16.mat,N09_M07_F10_KA05_16.mat,.mat,8939960,matlab,True,N09_M07_F10,N09,M07,F10,KA05,16,damaged,KA,bearing_code_prefix,N09_M07_F10_KA05_16:1x1:struct,
canonical_raw_root,data/raw/paderborn,data/raw/paderborn/KA05/N09_M07_F10_KA05_17.mat,N09_M07_F10_KA05_17.mat,.mat,8717624,matlab,True,N09_M07_F10,N09,M07,F10,KA05,17,damaged,KA,bearing_code_prefix,N09_M07_F10_KA05_17:1x1:struct,
canonical_raw_root,data/raw/paderborn,data/raw/paderborn/KA05/N09_M07_F10_KA05_18.mat,N09_M07_F10_KA05_18.mat,.mat,8717720,matlab,True,N09_M07_F10,N09,M07,F10,KA05,18,damaged,KA,bearing_code_prefix,N09_M07_F10_KA05_18:1x1:struct,
canonical_raw_root,data/raw/paderborn,data/raw/paderborn/KA05/N09_M07_F10_KA05_19.mat,N09_M07_F10_KA05_19.mat,.mat,8714840,matlab,True,N09_M07_F10,N09,M07,F10,KA05,19,damaged,KA,bearing_code_prefix,N09_M07_F10_KA05_19:1x1:struct,
canonical_raw_root,data/raw/paderborn,data/raw/paderborn/KA05/N09_M07_F10_KA05_2.mat,N09_M07_F10_KA05_2.mat,.mat,8717848,matlab,True,N09_M07_F10,N09,M07,F10,KA05,2,damaged,KA,bearing_code_prefix,N09_M07_F10_KA05_2:1x1:struct,
canonical_raw_root,data/raw/paderborn,data/raw/paderborn/KA05/N09_M07_F10_KA05_20.mat,N09_M07_F10_KA05_20.mat,.mat,8717960,matlab,True,N09_M07_F10,N09,M07,F10,KA05,20,damaged,KA,bearing_code_prefix,N09_M07_F10_KA05_20:1x1:struct,
canonical_raw_root,data/raw/paderborn,data/raw/paderborn/KA05/N09_M07_F10_KA05_3.mat,N09_M07_F10_KA05_3.mat,.mat,8714904,matlab,True,N09_M07_F10,N09,M07,F10,KA05,3,damaged,KA,bearing_code_prefix,N09_M07_F10_KA05_3:1x1:struct,
canonical_raw_root,data/raw/paderborn,data/raw/paderborn/KA05/N09_M07_F10_KA05_4.mat,N09_M07_F10_KA05_4.mat,.mat,8714872,matlab,True,N09_M07_F10,N09,M07,F10,KA05,4,damaged,KA,bearing_code_prefix,N09_M07_F10_KA05_4:1x1:struct,
canonical_raw_root,data/raw/paderborn,data/raw/paderborn/KA05/N09_M07_F10_KA05_5.mat,N09_M07_F10_KA05_5.mat,.mat,8719032,matlab,True,N09_M07_F10,N09,M07,F10,KA05,5,damaged,KA,bearing_code_prefix,N09_M07_F10_KA05_5:1x1:struct,
canonical_raw_root,data/raw/paderborn,data/raw/paderborn/KA05/N09_M07_F10_KA05_6.mat,N09_M07_F10_KA05_6.mat,.mat,8714904,matlab,True,N09_M07_F10,N09,M07,F10,KA05,6,damaged,KA,bearing_code_prefix,N09_M07_F10_KA05_6:1x1:struct,
canonical_raw_root,data/raw/paderborn,data/raw/paderborn/KA05/N09_M07_F10_KA05_7.mat,N09_M07_F10_KA05_7.mat,.mat,8714872,matlab,True,N09_M07_F10,N09,M07,F10,KA05,7,damaged,KA,bearing_code_prefix,N09_M07_F10_KA05_7:1x1:struct,
canonical_raw_root,data/raw/paderborn,data/raw/paderborn/KA05/N09_M07_F10_KA05_8.mat,N09_M07_F10_KA05_8.mat,.mat,8717928,matlab,True,N09_M07_F10,N09,M07,F10,KA05,8,damaged,KA,bearing_code_prefix,N09_M07_F10_KA05_8:1x1:struct,
canonical_raw_root,data/raw/paderborn,data/raw/paderborn/KA05/N09_M07_F10_KA05_9.mat,N09_M07_F10_KA05_9.mat,.mat,8714904,matlab,True,N09_M07_F10,N09,M07,F10,KA05,9,damaged,KA,bearing_code_prefix,N09_M07_F10_KA05_9:1x1:struct,
canonical_raw_root,data/raw/paderborn,data/raw/paderborn/KA05/N15_M01_F10_KA05_1.mat,N15_M01_F10_KA05_1.mat,.mat,8714872,matlab,True,N15_M01_F10,N15,M01,F10,KA05,1,damaged,KA,bearing_code_prefix,N15_M01_F10_KA05_1:1x1:struct,
canonical_raw_root,data/raw/paderborn,data/raw/paderborn/KA05/N15_M01_F10_KA05_10.mat,N15_M01_F10_KA05_10.mat,.mat,8715192,matlab,True,N15_M01_F10,N15,M01,F10,KA05,10,damaged,KA,bearing_code_prefix,N15_M01_F10_KA05_10:1x1:struct,
canonical_raw_root,data/raw/paderborn,data/raw/paderborn/KA05/N15_M01_F10_KA05_11.mat,N15_M01_F10_KA05_11.mat,.mat,8717944,matlab,True,N15_M01_F10,N15,M01,F10,KA05,11,damaged,KA,bearing_code_prefix,N15_M01_F10_KA05_11:1x1:struct,
canonical_raw_root,data/raw/paderborn,data/raw/paderborn/KA05/N15_M01_F10_KA05_12.mat,N15_M01_F10_KA05_12.mat,.mat,8715000,matlab,True,N15_M01_F10,N15,M01,F10,KA05,12,damaged,KA,bearing_code_prefix,N15_M01_F10_KA05_12:1x1:struct,
canonical_raw_root,data/raw/paderborn,data/raw/paderborn/KA05/N15_M01_F10_KA05_13.mat,N15_M01_F10_KA05_13.mat,.mat,8724088,matlab,True,N15_M01_F10,N15,M01,F10,KA05,13,damaged,KA,bearing_code_prefix,N15_M01_F10_KA05_13:1x1:struct,
canonical_raw_root,data/raw/paderborn,data/raw/paderborn/KA05/N15_M01_F10_KA05_14.mat,N15_M01_F10_KA05_14.mat,.mat,8717800,matlab,True,N15_M01_F10,N15,M01,F10,KA05,14,damaged,KA,bearing_code_prefix,N15_M01_F10_KA05_14:1x1:struct,
canonical_raw_root,data/raw/paderborn,data/raw/paderborn/KA05/N15_M01_F10_KA05_15.mat,N15_M01_F10_KA05_15.mat,.mat,8717704,matlab,True,N15_M01_F10,N15,M01,F10,KA05,15,damaged,KA,bearing_code_prefix,N15_M01_F10_KA05_15:1x1:struct,
canonical_raw_root,data/raw/paderborn,data/raw/paderborn/KA05/N15_M01_F10_KA05_16.mat,N15_M01_F10_KA05_16.mat,.mat,8717432,matlab,True,N15_M01_F10,N15,M01,F10,KA05,16,damaged,KA,bearing_code_prefix,N15_M01_F10_KA05_16:1x1:struct,
canonical_raw_root,data/raw/paderborn,data/raw/paderborn/KA05/N15_M01_F10_KA05_17.mat,N15_M01_F10_KA05_17.mat,.mat,8717672,matlab,True,N15_M01_F10,N15,M01,F10,KA05,17,damaged,KA,bearing_code_prefix,N15_M01_F10_KA05_17:1x1:struct,
canonical_raw_root,data/raw/paderborn,data/raw/paderborn/KA05/N15_M01_F10_KA05_18.mat,N15_M01_F10_KA05_18.mat,.mat,8714904,matlab,True,N15_M01_F10,N15,M01,F10,KA05,18,damaged,KA,bearing_code_prefix,N15_M01_F10_KA05_18:1x1:struct,
canonical_raw_root,data/raw/paderborn,data/raw/paderborn/KA05/N15_M01_F10_KA05_19.mat,N15_M01_F10_KA05_19.mat,.mat,8714872,matlab,True,N15_M01_F10,N15,M01,F10,KA05,19,damaged,KA,bearing_code_prefix,N15_M01_F10_KA05_19:1x1:struct,
canonical_raw_root,data/raw/paderborn,data/raw/paderborn/KA05/N15_M01_F10_KA05_2.mat,N15_M01_F10_KA05_2.mat,.mat,8714840,matlab,True,N15_M01_F10,N15,M01,F10,KA05,2,damaged,KA,bearing_code_prefix,N15_M01_F10_KA05_2:1x1:struct,
canonical_raw_root,data/raw/paderborn,data/raw/paderborn/KA05/N15_M01_F10_KA05_20.mat,N15_M01_F10_KA05_20.mat,.mat,8718048,matlab,True,N15_M01_F10,N15,M01,F10,KA05,20,damaged,KA,bearing_code_prefix,N15_M01_F10_KA05_20:1x1:struct,
canonical_raw_root,data/raw/paderborn,data/raw/paderborn/KA05/N15_M01_F10_KA05_3.mat,N15_M01_F10_KA05_3.mat,.mat,8718024,matlab,True,N15_M01_F10,N15,M01,F10,KA05,3,damaged,KA,bearing_code_prefix,N15_M01_F10_KA05_3:1x1:struct,
canonical_raw_root,data/raw/paderborn,data/raw/paderborn/KA05/N15_M01_F10_KA05_4.mat,N15_M01_F10_KA05_4.mat,.mat,8714904,matlab,True,N15_M01_F10,N15,M01,F10,KA05,4,damaged,KA,bearing_code_prefix,N15_M01_F10_KA05_4:1x1:struct,
canonical_raw_root,data/raw/paderborn,data/raw/paderborn/KA05/N15_M01_F10_KA05_5.mat,N15_M01_F10_KA05_5.mat,.mat,8717736,matlab,True,N15_M01_F10,N15,M01,F10,KA05,5,damaged,KA,bearing_code_prefix,N15_M01_F10_KA05_5:1x1:struct,
canonical_raw_root,data/raw/paderborn,data/raw/paderborn/KA05/N15_M01_F10_KA05_6.mat,N15_M01_F10_KA05_6.mat,.mat,8714904,matlab,True,N15_M01_F10,N15,M01,F10,KA05,6,damaged,KA,bearing_code_prefix,N15_M01_F10_KA05_6:1x1:struct,
canonical_raw_root,data/raw/paderborn,data/raw/paderborn/KA05/N15_M01_F10_KA05_7.mat,N15_M01_F10_KA05_7.mat,.mat,8730616,matlab,True,N15_M01_F10,N15,M01,F10,KA05,7,damaged,KA,bearing_code_prefix,N15_M01_F10_KA05_7:1x1:struct,
canonical_raw_root,data/raw/paderborn,data/raw/paderborn/KA05/N15_M01_F10_KA05_8.mat,N15_M01_F10_KA05_8.mat,.mat,8714904,matlab,True,N15_M01_F10,N15,M01,F10,KA05,8,damaged,KA,bearing_code_prefix,N15_M01_F10_KA05_8:1x1:struct,
canonical_raw_root,data/raw/paderborn,data/raw/paderborn/KA05/N15_M01_F10_KA05_9.mat,N15_M01_F10_KA05_9.mat,.mat,8744376,matlab,True,N15_M01_F10,N15,M01,F10,KA05,9,damaged,KA,bearing_code_prefix,N15_M01_F10_KA05_9:1x1:struct,
canonical_raw_root,data/raw/paderborn,data/raw/paderborn/KA05/N15_M07_F04_KA05_1.mat,N15_M07_F04_KA05_1.mat,.mat,8714968,matlab,True,N15_M07_F04,N15,M07,F04,KA05,1,damaged,KA,bearing_code_prefix,N15_M07_F04_KA05_1:1x1:struct,
canonical_raw_root,data/raw/paderborn,data/raw/paderborn/KA05/N15_M07_F04_KA05_10.mat,N15_M07_F04_KA05_10.mat,.mat,8714968,matlab,True,N15_M07_F04,N15,M07,F04,KA05,10,damaged,KA,bearing_code_prefix,N15_M07_F04_KA05_10:1x1:struct,
canonical_raw_root,data/raw/paderborn,data/raw/paderborn/KA05/N15_M07_F04_KA05_11.mat,N15_M07_F04_KA05_11.mat,.mat,8714904,matlab,True,N15_M07_F04,N15,M07,F04,KA05,11,damaged,KA,bearing_code_prefix,N15_M07_F04_KA05_11:1x1:struct,
canonical_raw_root,data/raw/paderborn,data/raw/paderborn/KA05/N15_M07_F04_KA05_12.mat,N15_M07_F04_KA05_12.mat,.mat,8717928,matlab,True,N15_M07_F04,N15,M07,F04,KA05,12,damaged,KA,bearing_code_prefix,N15_M07_F04_KA05_12:1x1:struct,
canonical_raw_root,data/raw/paderborn,data/raw/paderborn/KA05/N15_M07_F04_KA05_13.mat,N15_M07_F04_KA05_13.mat,.mat,8714872,matlab,True,N15_M07_F04,N15,M07,F04,KA05,13,damaged,KA,bearing_code_prefix,N15_M07_F04_KA05_13:1x1:struct,
canonical_raw_root,data/raw/paderborn,data/raw/paderborn/KA05/N15_M07_F04_KA05_14.mat,N15_M07_F04_KA05_14.mat,.mat,8718360,matlab,True,N15_M07_F04,N15,M07,F04,KA05,14,damaged,KA,bearing_code_prefix,N15_M07_F04_KA05_14:1x1:struct,
canonical_raw_root,data/raw/paderborn,data/raw/paderborn/KA05/N15_M07_F04_KA05_15.mat,N15_M07_F04_KA05_15.mat,.mat,9108952,matlab,True,N15_M07_F04,N15,M07,F04,KA05,15,damaged,KA,bearing_code_prefix,N15_M07_F04_KA05_15:1x1:struct,
canonical_raw_root,data/raw/paderborn,data/raw/paderborn/KA05/N15_M07_F04_KA05_16.mat,N15_M07_F04_KA05_16.mat,.mat,8714904,matlab,True,N15_M07_F04,N15,M07,F04,KA05,16,damaged,KA,bearing_code_prefix,N15_M07_F04_KA05_16:1x1:struct,
canonical_raw_root,data/raw/paderborn,data/raw/paderborn/KA05/N15_M07_F04_KA05_17.mat,N15_M07_F04_KA05_17.mat,.mat,8717880,matlab,True,N15_M07_F04,N15,M07,F04,KA05,17,damaged,KA,bearing_code_prefix,N15_M07_F04_KA05_17:1x1:struct,
canonical_raw_root,data/raw/paderborn,data/raw/paderborn/KA05/N15_M07_F04_KA05_18.mat,N15_M07_F04_KA05_18.mat,.mat,8714904,matlab,True,N15_M07_F04,N15,M07,F04,KA05,18,damaged,KA,bearing_code_prefix,N15_M07_F04_KA05_18:1x1:struct,
canonical_raw_root,data/raw/paderborn,data/raw/paderborn/KA05/N15_M07_F04_KA05_19.mat,N15_M07_F04_KA05_19.mat,.mat,8717272,matlab,True,N15_M07_F04,N15,M07,F04,KA05,19,damaged,KA,bearing_code_prefix,N15_M07_F04_KA05_19:1x1:struct,
canonical_raw_root,data/raw/paderborn,data/raw/paderborn/KA05/N15_M07_F04_KA05_2.mat,N15_M07_F04_KA05_2.mat,.mat,8717592,matlab,True,N15_M07_F04,N15,M07,F04,KA05,2,damaged,KA,bearing_code_prefix,N15_M07_F04_KA05_2:1x1:struct,
canonical_raw_root,data/raw/paderborn,data/raw/paderborn/KA05/N15_M07_F04_KA05_20.mat,N15_M07_F04_KA05_20.mat,.mat,8728248,matlab,True,N15_M07_F04,N15,M07,F04,KA05,20,damaged,KA,bearing_code_prefix,N15_M07_F04_KA05_20:1x1:struct,
canonical_raw_root,data/raw/paderborn,data/raw/paderborn/KA05/N15_M07_F04_KA05_3.mat,N15_M07_F04_KA05_3.mat,.mat,8718968,matlab,True,N15_M07_F04,N15,M07,F04,KA05,3,damaged,KA,bearing_code_prefix,N15_M07_F04_KA05_3:1x1:struct,
canonical_raw_root,data/raw/paderborn,data/raw/paderborn/KA05/N15_M07_F04_KA05_4.mat,N15_M07_F04_KA05_4.mat,.mat,8714904,matlab,True,N15_M07_F04,N15,M07,F04,KA05,4,damaged,KA,bearing_code_prefix,N15_M07_F04_KA05_4:1x1:struct,
canonical_raw_root,data/raw/paderborn,data/raw/paderborn/KA05/N15_M07_F04_KA05_5.mat,N15_M07_F04_KA05_5.mat,.mat,8717664,matlab,True,N15_M07_F04,N15,M07,F04,KA05,5,damaged,KA,bearing_code_prefix,N15_M07_F04_KA05_5:1x1:struct,
canonical_raw_root,data/raw/paderborn,data/raw/paderborn/KA05/N15_M07_F04_KA05_6.mat,N15_M07_F04_KA05_6.mat,.mat,8717664,matlab,True,N15_M07_F04,N15,M07,F04,KA05,6,damaged,KA,bearing_code_prefix,N15_M07_F04_KA05_6:1x1:struct,
canonical_raw_root,data/raw/paderborn,data/raw/paderborn/KA05/N15_M07_F04_KA05_7.mat,N15_M07_F04_KA05_7.mat,.mat,8718136,matlab,True,N15_M07_F04,N15,M07,F04,KA05,7,damaged,KA,bearing_code_prefix,N15_M07_F04_KA05_7:1x1:struct,
canonical_raw_root,data/raw/paderborn,data/raw/paderborn/KA05/N15_M07_F04_KA05_8.mat,N15_M07_F04_KA05_8.mat,.mat,8714936,matlab,True,N15_M07_F04,N15,M07,F04,KA05,8,damaged,KA,bearing_code_prefix,N15_M07_F04_KA05_8:1x1:struct,
canonical_raw_root,data/raw/paderborn,data/raw/paderborn/KA05/N15_M07_F04_KA05_9.mat,N15_M07_F04_KA05_9.mat,.mat,9320632,matlab,True,N15_M07_F04,N15,M07,F04,KA05,9,damaged,KA,bearing_code_prefix,N15_M07_F04_KA05_9:1x1:struct,
canonical_raw_root,data/raw/paderborn,data/raw/paderborn/KA05/N15_M07_F10_KA05_1.mat,N15_M07_F10_KA05_1.mat,.mat,8714904,matlab,True,N15_M07_F10,N15,M07,F10,KA05,1,damaged,KA,bearing_code_prefix,N15_M07_F10_KA05_1:1x1:struct,
canonical_raw_root,data/raw/paderborn,data/raw/paderborn/KA05/N15_M07_F10_KA05_10.mat,N15_M07_F10_KA05_10.mat,.mat,8717848,matlab,True,N15_M07_F10,N15,M07,F10,KA05,10,damaged,KA,bearing_code_prefix,N15_M07_F10_KA05_10:1x1:struct,
canonical_raw_root,data/raw/paderborn,data/raw/paderborn/KA05/N15_M07_F10_KA05_11.mat,N15_M07_F10_KA05_11.mat,.mat,8717856,matlab,True,N15_M07_F10,N15,M07,F10,KA05,11,damaged,KA,bearing_code_prefix,N15_M07_F10_KA05_11:1x1:struct,
canonical_raw_root,data/raw/paderborn,data/raw/paderborn/KA05/N15_M07_F10_KA05_12.mat,N15_M07_F10_KA05_12.mat,.mat,8717640,matlab,True,N15_M07_F10,N15,M07,F10,KA05,12,damaged,KA,bearing_code_prefix,N15_M07_F10_KA05_12:1x1:struct,
canonical_raw_root,data/raw/paderborn,data/raw/paderborn/KA05/N15_M07_F10_KA05_13.mat,N15_M07_F10_KA05_13.mat,.mat,8714872,matlab,True,N15_M07_F10,N15,M07,F10,KA05,13,damaged,KA,bearing_code_prefix,N15_M07_F10_KA05_13:1x1:struct,
canonical_raw_root,data/raw/paderborn,data/raw/paderborn/KA05/N15_M07_F10_KA05_14.mat,N15_M07_F10_KA05_14.mat,.mat,8717976,matlab,True,N15_M07_F10,N15,M07,F10,KA05,14,damaged,KA,bearing_code_prefix,N15_M07_F10_KA05_14:1x1:struct,
canonical_raw_root,data/raw/paderborn,data/raw/paderborn/KA05/N15_M07_F10_KA05_15.mat,N15_M07_F10_KA05_15.mat,.mat,8714904,matlab,True,N15_M07_F10,N15,M07,F10,KA05,15,damaged,KA,bearing_code_prefix,N15_M07_F10_KA05_15:1x1:struct,
canonical_raw_root,data/raw/paderborn,data/raw/paderborn/KA05/N15_M07_F10_KA05_16.mat,N15_M07_F10_KA05_16.mat,.mat,8542344,matlab,True,N15_M07_F10,N15,M07,F10,KA05,16,damaged,KA,bearing_code_prefix,N15_M07_F10_KA05_16:1x1:struct,
canonical_raw_root,data/raw/paderborn,data/raw/paderborn/KA05/N15_M07_F10_KA05_17.mat,N15_M07_F10_KA05_17.mat,.mat,8714936,matlab,True,N15_M07_F10,N15,M07,F10,KA05,17,damaged,KA,bearing_code_prefix,N15_M07_F10_KA05_17:1x1:struct,
canonical_raw_root,data/raw/paderborn,data/raw/paderborn/KA05/N15_M07_F10_KA05_18.mat,N15_M07_F10_KA05_18.mat,.mat,8714968,matlab,True,N15_M07_F10,N15,M07,F10,KA05,18,damaged,KA,bearing_code_prefix,N15_M07_F10_KA05_18:1x1:struct,
canonical_raw_root,data/raw/paderborn,data/raw/paderborn/KA05/N15_M07_F10_KA05_19.mat,N15_M07_F10_KA05_19.mat,.mat,8717896,matlab,True,N15_M07_F10,N15,M07,F10,KA05,19,damaged,KA,bearing_code_prefix,N15_M07_F10_KA05_19:1x1:struct,
canonical_raw_root,data/raw/paderborn,data/raw/paderborn/KA05/N15_M07_F10_KA05_2.mat,N15_M07_F10_KA05_2.mat,.mat,9633400,matlab,True,N15_M07_F10,N15,M07,F10,KA05,2,damaged,KA,bearing_code_prefix,N15_M07_F10_KA05_2:1x1:struct,
canonical_raw_root,data/raw/paderborn,data/raw/paderborn/KA05/N15_M07_F10_KA05_20.mat,N15_M07_F10_KA05_20.mat,.mat,8717896,matlab,True,N15_M07_F10,N15,M07,F10,KA05,20,damaged,KA,bearing_code_prefix,N15_M07_F10_KA05_20:1x1:struct,
canonical_raw_root,data/raw/paderborn,data/raw/paderborn/KA05/N15_M07_F10_KA05_3.mat,N15_M07_F10_KA05_3.mat,.mat,8718104,matlab,True,N15_M07_F10,N15,M07,F10,KA05,3,damaged,KA,bearing_code_prefix,N15_M07_F10_KA05_3:1x1:struct,
canonical_raw_root,data/raw/paderborn,data/raw/paderborn/KA05/N15_M07_F10_KA05_4.mat,N15_M07_F10_KA05_4.mat,.mat,8714904,matlab,True,N15_M07_F10,N15,M07,F10,KA05,4,damaged,KA,bearing_code_prefix,N15_M07_F10_KA05_4:1x1:struct,
canonical_raw_root,data/raw/paderborn,data/raw/paderborn/KA05/N15_M07_F10_KA05_5.mat,N15_M07_F10_KA05_5.mat,.mat,8718648,matlab,True,N15_M07_F10,N15,M07,F10,KA05,5,damaged,KA,bearing_code_prefix,N15_M07_F10_KA05_5:1x1:struct,
canonical_raw_root,data/raw/paderborn,data/raw/paderborn/KA05/N15_M07_F10_KA05_6.mat,N15_M07_F10_KA05_6.mat,.mat,8714872,matlab,True,N15_M07_F10,N15,M07,F10,KA05,6,damaged,KA,bearing_code_prefix,N15_M07_F10_KA05_6:1x1:struct,
canonical_raw_root,data/raw/paderborn,data/raw/paderborn/KA05/N15_M07_F10_KA05_7.mat,N15_M07_F10_KA05_7.mat,.mat,8717672,matlab,True,N15_M07_F10,N15,M07,F10,KA05,7,damaged,KA,bearing_code_prefix,N15_M07_F10_KA05_7:1x1:struct,
canonical_raw_root,data/raw/paderborn,data/raw/paderborn/KA05/N15_M07_F10_KA05_8.mat,N15_M07_F10_KA05_8.mat,.mat,8714904,matlab,True,N15_M07_F10,N15,M07,F10,KA05,8,damaged,KA,bearing_code_prefix,N15_M07_F10_KA05_8:1x1:struct,
canonical_raw_root,data/raw/paderborn,data/raw/paderborn/KA05/N15_M07_F10_KA05_9.mat,N15_M07_F10_KA05_9.mat,.mat,8714936,matlab,True,N15_M07_F10,N15,M07,F10,KA05,9,damaged,KA,bearing_code_prefix,N15_M07_F10_KA05_9:1x1:struct,
canonical_raw_root,data/raw/paderborn,data/raw/paderborn/KA06/KA06.pdf,KA06.pdf,.pdf,55743,pdf,False,,,,,KA06,,damaged,KA,bearing_code_prefix,,No metadata inspector is implemented for this extension
canonical_raw_root,data/raw/paderborn,data/raw/paderborn/KA06/measuring_log_KA06.pdf,measuring_log_KA06.pdf,.pdf,138875,pdf,False,,,,,KA06,,damaged,KA,bearing_code_prefix,,No metadata inspector is implemented for this extension
canonical_raw_root,data/raw/paderborn,data/raw/paderborn/KA06/N09_M07_F10_KA06_1.mat,N09_M07_F10_KA06_1.mat,.mat,8718072,matlab,True,N09_M07_F10,N09,M07,F10,KA06,1,damaged,KA,bearing_code_prefix,N09_M07_F10_KA06_1:1x1:struct,
canonical_raw_root,data/raw/paderborn,data/raw/paderborn/KA06/N09_M07_F10_KA06_10.mat,N09_M07_F10_KA06_10.mat,.mat,8714904,matlab,True,N09_M07_F10,N09,M07,F10,KA06,10,damaged,KA,bearing_code_prefix,N09_M07_F10_KA06_10:1x1:struct,
canonical_raw_root,data/raw/paderborn,data/raw/paderborn/KA06/N09_M07_F10_KA06_11.mat,N09_M07_F10_KA06_11.mat,.mat,8714872,matlab,True,N09_M07_F10,N09,M07,F10,KA06,11,damaged,KA,bearing_code_prefix,N09_M07_F10_KA06_11:1x1:struct,
canonical_raw_root,data/raw/paderborn,data/raw/paderborn/KA06/N09_M07_F10_KA06_12.mat,N09_M07_F10_KA06_12.mat,.mat,8717624,matlab,True,N09_M07_F10,N09,M07,F10,KA06,12,damaged,KA,bearing_code_prefix,N09_M07_F10_KA06_12:1x1:struct,
canonical_raw_root,data/raw/paderborn,data/raw/paderborn/KA06/N09_M07_F10_KA06_13.mat,N09_M07_F10_KA06_13.mat,.mat,8714872,matlab,True,N09_M07_F10,N09,M07,F10,KA06,13,damaged,KA,bearing_code_prefix,N09_M07_F10_KA06_13:1x1:struct,
canonical_raw_root,data/raw/paderborn,data/raw/paderborn/KA06/N09_M07_F10_KA06_14.mat,N09_M07_F10_KA06_14.mat,.mat,8714904,matlab,True,N09_M07_F10,N09,M07,F10,KA06,14,damaged,KA,bearing_code_prefix,N09_M07_F10_KA06_14:1x1:struct,
canonical_raw_root,data/raw/paderborn,data/raw/paderborn/KA06/N09_M07_F10_KA06_15.mat,N09_M07_F10_KA06_15.mat,.mat,8714872,matlab,True,N09_M07_F10,N09,M07,F10,KA06,15,damaged,KA,bearing_code_prefix,N09_M07_F10_KA06_15:1x1:struct,
canonical_raw_root,data/raw/paderborn,data/raw/paderborn/KA06/N09_M07_F10_KA06_16.mat,N09_M07_F10_KA06_16.mat,.mat,8717528,matlab,True,N09_M07_F10,N09,M07,F10,KA06,16,damaged,KA,bearing_code_prefix,N09_M07_F10_KA06_16:1x1:struct,
canonical_raw_root,data/raw/paderborn,data/raw/paderborn/KA06/N09_M07_F10_KA06_17.mat,N09_M07_F10_KA06_17.mat,.mat,8714872,matlab,True,N09_M07_F10,N09,M07,F10,KA06,17,damaged,KA,bearing_code_prefix,N09_M07_F10_KA06_17:1x1:struct,
canonical_raw_root,data/raw/paderborn,data/raw/paderborn/KA06/N09_M07_F10_KA06_18.mat,N09_M07_F10_KA06_18.mat,.mat,8717688,matlab,True,N09_M07_F10,N09,M07,F10,KA06,18,damaged,KA,bearing_code_prefix,N09_M07_F10_KA06_18:1x1:struct,
canonical_raw_root,data/raw/paderborn,data/raw/paderborn/KA06/N09_M07_F10_KA06_19.mat,N09_M07_F10_KA06_19.mat,.mat,8714904,matlab,True,N09_M07_F10,N09,M07,F10,KA06,19,damaged,KA,bearing_code_prefix,N09_M07_F10_KA06_19:1x1:struct,
canonical_raw_root,data/raw/paderborn,data/raw/paderborn/KA06/N09_M07_F10_KA06_2.mat,N09_M07_F10_KA06_2.mat,.mat,8714904,matlab,True,N09_M07_F10,N09,M07,F10,KA06,2,damaged,KA,bearing_code_prefix,N09_M07_F10_KA06_2:1x1:struct,
canonical_raw_root,data/raw/paderborn,data/raw/paderborn/KA06/N09_M07_F10_KA06_20.mat,N09_M07_F10_KA06_20.mat,.mat,8714904,matlab,True,N09_M07_F10,N09,M07,F10,KA06,20,damaged,KA,bearing_code_prefix,N09_M07_F10_KA06_20:1x1:struct,
canonical_raw_root,data/raw/paderborn,data/raw/paderborn/KA06/N09_M07_F10_KA06_3.mat,N09_M07_F10_KA06_3.mat,.mat,8717816,matlab,True,N09_M07_F10,N09,M07,F10,KA06,3,damaged,KA,bearing_code_prefix,N09_M07_F10_KA06_3:1x1:struct,
canonical_raw_root,data/raw/paderborn,data/raw/paderborn/KA06/N09_M07_F10_KA06_4.mat,N09_M07_F10_KA06_4.mat,.mat,8715000,matlab,True,N09_M07_F10,N09,M07,F10,KA06,4,damaged,KA,bearing_code_prefix,N09_M07_F10_KA06_4:1x1:struct,
canonical_raw_root,data/raw/paderborn,data/raw/paderborn/KA06/N09_M07_F10_KA06_5.mat,N09_M07_F10_KA06_5.mat,.mat,8750776,matlab,True,N09_M07_F10,N09,M07,F10,KA06,5,damaged,KA,bearing_code_prefix,N09_M07_F10_KA06_5:1x1:struct,
canonical_raw_root,data/raw/paderborn,data/raw/paderborn/KA06/N09_M07_F10_KA06_6.mat,N09_M07_F10_KA06_6.mat,.mat,8717472,matlab,True,N09_M07_F10,N09,M07,F10,KA06,6,damaged,KA,bearing_code_prefix,N09_M07_F10_KA06_6:1x1:struct,
canonical_raw_root,data/raw/paderborn,data/raw/paderborn/KA06/N09_M07_F10_KA06_7.mat,N09_M07_F10_KA06_7.mat,.mat,8717912,matlab,True,N09_M07_F10,N09,M07,F10,KA06,7,damaged,KA,bearing_code_prefix,N09_M07_F10_KA06_7:1x1:struct,
canonical_raw_root,data/raw/paderborn,data/raw/paderborn/KA06/N09_M07_F10_KA06_8.mat,N09_M07_F10_KA06_8.mat,.mat,8717544,matlab,True,N09_M07_F10,N09,M07,F10,KA06,8,damaged,KA,bearing_code_prefix,N09_M07_F10_KA06_8:1x1:struct,
canonical_raw_root,data/raw/paderborn,data/raw/paderborn/KA06/N09_M07_F10_KA06_9.mat,N09_M07_F10_KA06_9.mat,.mat,8714904,matlab,True,N09_M07_F10,N09,M07,F10,KA06,9,damaged,KA,bearing_code_prefix,N09_M07_F10_KA06_9:1x1:struct,
canonical_raw_root,data/raw/paderborn,data/raw/paderborn/KA06/N15_M01_F10_KA06_1.mat,N15_M01_F10_KA06_1.mat,.mat,8714904,matlab,True,N15_M01_F10,N15,M01,F10,KA06,1,damaged,KA,bearing_code_prefix,N15_M01_F10_KA06_1:1x1:struct,
canonical_raw_root,data/raw/paderborn,data/raw/paderborn/KA06/N15_M01_F10_KA06_10.mat,N15_M01_F10_KA06_10.mat,.mat,8717752,matlab,True,N15_M01_F10,N15,M01,F10,KA06,10,damaged,KA,bearing_code_prefix,N15_M01_F10_KA06_10:1x1:struct,
canonical_raw_root,data/raw/paderborn,data/raw/paderborn/KA06/N15_M01_F10_KA06_11.mat,N15_M01_F10_KA06_11.mat,.mat,8717400,matlab,True,N15_M01_F10,N15,M01,F10,KA06,11,damaged,KA,bearing_code_prefix,N15_M01_F10_KA06_11:1x1:struct,
canonical_raw_root,data/raw/paderborn,data/raw/paderborn/KA06/N15_M01_F10_KA06_12.mat,N15_M01_F10_KA06_12.mat,.mat,8714904,matlab,True,N15_M01_F10,N15,M01,F10,KA06,12,damaged,KA,bearing_code_prefix,N15_M01_F10_KA06_12:1x1:struct,
canonical_raw_root,data/raw/paderborn,data/raw/paderborn/KA06/N15_M01_F10_KA06_13.mat,N15_M01_F10_KA06_13.mat,.mat,8714872,matlab,True,N15_M01_F10,N15,M01,F10,KA06,13,damaged,KA,bearing_code_prefix,N15_M01_F10_KA06_13:1x1:struct,
canonical_raw_root,data/raw/paderborn,data/raw/paderborn/KA06/N15_M01_F10_KA06_14.mat,N15_M01_F10_KA06_14.mat,.mat,8717688,matlab,True,N15_M01_F10,N15,M01,F10,KA06,14,damaged,KA,bearing_code_prefix,N15_M01_F10_KA06_14:1x1:struct,
canonical_raw_root,data/raw/paderborn,data/raw/paderborn/KA06/N15_M01_F10_KA06_15.mat,N15_M01_F10_KA06_15.mat,.mat,8714872,matlab,True,N15_M01_F10,N15,M01,F10,KA06,15,damaged,KA,bearing_code_prefix,N15_M01_F10_KA06_15:1x1:struct,
canonical_raw_root,data/raw/paderborn,data/raw/paderborn/KA06/N15_M01_F10_KA06_16.mat,N15_M01_F10_KA06_16.mat,.mat,8714904,matlab,True,N15_M01_F10,N15,M01,F10,KA06,16,damaged,KA,bearing_code_prefix,N15_M01_F10_KA06_16:1x1:struct,
canonical_raw_root,data/raw/paderborn,data/raw/paderborn/KA06/N15_M01_F10_KA06_17.mat,N15_M01_F10_KA06_17.mat,.mat,8714904,matlab,True,N15_M01_F10,N15,M01,F10,KA06,17,damaged,KA,bearing_code_prefix,N15_M01_F10_KA06_17:1x1:struct,
canonical_raw_root,data/raw/paderborn,data/raw/paderborn/KA06/N15_M01_F10_KA06_18.mat,N15_M01_F10_KA06_18.mat,.mat,8714840,matlab,True,N15_M01_F10,N15,M01,F10,KA06,18,damaged,KA,bearing_code_prefix,N15_M01_F10_KA06_18:1x1:struct,
canonical_raw_root,data/raw/paderborn,data/raw/paderborn/KA06/N15_M01_F10_KA06_19.mat,N15_M01_F10_KA06_19.mat,.mat,8714904,matlab,True,N15_M01_F10,N15,M01,F10,KA06,19,damaged,KA,bearing_code_prefix,N15_M01_F10_KA06_19:1x1:struct,
canonical_raw_root,data/raw/paderborn,data/raw/paderborn/KA06/N15_M01_F10_KA06_2.mat,N15_M01_F10_KA06_2.mat,.mat,8717624,matlab,True,N15_M01_F10,N15,M01,F10,KA06,2,damaged,KA,bearing_code_prefix,N15_M01_F10_KA06_2:1x1:struct,
canonical_raw_root,data/raw/paderborn,data/raw/paderborn/KA06/N15_M01_F10_KA06_20.mat,N15_M01_F10_KA06_20.mat,.mat,8718168,matlab,True,N15_M01_F10,N15,M01,F10,KA06,20,damaged,KA,bearing_code_prefix,N15_M01_F10_KA06_20:1x1:struct,
canonical_raw_root,data/raw/paderborn,data/raw/paderborn/KA06/N15_M01_F10_KA06_3.mat,N15_M01_F10_KA06_3.mat,.mat,8717592,matlab,True,N15_M01_F10,N15,M01,F10,KA06,3,damaged,KA,bearing_code_prefix,N15_M01_F10_KA06_3:1x1:struct,
canonical_raw_root,data/raw/paderborn,data/raw/paderborn/KA06/N15_M01_F10_KA06_4.mat,N15_M01_F10_KA06_4.mat,.mat,8717240,matlab,True,N15_M01_F10,N15,M01,F10,KA06,4,damaged,KA,bearing_code_prefix,N15_M01_F10_KA06_4:1x1:struct,
canonical_raw_root,data/raw/paderborn,data/raw/paderborn/KA06/N15_M01_F10_KA06_5.mat,N15_M01_F10_KA06_5.mat,.mat,8714904,matlab,True,N15_M01_F10,N15,M01,F10,KA06,5,damaged,KA,bearing_code_prefix,N15_M01_F10_KA06_5:1x1:struct,
canonical_raw_root,data/raw/paderborn,data/raw/paderborn/KA06/N15_M01_F10_KA06_6.mat,N15_M01_F10_KA06_6.mat,.mat,8714872,matlab,True,N15_M01_F10,N15,M01,F10,KA06,6,damaged,KA,bearing_code_prefix,N15_M01_F10_KA06_6:1x1:struct,
canonical_raw_root,data/raw/paderborn,data/raw/paderborn/KA06/N15_M01_F10_KA06_7.mat,N15_M01_F10_KA06_7.mat,.mat,8715000,matlab,True,N15_M01_F10,N15,M01,F10,KA06,7,damaged,KA,bearing_code_prefix,N15_M01_F10_KA06_7:1x1:struct,
canonical_raw_root,data/raw/paderborn,data/raw/paderborn/KA06/N15_M01_F10_KA06_8.mat,N15_M01_F10_KA06_8.mat,.mat,8714904,matlab,True,N15_M01_F10,N15,M01,F10,KA06,8,damaged,KA,bearing_code_prefix,N15_M01_F10_KA06_8:1x1:struct,
canonical_raw_root,data/raw/paderborn,data/raw/paderborn/KA06/N15_M01_F10_KA06_9.mat,N15_M01_F10_KA06_9.mat,.mat,8714872,matlab,True,N15_M01_F10,N15,M01,F10,KA06,9,damaged,KA,bearing_code_prefix,N15_M01_F10_KA06_9:1x1:struct,
canonical_raw_root,data/raw/paderborn,data/raw/paderborn/KA06/N15_M07_F04_KA06_1.mat,N15_M07_F04_KA06_1.mat,.mat,8714904,matlab,True,N15_M07_F04,N15,M07,F04,KA06,1,damaged,KA,bearing_code_prefix,N15_M07_F04_KA06_1:1x1:struct,
canonical_raw_root,data/raw/paderborn,data/raw/paderborn/KA06/N15_M07_F04_KA06_10.mat,N15_M07_F04_KA06_10.mat,.mat,8714904,matlab,True,N15_M07_F04,N15,M07,F04,KA06,10,damaged,KA,bearing_code_prefix,N15_M07_F04_KA06_10:1x1:struct,
canonical_raw_root,data/raw/paderborn,data/raw/paderborn/KA06/N15_M07_F04_KA06_11.mat,N15_M07_F04_KA06_11.mat,.mat,8717624,matlab,True,N15_M07_F04,N15,M07,F04,KA06,11,damaged,KA,bearing_code_prefix,N15_M07_F04_KA06_11:1x1:struct,
canonical_raw_root,data/raw/paderborn,data/raw/paderborn/KA06/N15_M07_F04_KA06_12.mat,N15_M07_F04_KA06_12.mat,.mat,8717688,matlab,True,N15_M07_F04,N15,M07,F04,KA06,12,damaged,KA,bearing_code_prefix,N15_M07_F04_KA06_12:1x1:struct,
canonical_raw_root,data/raw/paderborn,data/raw/paderborn/KA06/N15_M07_F04_KA06_13.mat,N15_M07_F04_KA06_13.mat,.mat,8714968,matlab,True,N15_M07_F04,N15,M07,F04,KA06,13,damaged,KA,bearing_code_prefix,N15_M07_F04_KA06_13:1x1:struct,
canonical_raw_root,data/raw/paderborn,data/raw/paderborn/KA06/N15_M07_F04_KA06_14.mat,N15_M07_F04_KA06_14.mat,.mat,8714904,matlab,True,N15_M07_F04,N15,M07,F04,KA06,14,damaged,KA,bearing_code_prefix,N15_M07_F04_KA06_14:1x1:struct,
canonical_raw_root,data/raw/paderborn,data/raw/paderborn/KA06/N15_M07_F04_KA06_15.mat,N15_M07_F04_KA06_15.mat,.mat,8714904,matlab,True,N15_M07_F04,N15,M07,F04,KA06,15,damaged,KA,bearing_code_prefix,N15_M07_F04_KA06_15:1x1:struct,
canonical_raw_root,data/raw/paderborn,data/raw/paderborn/KA06/N15_M07_F04_KA06_16.mat,N15_M07_F04_KA06_16.mat,.mat,8717336,matlab,True,N15_M07_F04,N15,M07,F04,KA06,16,damaged,KA,bearing_code_prefix,N15_M07_F04_KA06_16:1x1:struct,
canonical_raw_root,data/raw/paderborn,data/raw/paderborn/KA06/N15_M07_F04_KA06_17.mat,N15_M07_F04_KA06_17.mat,.mat,8717336,matlab,True,N15_M07_F04,N15,M07,F04,KA06,17,damaged,KA,bearing_code_prefix,N15_M07_F04_KA06_17:1x1:struct,
canonical_raw_root,data/raw/paderborn,data/raw/paderborn/KA06/N15_M07_F04_KA06_18.mat,N15_M07_F04_KA06_18.mat,.mat,8910872,matlab,True,N15_M07_F04,N15,M07,F04,KA06,18,damaged,KA,bearing_code_prefix,N15_M07_F04_KA06_18:1x1:struct,
canonical_raw_root,data/raw/paderborn,data/raw/paderborn/KA06/N15_M07_F04_KA06_19.mat,N15_M07_F04_KA06_19.mat,.mat,8714872,matlab,True,N15_M07_F04,N15,M07,F04,KA06,19,damaged,KA,bearing_code_prefix,N15_M07_F04_KA06_19:1x1:struct,
canonical_raw_root,data/raw/paderborn,data/raw/paderborn/KA06/N15_M07_F04_KA06_2.mat,N15_M07_F04_KA06_2.mat,.mat,8714904,matlab,True,N15_M07_F04,N15,M07,F04,KA06,2,damaged,KA,bearing_code_prefix,N15_M07_F04_KA06_2:1x1:struct,
canonical_raw_root,data/raw/paderborn,data/raw/paderborn/KA06/N15_M07_F04_KA06_20.mat,N15_M07_F04_KA06_20.mat,.mat,8714904,matlab,True,N15_M07_F04,N15,M07,F04,KA06,20,damaged,KA,bearing_code_prefix,N15_M07_F04_KA06_20:1x1:struct,
canonical_raw_root,data/raw/paderborn,data/raw/paderborn/KA06/N15_M07_F04_KA06_3.mat,N15_M07_F04_KA06_3.mat,.mat,8714872,matlab,True,N15_M07_F04,N15,M07,F04,KA06,3,damaged,KA,bearing_code_prefix,N15_M07_F04_KA06_3:1x1:struct,
canonical_raw_root,data/raw/paderborn,data/raw/paderborn/KA06/N15_M07_F04_KA06_4.mat,N15_M07_F04_KA06_4.mat,.mat,8717432,matlab,True,N15_M07_F04,N15,M07,F04,KA06,4,damaged,KA,bearing_code_prefix,N15_M07_F04_KA06_4:1x1:struct,
canonical_raw_root,data/raw/paderborn,data/raw/paderborn/KA06/N15_M07_F04_KA06_5.mat,N15_M07_F04_KA06_5.mat,.mat,8714936,matlab,True,N15_M07_F04,N15,M07,F04,KA06,5,damaged,KA,bearing_code_prefix,N15_M07_F04_KA06_5:1x1:struct,
canonical_raw_root,data/raw/paderborn,data/raw/paderborn/KA06/N15_M07_F04_KA06_6.mat,N15_M07_F04_KA06_6.mat,.mat,8716664,matlab,True,N15_M07_F04,N15,M07,F04,KA06,6,damaged,KA,bearing_code_prefix,N15_M07_F04_KA06_6:1x1:struct,
canonical_raw_root,data/raw/paderborn,data/raw/paderborn/KA06/N15_M07_F04_KA06_7.mat,N15_M07_F04_KA06_7.mat,.mat,8714904,matlab,True,N15_M07_F04,N15,M07,F04,KA06,7,damaged,KA,bearing_code_prefix,N15_M07_F04_KA06_7:1x1:struct,
canonical_raw_root,data/raw/paderborn,data/raw/paderborn/KA06/N15_M07_F04_KA06_8.mat,N15_M07_F04_KA06_8.mat,.mat,8714872,matlab,True,N15_M07_F04,N15,M07,F04,KA06,8,damaged,KA,bearing_code_prefix,N15_M07_F04_KA06_8:1x1:struct,
canonical_raw_root,data/raw/paderborn,data/raw/paderborn/KA06/N15_M07_F04_KA06_9.mat,N15_M07_F04_KA06_9.mat,.mat,8714872,matlab,True,N15_M07_F04,N15,M07,F04,KA06,9,damaged,KA,bearing_code_prefix,N15_M07_F04_KA06_9:1x1:struct,
canonical_raw_root,data/raw/paderborn,data/raw/paderborn/KA06/N15_M07_F10_KA06_1.mat,N15_M07_F10_KA06_1.mat,.mat,8717688,matlab,True,N15_M07_F10,N15,M07,F10,KA06,1,damaged,KA,bearing_code_prefix,N15_M07_F10_KA06_1:1x1:struct,
canonical_raw_root,data/raw/paderborn,data/raw/paderborn/KA06/N15_M07_F10_KA06_10.mat,N15_M07_F10_KA06_10.mat,.mat,8717672,matlab,True,N15_M07_F10,N15,M07,F10,KA06,10,damaged,KA,bearing_code_prefix,N15_M07_F10_KA06_10:1x1:struct,
canonical_raw_root,data/raw/paderborn,data/raw/paderborn/KA06/N15_M07_F10_KA06_11.mat,N15_M07_F10_KA06_11.mat,.mat,8714904,matlab,True,N15_M07_F10,N15,M07,F10,KA06,11,damaged,KA,bearing_code_prefix,N15_M07_F10_KA06_11:1x1:struct,
canonical_raw_root,data/raw/paderborn,data/raw/paderborn/KA06/N15_M07_F10_KA06_12.mat,N15_M07_F10_KA06_12.mat,.mat,8714904,matlab,True,N15_M07_F10,N15,M07,F10,KA06,12,damaged,KA,bearing_code_prefix,N15_M07_F10_KA06_12:1x1:struct,
canonical_raw_root,data/raw/paderborn,data/raw/paderborn/KA06/N15_M07_F10_KA06_13.mat,N15_M07_F10_KA06_13.mat,.mat,8714904,matlab,True,N15_M07_F10,N15,M07,F10,KA06,13,damaged,KA,bearing_code_prefix,N15_M07_F10_KA06_13:1x1:struct,
canonical_raw_root,data/raw/paderborn,data/raw/paderborn/KA06/N15_M07_F10_KA06_14.mat,N15_M07_F10_KA06_14.mat,.mat,8714936,matlab,True,N15_M07_F10,N15,M07,F10,KA06,14,damaged,KA,bearing_code_prefix,N15_M07_F10_KA06_14:1x1:struct,
canonical_raw_root,data/raw/paderborn,data/raw/paderborn/KA06/N15_M07_F10_KA06_15.mat,N15_M07_F10_KA06_15.mat,.mat,8714904,matlab,True,N15_M07_F10,N15,M07,F10,KA06,15,damaged,KA,bearing_code_prefix,N15_M07_F10_KA06_15:1x1:struct,
canonical_raw_root,data/raw/paderborn,data/raw/paderborn/KA06/N15_M07_F10_KA06_16.mat,N15_M07_F10_KA06_16.mat,.mat,8717496,matlab,True,N15_M07_F10,N15,M07,F10,KA06,16,damaged,KA,bearing_code_prefix,N15_M07_F10_KA06_16:1x1:struct,
canonical_raw_root,data/raw/paderborn,data/raw/paderborn/KA06/N15_M07_F10_KA06_17.mat,N15_M07_F10_KA06_17.mat,.mat,8714872,matlab,True,N15_M07_F10,N15,M07,F10,KA06,17,damaged,KA,bearing_code_prefix,N15_M07_F10_KA06_17:1x1:struct,
canonical_raw_root,data/raw/paderborn,data/raw/paderborn/KA06/N15_M07_F10_KA06_18.mat,N15_M07_F10_KA06_18.mat,.mat,8717656,matlab,True,N15_M07_F10,N15,M07,F10,KA06,18,damaged,KA,bearing_code_prefix,N15_M07_F10_KA06_18:1x1:struct,
canonical_raw_root,data/raw/paderborn,data/raw/paderborn/KA06/N15_M07_F10_KA06_19.mat,N15_M07_F10_KA06_19.mat,.mat,8717624,matlab,True,N15_M07_F10,N15,M07,F10,KA06,19,damaged,KA,bearing_code_prefix,N15_M07_F10_KA06_19:1x1:struct,
canonical_raw_root,data/raw/paderborn,data/raw/paderborn/KA06/N15_M07_F10_KA06_2.mat,N15_M07_F10_KA06_2.mat,.mat,8714904,matlab,True,N15_M07_F10,N15,M07,F10,KA06,2,damaged,KA,bearing_code_prefix,N15_M07_F10_KA06_2:1x1:struct,
canonical_raw_root,data/raw/paderborn,data/raw/paderborn/KA06/N15_M07_F10_KA06_20.mat,N15_M07_F10_KA06_20.mat,.mat,8717944,matlab,True,N15_M07_F10,N15,M07,F10,KA06,20,damaged,KA,bearing_code_prefix,N15_M07_F10_KA06_20:1x1:struct,
canonical_raw_root,data/raw/paderborn,data/raw/paderborn/KA06/N15_M07_F10_KA06_3.mat,N15_M07_F10_KA06_3.mat,.mat,8717816,matlab,True,N15_M07_F10,N15,M07,F10,KA06,3,damaged,KA,bearing_code_prefix,N15_M07_F10_KA06_3:1x1:struct,
canonical_raw_root,data/raw/paderborn,data/raw/paderborn/KA06/N15_M07_F10_KA06_4.mat,N15_M07_F10_KA06_4.mat,.mat,9163608,matlab,True,N15_M07_F10,N15,M07,F10,KA06,4,damaged,KA,bearing_code_prefix,N15_M07_F10_KA06_4:1x1:struct,
canonical_raw_root,data/raw/paderborn,data/raw/paderborn/KA06/N15_M07_F10_KA06_5.mat,N15_M07_F10_KA06_5.mat,.mat,8715000,matlab,True,N15_M07_F10,N15,M07,F10,KA06,5,damaged,KA,bearing_code_prefix,N15_M07_F10_KA06_5:1x1:struct,
canonical_raw_root,data/raw/paderborn,data/raw/paderborn/KA06/N15_M07_F10_KA06_6.mat,N15_M07_F10_KA06_6.mat,.mat,8717408,matlab,True,N15_M07_F10,N15,M07,F10,KA06,6,damaged,KA,bearing_code_prefix,N15_M07_F10_KA06_6:1x1:struct,
canonical_raw_root,data/raw/paderborn,data/raw/paderborn/KA06/N15_M07_F10_KA06_7.mat,N15_M07_F10_KA06_7.mat,.mat,8714904,matlab,True,N15_M07_F10,N15,M07,F10,KA06,7,damaged,KA,bearing_code_prefix,N15_M07_F10_KA06_7:1x1:struct,
canonical_raw_root,data/raw/paderborn,data/raw/paderborn/KA06/N15_M07_F10_KA06_8.mat,N15_M07_F10_KA06_8.mat,.mat,8717832,matlab,True,N15_M07_F10,N15,M07,F10,KA06,8,damaged,KA,bearing_code_prefix,N15_M07_F10_KA06_8:1x1:struct,
canonical_raw_root,data/raw/paderborn,data/raw/paderborn/KA06/N15_M07_F10_KA06_9.mat,N15_M07_F10_KA06_9.mat,.mat,8714872,matlab,True,N15_M07_F10,N15,M07,F10,KA06,9,damaged,KA,bearing_code_prefix,N15_M07_F10_KA06_9:1x1:struct,
canonical_raw_root,data/raw/paderborn,data/raw/paderborn/KA07/KA07.pdf,KA07.pdf,.pdf,55703,pdf,False,,,,,KA07,,damaged,KA,bearing_code_prefix,,No metadata inspector is implemented for this extension
canonical_raw_root,data/raw/paderborn,data/raw/paderborn/KA07/measuring_log_KA07.pdf,measuring_log_KA07.pdf,.pdf,138872,pdf,False,,,,,KA07,,damaged,KA,bearing_code_prefix,,No metadata inspector is implemented for this extension
canonical_raw_root,data/raw/paderborn,data/raw/paderborn/KA07/N09_M07_F10_KA07_1.mat,N09_M07_F10_KA07_1.mat,.mat,8714936,matlab,True,N09_M07_F10,N09,M07,F10,KA07,1,damaged,KA,bearing_code_prefix,N09_M07_F10_KA07_1:1x1:struct,
canonical_raw_root,data/raw/paderborn,data/raw/paderborn/KA07/N09_M07_F10_KA07_10.mat,N09_M07_F10_KA07_10.mat,.mat,8714904,matlab,True,N09_M07_F10,N09,M07,F10,KA07,10,damaged,KA,bearing_code_prefix,N09_M07_F10_KA07_10:1x1:struct,
canonical_raw_root,data/raw/paderborn,data/raw/paderborn/KA07/N09_M07_F10_KA07_11.mat,N09_M07_F10_KA07_11.mat,.mat,9102904,matlab,True,N09_M07_F10,N09,M07,F10,KA07,11,damaged,KA,bearing_code_prefix,N09_M07_F10_KA07_11:1x1:struct,
canonical_raw_root,data/raw/paderborn,data/raw/paderborn/KA07/N09_M07_F10_KA07_12.mat,N09_M07_F10_KA07_12.mat,.mat,8714936,matlab,True,N09_M07_F10,N09,M07,F10,KA07,12,damaged,KA,bearing_code_prefix,N09_M07_F10_KA07_12:1x1:struct,
canonical_raw_root,data/raw/paderborn,data/raw/paderborn/KA07/N09_M07_F10_KA07_13.mat,N09_M07_F10_KA07_13.mat,.mat,8714904,matlab,True,N09_M07_F10,N09,M07,F10,KA07,13,damaged,KA,bearing_code_prefix,N09_M07_F10_KA07_13:1x1:struct,
canonical_raw_root,data/raw/paderborn,data/raw/paderborn/KA07/N09_M07_F10_KA07_14.mat,N09_M07_F10_KA07_14.mat,.mat,8714872,matlab,True,N09_M07_F10,N09,M07,F10,KA07,14,damaged,KA,bearing_code_prefix,N09_M07_F10_KA07_14:1x1:struct,
canonical_raw_root,data/raw/paderborn,data/raw/paderborn/KA07/N09_M07_F10_KA07_15.mat,N09_M07_F10_KA07_15.mat,.mat,8714904,matlab,True,N09_M07_F10,N09,M07,F10,KA07,15,damaged,KA,bearing_code_prefix,N09_M07_F10_KA07_15:1x1:struct,
canonical_raw_root,data/raw/paderborn,data/raw/paderborn/KA07/N09_M07_F10_KA07_16.mat,N09_M07_F10_KA07_16.mat,.mat,8714872,matlab,True,N09_M07_F10,N09,M07,F10,KA07,16,damaged,KA,bearing_code_prefix,N09_M07_F10_KA07_16:1x1:struct,
canonical_raw_root,data/raw/paderborn,data/raw/paderborn/KA07/N09_M07_F10_KA07_17.mat,N09_M07_F10_KA07_17.mat,.mat,8714904,matlab,True,N09_M07_F10,N09,M07,F10,KA07,17,damaged,KA,bearing_code_prefix,N09_M07_F10_KA07_17:1x1:struct,
canonical_raw_root,data/raw/paderborn,data/raw/paderborn/KA07/N09_M07_F10_KA07_18.mat,N09_M07_F10_KA07_18.mat,.mat,8714904,matlab,True,N09_M07_F10,N09,M07,F10,KA07,18,damaged,KA,bearing_code_prefix,N09_M07_F10_KA07_18:1x1:struct,
canonical_raw_root,data/raw/paderborn,data/raw/paderborn/KA07/N09_M07_F10_KA07_19.mat,N09_M07_F10_KA07_19.mat,.mat,8714904,matlab,True,N09_M07_F10,N09,M07,F10,KA07,19,damaged,KA,bearing_code_prefix,N09_M07_F10_KA07_19:1x1:struct,
canonical_raw_root,data/raw/paderborn,data/raw/paderborn/KA07/N09_M07_F10_KA07_2.mat,N09_M07_F10_KA07_2.mat,.mat,8714904,matlab,True,N09_M07_F10,N09,M07,F10,KA07,2,damaged,KA,bearing_code_prefix,N09_M07_F10_KA07_2:1x1:struct,
canonical_raw_root,data/raw/paderborn,data/raw/paderborn/KA07/N09_M07_F10_KA07_20.mat,N09_M07_F10_KA07_20.mat,.mat,8714936,matlab,True,N09_M07_F10,N09,M07,F10,KA07,20,damaged,KA,bearing_code_prefix,N09_M07_F10_KA07_20:1x1:struct,
canonical_raw_root,data/raw/paderborn,data/raw/paderborn/KA07/N09_M07_F10_KA07_3.mat,N09_M07_F10_KA07_3.mat,.mat,8714904,matlab,True,N09_M07_F10,N09,M07,F10,KA07,3,damaged,KA,bearing_code_prefix,N09_M07_F10_KA07_3:1x1:struct,
canonical_raw_root,data/raw/paderborn,data/raw/paderborn/KA07/N09_M07_F10_KA07_4.mat,N09_M07_F10_KA07_4.mat,.mat,9248568,matlab,True,N09_M07_F10,N09,M07,F10,KA07,4,damaged,KA,bearing_code_prefix,N09_M07_F10_KA07_4:1x1:struct,
canonical_raw_root,data/raw/paderborn,data/raw/paderborn/KA07/N09_M07_F10_KA07_5.mat,N09_M07_F10_KA07_5.mat,.mat,8714904,matlab,True,N09_M07_F10,N09,M07,F10,KA07,5,damaged,KA,bearing_code_prefix,N09_M07_F10_KA07_5:1x1:struct,
canonical_raw_root,data/raw/paderborn,data/raw/paderborn/KA07/N09_M07_F10_KA07_6.mat,N09_M07_F10_KA07_6.mat,.mat,8802648,matlab,True,N09_M07_F10,N09,M07,F10,KA07,6,damaged,KA,bearing_code_prefix,N09_M07_F10_KA07_6:1x1:struct,
canonical_raw_root,data/raw/paderborn,data/raw/paderborn/KA07/N09_M07_F10_KA07_7.mat,N09_M07_F10_KA07_7.mat,.mat,8714904,matlab,True,N09_M07_F10,N09,M07,F10,KA07,7,damaged,KA,bearing_code_prefix,N09_M07_F10_KA07_7:1x1:struct,
canonical_raw_root,data/raw/paderborn,data/raw/paderborn/KA07/N09_M07_F10_KA07_8.mat,N09_M07_F10_KA07_8.mat,.mat,9397624,matlab,True,N09_M07_F10,N09,M07,F10,KA07,8,damaged,KA,bearing_code_prefix,N09_M07_F10_KA07_8:1x1:struct,
canonical_raw_root,data/raw/paderborn,data/raw/paderborn/KA07/N09_M07_F10_KA07_9.mat,N09_M07_F10_KA07_9.mat,.mat,8714904,matlab,True,N09_M07_F10,N09,M07,F10,KA07,9,damaged,KA,bearing_code_prefix,N09_M07_F10_KA07_9:1x1:struct,
canonical_raw_root,data/raw/paderborn,data/raw/paderborn/KA07/N15_M01_F10_KA07_1.mat,N15_M01_F10_KA07_1.mat,.mat,8717688,matlab,True,N15_M01_F10,N15,M01,F10,KA07,1,damaged,KA,bearing_code_prefix,N15_M01_F10_KA07_1:1x1:struct,
canonical_raw_root,data/raw/paderborn,data/raw/paderborn/KA07/N15_M01_F10_KA07_10.mat,N15_M01_F10_KA07_10.mat,.mat,8714904,matlab,True,N15_M01_F10,N15,M01,F10,KA07,10,damaged,KA,bearing_code_prefix,N15_M01_F10_KA07_10:1x1:struct,
canonical_raw_root,data/raw/paderborn,data/raw/paderborn/KA07/N15_M01_F10_KA07_11.mat,N15_M01_F10_KA07_11.mat,.mat,9419192,matlab,True,N15_M01_F10,N15,M01,F10,KA07,11,damaged,KA,bearing_code_prefix,N15_M01_F10_KA07_11:1x1:struct,
canonical_raw_root,data/raw/paderborn,data/raw/paderborn/KA07/N15_M01_F10_KA07_12.mat,N15_M01_F10_KA07_12.mat,.mat,8714904,matlab,True,N15_M01_F10,N15,M01,F10,KA07,12,damaged,KA,bearing_code_prefix,N15_M01_F10_KA07_12:1x1:struct,
canonical_raw_root,data/raw/paderborn,data/raw/paderborn/KA07/N15_M01_F10_KA07_13.mat,N15_M01_F10_KA07_13.mat,.mat,8714904,matlab,True,N15_M01_F10,N15,M01,F10,KA07,13,damaged,KA,bearing_code_prefix,N15_M01_F10_KA07_13:1x1:struct,
canonical_raw_root,data/raw/paderborn,data/raw/paderborn/KA07/N15_M01_F10_KA07_14.mat,N15_M01_F10_KA07_14.mat,.mat,8739640,matlab,True,N15_M01_F10,N15,M01,F10,KA07,14,damaged,KA,bearing_code_prefix,N15_M01_F10_KA07_14:1x1:struct,
canonical_raw_root,data/raw/paderborn,data/raw/paderborn/KA07/N15_M01_F10_KA07_15.mat,N15_M01_F10_KA07_15.mat,.mat,8714904,matlab,True,N15_M01_F10,N15,M01,F10,KA07,15,damaged,KA,bearing_code_prefix,N15_M01_F10_KA07_15:1x1:struct,
canonical_raw_root,data/raw/paderborn,data/raw/paderborn/KA07/N15_M01_F10_KA07_16.mat,N15_M01_F10_KA07_16.mat,.mat,8714936,matlab,True,N15_M01_F10,N15,M01,F10,KA07,16,damaged,KA,bearing_code_prefix,N15_M01_F10_KA07_16:1x1:struct,
canonical_raw_root,data/raw/paderborn,data/raw/paderborn/KA07/N15_M01_F10_KA07_17.mat,N15_M01_F10_KA07_17.mat,.mat,8714904,matlab,True,N15_M01_F10,N15,M01,F10,KA07,17,damaged,KA,bearing_code_prefix,N15_M01_F10_KA07_17:1x1:struct,
canonical_raw_root,data/raw/paderborn,data/raw/paderborn/KA07/N15_M01_F10_KA07_18.mat,N15_M01_F10_KA07_18.mat,.mat,8714904,matlab,True,N15_M01_F10,N15,M01,F10,KA07,18,damaged,KA,bearing_code_prefix,N15_M01_F10_KA07_18:1x1:struct,
canonical_raw_root,data/raw/paderborn,data/raw/paderborn/KA07/N15_M01_F10_KA07_19.mat,N15_M01_F10_KA07_19.mat,.mat,8717704,matlab,True,N15_M01_F10,N15,M01,F10,KA07,19,damaged,KA,bearing_code_prefix,N15_M01_F10_KA07_19:1x1:struct,
canonical_raw_root,data/raw/paderborn,data/raw/paderborn/KA07/N15_M01_F10_KA07_2.mat,N15_M01_F10_KA07_2.mat,.mat,8714904,matlab,True,N15_M01_F10,N15,M01,F10,KA07,2,damaged,KA,bearing_code_prefix,N15_M01_F10_KA07_2:1x1:struct,
canonical_raw_root,data/raw/paderborn,data/raw/paderborn/KA07/N15_M01_F10_KA07_20.mat,N15_M01_F10_KA07_20.mat,.mat,8714904,matlab,True,N15_M01_F10,N15,M01,F10,KA07,20,damaged,KA,bearing_code_prefix,N15_M01_F10_KA07_20:1x1:struct,
canonical_raw_root,data/raw/paderborn,data/raw/paderborn/KA07/N15_M01_F10_KA07_3.mat,N15_M01_F10_KA07_3.mat,.mat,8714904,matlab,True,N15_M01_F10,N15,M01,F10,KA07,3,damaged,KA,bearing_code_prefix,N15_M01_F10_KA07_3:1x1:struct,
canonical_raw_root,data/raw/paderborn,data/raw/paderborn/KA07/N15_M01_F10_KA07_4.mat,N15_M01_F10_KA07_4.mat,.mat,8714904,matlab,True,N15_M01_F10,N15,M01,F10,KA07,4,damaged,KA,bearing_code_prefix,N15_M01_F10_KA07_4:1x1:struct,
canonical_raw_root,data/raw/paderborn,data/raw/paderborn/KA07/N15_M01_F10_KA07_5.mat,N15_M01_F10_KA07_5.mat,.mat,8714904,matlab,True,N15_M01_F10,N15,M01,F10,KA07,5,damaged,KA,bearing_code_prefix,N15_M01_F10_KA07_5:1x1:struct,
canonical_raw_root,data/raw/paderborn,data/raw/paderborn/KA07/N15_M01_F10_KA07_6.mat,N15_M01_F10_KA07_6.mat,.mat,8717704,matlab,True,N15_M01_F10,N15,M01,F10,KA07,6,damaged,KA,bearing_code_prefix,N15_M01_F10_KA07_6:1x1:struct,
canonical_raw_root,data/raw/paderborn,data/raw/paderborn/KA07/N15_M01_F10_KA07_7.mat,N15_M01_F10_KA07_7.mat,.mat,8714872,matlab,True,N15_M01_F10,N15,M01,F10,KA07,7,damaged,KA,bearing_code_prefix,N15_M01_F10_KA07_7:1x1:struct,
canonical_raw_root,data/raw/paderborn,data/raw/paderborn/KA07/N15_M01_F10_KA07_8.mat,N15_M01_F10_KA07_8.mat,.mat,8714904,matlab,True,N15_M01_F10,N15,M01,F10,KA07,8,damaged,KA,bearing_code_prefix,N15_M01_F10_KA07_8:1x1:struct,
canonical_raw_root,data/raw/paderborn,data/raw/paderborn/KA07/N15_M01_F10_KA07_9.mat,N15_M01_F10_KA07_9.mat,.mat,8715000,matlab,True,N15_M01_F10,N15,M01,F10,KA07,9,damaged,KA,bearing_code_prefix,N15_M01_F10_KA07_9:1x1:struct,
canonical_raw_root,data/raw/paderborn,data/raw/paderborn/KA07/N15_M07_F04_KA07_1.mat,N15_M07_F04_KA07_1.mat,.mat,9083448,matlab,True,N15_M07_F04,N15,M07,F04,KA07,1,damaged,KA,bearing_code_prefix,N15_M07_F04_KA07_1:1x1:struct,
canonical_raw_root,data/raw/paderborn,data/raw/paderborn/KA07/N15_M07_F04_KA07_10.mat,N15_M07_F04_KA07_10.mat,.mat,8714904,matlab,True,N15_M07_F04,N15,M07,F04,KA07,10,damaged,KA,bearing_code_prefix,N15_M07_F04_KA07_10:1x1:struct,
canonical_raw_root,data/raw/paderborn,data/raw/paderborn/KA07/N15_M07_F04_KA07_11.mat,N15_M07_F04_KA07_11.mat,.mat,8714840,matlab,True,N15_M07_F04,N15,M07,F04,KA07,11,damaged,KA,bearing_code_prefix,N15_M07_F04_KA07_11:1x1:struct,
canonical_raw_root,data/raw/paderborn,data/raw/paderborn/KA07/N15_M07_F04_KA07_12.mat,N15_M07_F04_KA07_12.mat,.mat,8714904,matlab,True,N15_M07_F04,N15,M07,F04,KA07,12,damaged,KA,bearing_code_prefix,N15_M07_F04_KA07_12:1x1:struct,
canonical_raw_root,data/raw/paderborn,data/raw/paderborn/KA07/N15_M07_F04_KA07_13.mat,N15_M07_F04_KA07_13.mat,.mat,8714904,matlab,True,N15_M07_F04,N15,M07,F04,KA07,13,damaged,KA,bearing_code_prefix,N15_M07_F04_KA07_13:1x1:struct,
canonical_raw_root,data/raw/paderborn,data/raw/paderborn/KA07/N15_M07_F04_KA07_14.mat,N15_M07_F04_KA07_14.mat,.mat,8714872,matlab,True,N15_M07_F04,N15,M07,F04,KA07,14,damaged,KA,bearing_code_prefix,N15_M07_F04_KA07_14:1x1:struct,
canonical_raw_root,data/raw/paderborn,data/raw/paderborn/KA07/N15_M07_F04_KA07_15.mat,N15_M07_F04_KA07_15.mat,.mat,8714904,matlab,True,N15_M07_F04,N15,M07,F04,KA07,15,damaged,KA,bearing_code_prefix,N15_M07_F04_KA07_15:1x1:struct,
canonical_raw_root,data/raw/paderborn,data/raw/paderborn/KA07/N15_M07_F04_KA07_16.mat,N15_M07_F04_KA07_16.mat,.mat,8714904,matlab,True,N15_M07_F04,N15,M07,F04,KA07,16,damaged,KA,bearing_code_prefix,N15_M07_F04_KA07_16:1x1:struct,
canonical_raw_root,data/raw/paderborn,data/raw/paderborn/KA07/N15_M07_F04_KA07_17.mat,N15_M07_F04_KA07_17.mat,.mat,8714904,matlab,True,N15_M07_F04,N15,M07,F04,KA07,17,damaged,KA,bearing_code_prefix,N15_M07_F04_KA07_17:1x1:struct,
canonical_raw_root,data/raw/paderborn,data/raw/paderborn/KA07/N15_M07_F04_KA07_18.mat,N15_M07_F04_KA07_18.mat,.mat,8714872,matlab,True,N15_M07_F04,N15,M07,F04,KA07,18,damaged,KA,bearing_code_prefix,N15_M07_F04_KA07_18:1x1:struct,
canonical_raw_root,data/raw/paderborn,data/raw/paderborn/KA07/N15_M07_F04_KA07_19.mat,N15_M07_F04_KA07_19.mat,.mat,8730296,matlab,True,N15_M07_F04,N15,M07,F04,KA07,19,damaged,KA,bearing_code_prefix,N15_M07_F04_KA07_19:1x1:struct,
canonical_raw_root,data/raw/paderborn,data/raw/paderborn/KA07/N15_M07_F04_KA07_2.mat,N15_M07_F04_KA07_2.mat,.mat,8720920,matlab,True,N15_M07_F04,N15,M07,F04,KA07,2,damaged,KA,bearing_code_prefix,N15_M07_F04_KA07_2:1x1:struct,
canonical_raw_root,data/raw/paderborn,data/raw/paderborn/KA07/N15_M07_F04_KA07_20.mat,N15_M07_F04_KA07_20.mat,.mat,8715032,matlab,True,N15_M07_F04,N15,M07,F04,KA07,20,damaged,KA,bearing_code_prefix,N15_M07_F04_KA07_20:1x1:struct,
canonical_raw_root,data/raw/paderborn,data/raw/paderborn/KA07/N15_M07_F04_KA07_3.mat,N15_M07_F04_KA07_3.mat,.mat,8714904,matlab,True,N15_M07_F04,N15,M07,F04,KA07,3,damaged,KA,bearing_code_prefix,N15_M07_F04_KA07_3:1x1:struct,
canonical_raw_root,data/raw/paderborn,data/raw/paderborn/KA07/N15_M07_F04_KA07_4.mat,N15_M07_F04_KA07_4.mat,.mat,8714904,matlab,True,N15_M07_F04,N15,M07,F04,KA07,4,damaged,KA,bearing_code_prefix,N15_M07_F04_KA07_4:1x1:struct,
canonical_raw_root,data/raw/paderborn,data/raw/paderborn/KA07/N15_M07_F04_KA07_5.mat,N15_M07_F04_KA07_5.mat,.mat,8714904,matlab,True,N15_M07_F04,N15,M07,F04,KA07,5,damaged,KA,bearing_code_prefix,N15_M07_F04_KA07_5:1x1:struct,
canonical_raw_root,data/raw/paderborn,data/raw/paderborn/KA07/N15_M07_F04_KA07_6.mat,N15_M07_F04_KA07_6.mat,.mat,8714904,matlab,True,N15_M07_F04,N15,M07,F04,KA07,6,damaged,KA,bearing_code_prefix,N15_M07_F04_KA07_6:1x1:struct,
canonical_raw_root,data/raw/paderborn,data/raw/paderborn/KA07/N15_M07_F04_KA07_7.mat,N15_M07_F04_KA07_7.mat,.mat,8714904,matlab,True,N15_M07_F04,N15,M07,F04,KA07,7,damaged,KA,bearing_code_prefix,N15_M07_F04_KA07_7:1x1:struct,
canonical_raw_root,data/raw/paderborn,data/raw/paderborn/KA07/N15_M07_F04_KA07_8.mat,N15_M07_F04_KA07_8.mat,.mat,8717720,matlab,True,N15_M07_F04,N15,M07,F04,KA07,8,damaged,KA,bearing_code_prefix,N15_M07_F04_KA07_8:1x1:struct,
canonical_raw_root,data/raw/paderborn,data/raw/paderborn/KA07/N15_M07_F04_KA07_9.mat,N15_M07_F04_KA07_9.mat,.mat,8714904,matlab,True,N15_M07_F04,N15,M07,F04,KA07,9,damaged,KA,bearing_code_prefix,N15_M07_F04_KA07_9:1x1:struct,
canonical_raw_root,data/raw/paderborn,data/raw/paderborn/KA07/N15_M07_F10_KA07_1.mat,N15_M07_F10_KA07_1.mat,.mat,8714904,matlab,True,N15_M07_F10,N15,M07,F10,KA07,1,damaged,KA,bearing_code_prefix,N15_M07_F10_KA07_1:1x1:struct,
canonical_raw_root,data/raw/paderborn,data/raw/paderborn/KA07/N15_M07_F10_KA07_10.mat,N15_M07_F10_KA07_10.mat,.mat,8714872,matlab,True,N15_M07_F10,N15,M07,F10,KA07,10,damaged,KA,bearing_code_prefix,N15_M07_F10_KA07_10:1x1:struct,
canonical_raw_root,data/raw/paderborn,data/raw/paderborn/KA07/N15_M07_F10_KA07_11.mat,N15_M07_F10_KA07_11.mat,.mat,8714936,matlab,True,N15_M07_F10,N15,M07,F10,KA07,11,damaged,KA,bearing_code_prefix,N15_M07_F10_KA07_11:1x1:struct,
canonical_raw_root,data/raw/paderborn,data/raw/paderborn/KA07/N15_M07_F10_KA07_12.mat,N15_M07_F10_KA07_12.mat,.mat,8714904,matlab,True,N15_M07_F10,N15,M07,F10,KA07,12,damaged,KA,bearing_code_prefix,N15_M07_F10_KA07_12:1x1:struct,
canonical_raw_root,data/raw/paderborn,data/raw/paderborn/KA07/N15_M07_F10_KA07_13.mat,N15_M07_F10_KA07_13.mat,.mat,8714872,matlab,True,N15_M07_F10,N15,M07,F10,KA07,13,damaged,KA,bearing_code_prefix,N15_M07_F10_KA07_13:1x1:struct,
canonical_raw_root,data/raw/paderborn,data/raw/paderborn/KA07/N15_M07_F10_KA07_14.mat,N15_M07_F10_KA07_14.mat,.mat,8714904,matlab,True,N15_M07_F10,N15,M07,F10,KA07,14,damaged,KA,bearing_code_prefix,N15_M07_F10_KA07_14:1x1:struct,
canonical_raw_root,data/raw/paderborn,data/raw/paderborn/KA07/N15_M07_F10_KA07_15.mat,N15_M07_F10_KA07_15.mat,.mat,8714904,matlab,True,N15_M07_F10,N15,M07,F10,KA07,15,damaged,KA,bearing_code_prefix,N15_M07_F10_KA07_15:1x1:struct,
canonical_raw_root,data/raw/paderborn,data/raw/paderborn/KA07/N15_M07_F10_KA07_16.mat,N15_M07_F10_KA07_16.mat,.mat,8714872,matlab,True,N15_M07_F10,N15,M07,F10,KA07,16,damaged,KA,bearing_code_prefix,N15_M07_F10_KA07_16:1x1:struct,
canonical_raw_root,data/raw/paderborn,data/raw/paderborn/KA07/N15_M07_F10_KA07_17.mat,N15_M07_F10_KA07_17.mat,.mat,9385752,matlab,True,N15_M07_F10,N15,M07,F10,KA07,17,damaged,KA,bearing_code_prefix,N15_M07_F10_KA07_17:1x1:struct,
canonical_raw_root,data/raw/paderborn,data/raw/paderborn/KA07/N15_M07_F10_KA07_18.mat,N15_M07_F10_KA07_18.mat,.mat,8714904,matlab,True,N15_M07_F10,N15,M07,F10,KA07,18,damaged,KA,bearing_code_prefix,N15_M07_F10_KA07_18:1x1:struct,
canonical_raw_root,data/raw/paderborn,data/raw/paderborn/KA07/N15_M07_F10_KA07_19.mat,N15_M07_F10_KA07_19.mat,.mat,8714936,matlab,True,N15_M07_F10,N15,M07,F10,KA07,19,damaged,KA,bearing_code_prefix,N15_M07_F10_KA07_19:1x1:struct,
canonical_raw_root,data/raw/paderborn,data/raw/paderborn/KA07/N15_M07_F10_KA07_2.mat,N15_M07_F10_KA07_2.mat,.mat,8714904,matlab,True,N15_M07_F10,N15,M07,F10,KA07,2,damaged,KA,bearing_code_prefix,N15_M07_F10_KA07_2:1x1:struct,
canonical_raw_root,data/raw/paderborn,data/raw/paderborn/KA07/N15_M07_F10_KA07_20.mat,N15_M07_F10_KA07_20.mat,.mat,8714904,matlab,True,N15_M07_F10,N15,M07,F10,KA07,20,damaged,KA,bearing_code_prefix,N15_M07_F10_KA07_20:1x1:struct,
canonical_raw_root,data/raw/paderborn,data/raw/paderborn/KA07/N15_M07_F10_KA07_3.mat,N15_M07_F10_KA07_3.mat,.mat,8714872,matlab,True,N15_M07_F10,N15,M07,F10,KA07,3,damaged,KA,bearing_code_prefix,N15_M07_F10_KA07_3:1x1:struct,
canonical_raw_root,data/raw/paderborn,data/raw/paderborn/KA07/N15_M07_F10_KA07_4.mat,N15_M07_F10_KA07_4.mat,.mat,8714904,matlab,True,N15_M07_F10,N15,M07,F10,KA07,4,damaged,KA,bearing_code_prefix,N15_M07_F10_KA07_4:1x1:struct,
canonical_raw_root,data/raw/paderborn,data/raw/paderborn/KA07/N15_M07_F10_KA07_5.mat,N15_M07_F10_KA07_5.mat,.mat,8714872,matlab,True,N15_M07_F10,N15,M07,F10,KA07,5,damaged,KA,bearing_code_prefix,N15_M07_F10_KA07_5:1x1:struct,
canonical_raw_root,data/raw/paderborn,data/raw/paderborn/KA07/N15_M07_F10_KA07_6.mat,N15_M07_F10_KA07_6.mat,.mat,8714872,matlab,True,N15_M07_F10,N15,M07,F10,KA07,6,damaged,KA,bearing_code_prefix,N15_M07_F10_KA07_6:1x1:struct,
canonical_raw_root,data/raw/paderborn,data/raw/paderborn/KA07/N15_M07_F10_KA07_7.mat,N15_M07_F10_KA07_7.mat,.mat,8714904,matlab,True,N15_M07_F10,N15,M07,F10,KA07,7,damaged,KA,bearing_code_prefix,N15_M07_F10_KA07_7:1x1:struct,
canonical_raw_root,data/raw/paderborn,data/raw/paderborn/KA07/N15_M07_F10_KA07_8.mat,N15_M07_F10_KA07_8.mat,.mat,8714936,matlab,True,N15_M07_F10,N15,M07,F10,KA07,8,damaged,KA,bearing_code_prefix,N15_M07_F10_KA07_8:1x1:struct,
canonical_raw_root,data/raw/paderborn,data/raw/paderborn/KA07/N15_M07_F10_KA07_9.mat,N15_M07_F10_KA07_9.mat,.mat,8714872,matlab,True,N15_M07_F10,N15,M07,F10,KA07,9,damaged,KA,bearing_code_prefix,N15_M07_F10_KA07_9:1x1:struct,
canonical_raw_root,data/raw/paderborn,data/raw/paderborn/KA08/KA08.pdf,KA08.pdf,.pdf,55722,pdf,False,,,,,KA08,,damaged,KA,bearing_code_prefix,,No metadata inspector is implemented for this extension
canonical_raw_root,data/raw/paderborn,data/raw/paderborn/KA08/measuring_log_KA08.pdf,measuring_log_KA08.pdf,.pdf,138875,pdf,False,,,,,KA08,,damaged,KA,bearing_code_prefix,,No metadata inspector is implemented for this extension
canonical_raw_root,data/raw/paderborn,data/raw/paderborn/KA08/N09_M07_F10_KA08_1.mat,N09_M07_F10_KA08_1.mat,.mat,8714872,matlab,True,N09_M07_F10,N09,M07,F10,KA08,1,damaged,KA,bearing_code_prefix,N09_M07_F10_KA08_1:1x1:struct,
canonical_raw_root,data/raw/paderborn,data/raw/paderborn/KA08/N09_M07_F10_KA08_10.mat,N09_M07_F10_KA08_10.mat,.mat,8714904,matlab,True,N09_M07_F10,N09,M07,F10,KA08,10,damaged,KA,bearing_code_prefix,N09_M07_F10_KA08_10:1x1:struct,
canonical_raw_root,data/raw/paderborn,data/raw/paderborn/KA08/N09_M07_F10_KA08_11.mat,N09_M07_F10_KA08_11.mat,.mat,8714872,matlab,True,N09_M07_F10,N09,M07,F10,KA08,11,damaged,KA,bearing_code_prefix,N09_M07_F10_KA08_11:1x1:struct,
canonical_raw_root,data/raw/paderborn,data/raw/paderborn/KA08/N09_M07_F10_KA08_12.mat,N09_M07_F10_KA08_12.mat,.mat,8717464,matlab,True,N09_M07_F10,N09,M07,F10,KA08,12,damaged,KA,bearing_code_prefix,N09_M07_F10_KA08_12:1x1:struct,
canonical_raw_root,data/raw/paderborn,data/raw/paderborn/KA08/N09_M07_F10_KA08_13.mat,N09_M07_F10_KA08_13.mat,.mat,8714904,matlab,True,N09_M07_F10,N09,M07,F10,KA08,13,damaged,KA,bearing_code_prefix,N09_M07_F10_KA08_13:1x1:struct,
canonical_raw_root,data/raw/paderborn,data/raw/paderborn/KA08/N09_M07_F10_KA08_14.mat,N09_M07_F10_KA08_14.mat,.mat,8718072,matlab,True,N09_M07_F10,N09,M07,F10,KA08,14,damaged,KA,bearing_code_prefix,N09_M07_F10_KA08_14:1x1:struct,
canonical_raw_root,data/raw/paderborn,data/raw/paderborn/KA08/N09_M07_F10_KA08_15.mat,N09_M07_F10_KA08_15.mat,.mat,8714904,matlab,True,N09_M07_F10,N09,M07,F10,KA08,15,damaged,KA,bearing_code_prefix,N09_M07_F10_KA08_15:1x1:struct,
canonical_raw_root,data/raw/paderborn,data/raw/paderborn/KA08/N09_M07_F10_KA08_16.mat,N09_M07_F10_KA08_16.mat,.mat,8714904,matlab,True,N09_M07_F10,N09,M07,F10,KA08,16,damaged,KA,bearing_code_prefix,N09_M07_F10_KA08_16:1x1:struct,
canonical_raw_root,data/raw/paderborn,data/raw/paderborn/KA08/N09_M07_F10_KA08_17.mat,N09_M07_F10_KA08_17.mat,.mat,8714904,matlab,True,N09_M07_F10,N09,M07,F10,KA08,17,damaged,KA,bearing_code_prefix,N09_M07_F10_KA08_17:1x1:struct,
canonical_raw_root,data/raw/paderborn,data/raw/paderborn/KA08/N09_M07_F10_KA08_18.mat,N09_M07_F10_KA08_18.mat,.mat,8714872,matlab,True,N09_M07_F10,N09,M07,F10,KA08,18,damaged,KA,bearing_code_prefix,N09_M07_F10_KA08_18:1x1:struct,
canonical_raw_root,data/raw/paderborn,data/raw/paderborn/KA08/N09_M07_F10_KA08_19.mat,N09_M07_F10_KA08_19.mat,.mat,8714904,matlab,True,N09_M07_F10,N09,M07,F10,KA08,19,damaged,KA,bearing_code_prefix,N09_M07_F10_KA08_19:1x1:struct,
canonical_raw_root,data/raw/paderborn,data/raw/paderborn/KA08/N09_M07_F10_KA08_2.mat,N09_M07_F10_KA08_2.mat,.mat,8717464,matlab,True,N09_M07_F10,N09,M07,F10,KA08,2,damaged,KA,bearing_code_prefix,N09_M07_F10_KA08_2:1x1:struct,
canonical_raw_root,data/raw/paderborn,data/raw/paderborn/KA08/N09_M07_F10_KA08_20.mat,N09_M07_F10_KA08_20.mat,.mat,8714904,matlab,True,N09_M07_F10,N09,M07,F10,KA08,20,damaged,KA,bearing_code_prefix,N09_M07_F10_KA08_20:1x1:struct,
canonical_raw_root,data/raw/paderborn,data/raw/paderborn/KA08/N09_M07_F10_KA08_3.mat,N09_M07_F10_KA08_3.mat,.mat,8774520,matlab,True,N09_M07_F10,N09,M07,F10,KA08,3,damaged,KA,bearing_code_prefix,N09_M07_F10_KA08_3:1x1:struct,
canonical_raw_root,data/raw/paderborn,data/raw/paderborn/KA08/N09_M07_F10_KA08_4.mat,N09_M07_F10_KA08_4.mat,.mat,8717624,matlab,True,N09_M07_F10,N09,M07,F10,KA08,4,damaged,KA,bearing_code_prefix,N09_M07_F10_KA08_4:1x1:struct,
canonical_raw_root,data/raw/paderborn,data/raw/paderborn/KA08/N09_M07_F10_KA08_5.mat,N09_M07_F10_KA08_5.mat,.mat,8714904,matlab,True,N09_M07_F10,N09,M07,F10,KA08,5,damaged,KA,bearing_code_prefix,N09_M07_F10_KA08_5:1x1:struct,
canonical_raw_root,data/raw/paderborn,data/raw/paderborn/KA08/N09_M07_F10_KA08_6.mat,N09_M07_F10_KA08_6.mat,.mat,8717560,matlab,True,N09_M07_F10,N09,M07,F10,KA08,6,damaged,KA,bearing_code_prefix,N09_M07_F10_KA08_6:1x1:struct,
canonical_raw_root,data/raw/paderborn,data/raw/paderborn/KA08/N09_M07_F10_KA08_7.mat,N09_M07_F10_KA08_7.mat,.mat,8714904,matlab,True,N09_M07_F10,N09,M07,F10,KA08,7,damaged,KA,bearing_code_prefix,N09_M07_F10_KA08_7:1x1:struct,
canonical_raw_root,data/raw/paderborn,data/raw/paderborn/KA08/N09_M07_F10_KA08_8.mat,N09_M07_F10_KA08_8.mat,.mat,8714936,matlab,True,N09_M07_F10,N09,M07,F10,KA08,8,damaged,KA,bearing_code_prefix,N09_M07_F10_KA08_8:1x1:struct,
canonical_raw_root,data/raw/paderborn,data/raw/paderborn/KA08/N09_M07_F10_KA08_9.mat,N09_M07_F10_KA08_9.mat,.mat,8781368,matlab,True,N09_M07_F10,N09,M07,F10,KA08,9,damaged,KA,bearing_code_prefix,N09_M07_F10_KA08_9:1x1:struct,
canonical_raw_root,data/raw/paderborn,data/raw/paderborn/KA08/N15_M01_F10_KA08_1.mat,N15_M01_F10_KA08_1.mat,.mat,8714968,matlab,True,N15_M01_F10,N15,M01,F10,KA08,1,damaged,KA,bearing_code_prefix,N15_M01_F10_KA08_1:1x1:struct,
canonical_raw_root,data/raw/paderborn,data/raw/paderborn/KA08/N15_M01_F10_KA08_10.mat,N15_M01_F10_KA08_10.mat,.mat,8714872,matlab,True,N15_M01_F10,N15,M01,F10,KA08,10,damaged,KA,bearing_code_prefix,N15_M01_F10_KA08_10:1x1:struct,
canonical_raw_root,data/raw/paderborn,data/raw/paderborn/KA08/N15_M01_F10_KA08_11.mat,N15_M01_F10_KA08_11.mat,.mat,8714936,matlab,True,N15_M01_F10,N15,M01,F10,KA08,11,damaged,KA,bearing_code_prefix,N15_M01_F10_KA08_11:1x1:struct,
canonical_raw_root,data/raw/paderborn,data/raw/paderborn/KA08/N15_M01_F10_KA08_12.mat,N15_M01_F10_KA08_12.mat,.mat,8714936,matlab,True,N15_M01_F10,N15,M01,F10,KA08,12,damaged,KA,bearing_code_prefix,N15_M01_F10_KA08_12:1x1:struct,
canonical_raw_root,data/raw/paderborn,data/raw/paderborn/KA08/N15_M01_F10_KA08_13.mat,N15_M01_F10_KA08_13.mat,.mat,8714872,matlab,True,N15_M01_F10,N15,M01,F10,KA08,13,damaged,KA,bearing_code_prefix,N15_M01_F10_KA08_13:1x1:struct,
canonical_raw_root,data/raw/paderborn,data/raw/paderborn/KA08/N15_M01_F10_KA08_14.mat,N15_M01_F10_KA08_14.mat,.mat,8714904,matlab,True,N15_M01_F10,N15,M01,F10,KA08,14,damaged,KA,bearing_code_prefix,N15_M01_F10_KA08_14:1x1:struct,
canonical_raw_root,data/raw/paderborn,data/raw/paderborn/KA08/N15_M01_F10_KA08_15.mat,N15_M01_F10_KA08_15.mat,.mat,8714904,matlab,True,N15_M01_F10,N15,M01,F10,KA08,15,damaged,KA,bearing_code_prefix,N15_M01_F10_KA08_15:1x1:struct,
canonical_raw_root,data/raw/paderborn,data/raw/paderborn/KA08/N15_M01_F10_KA08_16.mat,N15_M01_F10_KA08_16.mat,.mat,8714872,matlab,True,N15_M01_F10,N15,M01,F10,KA08,16,damaged,KA,bearing_code_prefix,N15_M01_F10_KA08_16:1x1:struct,
canonical_raw_root,data/raw/paderborn,data/raw/paderborn/KA08/N15_M01_F10_KA08_17.mat,N15_M01_F10_KA08_17.mat,.mat,8715032,matlab,True,N15_M01_F10,N15,M01,F10,KA08,17,damaged,KA,bearing_code_prefix,N15_M01_F10_KA08_17:1x1:struct,
canonical_raw_root,data/raw/paderborn,data/raw/paderborn/KA08/N15_M01_F10_KA08_18.mat,N15_M01_F10_KA08_18.mat,.mat,8714968,matlab,True,N15_M01_F10,N15,M01,F10,KA08,18,damaged,KA,bearing_code_prefix,N15_M01_F10_KA08_18:1x1:struct,
canonical_raw_root,data/raw/paderborn,data/raw/paderborn/KA08/N15_M01_F10_KA08_19.mat,N15_M01_F10_KA08_19.mat,.mat,8714904,matlab,True,N15_M01_F10,N15,M01,F10,KA08,19,damaged,KA,bearing_code_prefix,N15_M01_F10_KA08_19:1x1:struct,
canonical_raw_root,data/raw/paderborn,data/raw/paderborn/KA08/N15_M01_F10_KA08_2.mat,N15_M01_F10_KA08_2.mat,.mat,8714872,matlab,True,N15_M01_F10,N15,M01,F10,KA08,2,damaged,KA,bearing_code_prefix,N15_M01_F10_KA08_2:1x1:struct,
canonical_raw_root,data/raw/paderborn,data/raw/paderborn/KA08/N15_M01_F10_KA08_20.mat,N15_M01_F10_KA08_20.mat,.mat,8714904,matlab,True,N15_M01_F10,N15,M01,F10,KA08,20,damaged,KA,bearing_code_prefix,N15_M01_F10_KA08_20:1x1:struct,
canonical_raw_root,data/raw/paderborn,data/raw/paderborn/KA08/N15_M01_F10_KA08_3.mat,N15_M01_F10_KA08_3.mat,.mat,8714904,matlab,True,N15_M01_F10,N15,M01,F10,KA08,3,damaged,KA,bearing_code_prefix,N15_M01_F10_KA08_3:1x1:struct,
canonical_raw_root,data/raw/paderborn,data/raw/paderborn/KA08/N15_M01_F10_KA08_4.mat,N15_M01_F10_KA08_4.mat,.mat,8714936,matlab,True,N15_M01_F10,N15,M01,F10,KA08,4,damaged,KA,bearing_code_prefix,N15_M01_F10_KA08_4:1x1:struct,
canonical_raw_root,data/raw/paderborn,data/raw/paderborn/KA08/N15_M01_F10_KA08_5.mat,N15_M01_F10_KA08_5.mat,.mat,8714904,matlab,True,N15_M01_F10,N15,M01,F10,KA08,5,damaged,KA,bearing_code_prefix,N15_M01_F10_KA08_5:1x1:struct,
canonical_raw_root,data/raw/paderborn,data/raw/paderborn/KA08/N15_M01_F10_KA08_6.mat,N15_M01_F10_KA08_6.mat,.mat,8717560,matlab,True,N15_M01_F10,N15,M01,F10,KA08,6,damaged,KA,bearing_code_prefix,N15_M01_F10_KA08_6:1x1:struct,
canonical_raw_root,data/raw/paderborn,data/raw/paderborn/KA08/N15_M01_F10_KA08_7.mat,N15_M01_F10_KA08_7.mat,.mat,8714872,matlab,True,N15_M01_F10,N15,M01,F10,KA08,7,damaged,KA,bearing_code_prefix,N15_M01_F10_KA08_7:1x1:struct,
canonical_raw_root,data/raw/paderborn,data/raw/paderborn/KA08/N15_M01_F10_KA08_8.mat,N15_M01_F10_KA08_8.mat,.mat,8714904,matlab,True,N15_M01_F10,N15,M01,F10,KA08,8,damaged,KA,bearing_code_prefix,N15_M01_F10_KA08_8:1x1:struct,
canonical_raw_root,data/raw/paderborn,data/raw/paderborn/KA08/N15_M01_F10_KA08_9.mat,N15_M01_F10_KA08_9.mat,.mat,8714904,matlab,True,N15_M01_F10,N15,M01,F10,KA08,9,damaged,KA,bearing_code_prefix,N15_M01_F10_KA08_9:1x1:struct,
canonical_raw_root,data/raw/paderborn,data/raw/paderborn/KA08/N15_M07_F04_KA08_1.mat,N15_M07_F04_KA08_1.mat,.mat,8714904,matlab,True,N15_M07_F04,N15,M07,F04,KA08,1,damaged,KA,bearing_code_prefix,N15_M07_F04_KA08_1:1x1:struct,
canonical_raw_root,data/raw/paderborn,data/raw/paderborn/KA08/N15_M07_F04_KA08_10.mat,N15_M07_F04_KA08_10.mat,.mat,8714904,matlab,True,N15_M07_F04,N15,M07,F04,KA08,10,damaged,KA,bearing_code_prefix,N15_M07_F04_KA08_10:1x1:struct,
canonical_raw_root,data/raw/paderborn,data/raw/paderborn/KA08/N15_M07_F04_KA08_11.mat,N15_M07_F04_KA08_11.mat,.mat,8714968,matlab,True,N15_M07_F04,N15,M07,F04,KA08,11,damaged,KA,bearing_code_prefix,N15_M07_F04_KA08_11:1x1:struct,
canonical_raw_root,data/raw/paderborn,data/raw/paderborn/KA08/N15_M07_F04_KA08_12.mat,N15_M07_F04_KA08_12.mat,.mat,8714904,matlab,True,N15_M07_F04,N15,M07,F04,KA08,12,damaged,KA,bearing_code_prefix,N15_M07_F04_KA08_12:1x1:struct,
canonical_raw_root,data/raw/paderborn,data/raw/paderborn/KA08/N15_M07_F04_KA08_13.mat,N15_M07_F04_KA08_13.mat,.mat,8714904,matlab,True,N15_M07_F04,N15,M07,F04,KA08,13,damaged,KA,bearing_code_prefix,N15_M07_F04_KA08_13:1x1:struct,
canonical_raw_root,data/raw/paderborn,data/raw/paderborn/KA08/N15_M07_F04_KA08_14.mat,N15_M07_F04_KA08_14.mat,.mat,8715000,matlab,True,N15_M07_F04,N15,M07,F04,KA08,14,damaged,KA,bearing_code_prefix,N15_M07_F04_KA08_14:1x1:struct,
canonical_raw_root,data/raw/paderborn,data/raw/paderborn/KA08/N15_M07_F04_KA08_15.mat,N15_M07_F04_KA08_15.mat,.mat,8714904,matlab,True,N15_M07_F04,N15,M07,F04,KA08,15,damaged,KA,bearing_code_prefix,N15_M07_F04_KA08_15:1x1:struct,
canonical_raw_root,data/raw/paderborn,data/raw/paderborn/KA08/N15_M07_F04_KA08_16.mat,N15_M07_F04_KA08_16.mat,.mat,8715064,matlab,True,N15_M07_F04,N15,M07,F04,KA08,16,damaged,KA,bearing_code_prefix,N15_M07_F04_KA08_16:1x1:struct,
canonical_raw_root,data/raw/paderborn,data/raw/paderborn/KA08/N15_M07_F04_KA08_17.mat,N15_M07_F04_KA08_17.mat,.mat,8714872,matlab,True,N15_M07_F04,N15,M07,F04,KA08,17,damaged,KA,bearing_code_prefix,N15_M07_F04_KA08_17:1x1:struct,
canonical_raw_root,data/raw/paderborn,data/raw/paderborn/KA08/N15_M07_F04_KA08_18.mat,N15_M07_F04_KA08_18.mat,.mat,8714936,matlab,True,N15_M07_F04,N15,M07,F04,KA08,18,damaged,KA,bearing_code_prefix,N15_M07_F04_KA08_18:1x1:struct,
canonical_raw_root,data/raw/paderborn,data/raw/paderborn/KA08/N15_M07_F04_KA08_19.mat,N15_M07_F04_KA08_19.mat,.mat,8714904,matlab,True,N15_M07_F04,N15,M07,F04,KA08,19,damaged,KA,bearing_code_prefix,N15_M07_F04_KA08_19:1x1:struct,
canonical_raw_root,data/raw/paderborn,data/raw/paderborn/KA08/N15_M07_F04_KA08_2.mat,N15_M07_F04_KA08_2.mat,.mat,8714904,matlab,True,N15_M07_F04,N15,M07,F04,KA08,2,damaged,KA,bearing_code_prefix,N15_M07_F04_KA08_2:1x1:struct,
canonical_raw_root,data/raw/paderborn,data/raw/paderborn/KA08/N15_M07_F04_KA08_20.mat,N15_M07_F04_KA08_20.mat,.mat,8714936,matlab,True,N15_M07_F04,N15,M07,F04,KA08,20,damaged,KA,bearing_code_prefix,N15_M07_F04_KA08_20:1x1:struct,
canonical_raw_root,data/raw/paderborn,data/raw/paderborn/KA08/N15_M07_F04_KA08_3.mat,N15_M07_F04_KA08_3.mat,.mat,8714936,matlab,True,N15_M07_F04,N15,M07,F04,KA08,3,damaged,KA,bearing_code_prefix,N15_M07_F04_KA08_3:1x1:struct,
canonical_raw_root,data/raw/paderborn,data/raw/paderborn/KA08/N15_M07_F04_KA08_4.mat,N15_M07_F04_KA08_4.mat,.mat,8714904,matlab,True,N15_M07_F04,N15,M07,F04,KA08,4,damaged,KA,bearing_code_prefix,N15_M07_F04_KA08_4:1x1:struct,
canonical_raw_root,data/raw/paderborn,data/raw/paderborn/KA08/N15_M07_F04_KA08_5.mat,N15_M07_F04_KA08_5.mat,.mat,8714936,matlab,True,N15_M07_F04,N15,M07,F04,KA08,5,damaged,KA,bearing_code_prefix,N15_M07_F04_KA08_5:1x1:struct,
canonical_raw_root,data/raw/paderborn,data/raw/paderborn/KA08/N15_M07_F04_KA08_6.mat,N15_M07_F04_KA08_6.mat,.mat,8714872,matlab,True,N15_M07_F04,N15,M07,F04,KA08,6,damaged,KA,bearing_code_prefix,N15_M07_F04_KA08_6:1x1:struct,
canonical_raw_root,data/raw/paderborn,data/raw/paderborn/KA08/N15_M07_F04_KA08_7.mat,N15_M07_F04_KA08_7.mat,.mat,9368056,matlab,True,N15_M07_F04,N15,M07,F04,KA08,7,damaged,KA,bearing_code_prefix,N15_M07_F04_KA08_7:1x1:struct,
canonical_raw_root,data/raw/paderborn,data/raw/paderborn/KA08/N15_M07_F04_KA08_8.mat,N15_M07_F04_KA08_8.mat,.mat,8715000,matlab,True,N15_M07_F04,N15,M07,F04,KA08,8,damaged,KA,bearing_code_prefix,N15_M07_F04_KA08_8:1x1:struct,
canonical_raw_root,data/raw/paderborn,data/raw/paderborn/KA08/N15_M07_F04_KA08_9.mat,N15_M07_F04_KA08_9.mat,.mat,8715064,matlab,True,N15_M07_F04,N15,M07,F04,KA08,9,damaged,KA,bearing_code_prefix,N15_M07_F04_KA08_9:1x1:struct,
canonical_raw_root,data/raw/paderborn,data/raw/paderborn/KA08/N15_M07_F10_KA08_1.mat,N15_M07_F10_KA08_1.mat,.mat,8714904,matlab,True,N15_M07_F10,N15,M07,F10,KA08,1,damaged,KA,bearing_code_prefix,N15_M07_F10_KA08_1:1x1:struct,
canonical_raw_root,data/raw/paderborn,data/raw/paderborn/KA08/N15_M07_F10_KA08_10.mat,N15_M07_F10_KA08_10.mat,.mat,8717688,matlab,True,N15_M07_F10,N15,M07,F10,KA08,10,damaged,KA,bearing_code_prefix,N15_M07_F10_KA08_10:1x1:struct,
canonical_raw_root,data/raw/paderborn,data/raw/paderborn/KA08/N15_M07_F10_KA08_11.mat,N15_M07_F10_KA08_11.mat,.mat,8520952,matlab,True,N15_M07_F10,N15,M07,F10,KA08,11,damaged,KA,bearing_code_prefix,N15_M07_F10_KA08_11:1x1:struct,
canonical_raw_root,data/raw/paderborn,data/raw/paderborn/KA08/N15_M07_F10_KA08_12.mat,N15_M07_F10_KA08_12.mat,.mat,8714904,matlab,True,N15_M07_F10,N15,M07,F10,KA08,12,damaged,KA,bearing_code_prefix,N15_M07_F10_KA08_12:1x1:struct,
canonical_raw_root,data/raw/paderborn,data/raw/paderborn/KA08/N15_M07_F10_KA08_13.mat,N15_M07_F10_KA08_13.mat,.mat,8714968,matlab,True,N15_M07_F10,N15,M07,F10,KA08,13,damaged,KA,bearing_code_prefix,N15_M07_F10_KA08_13:1x1:struct,
canonical_raw_root,data/raw/paderborn,data/raw/paderborn/KA08/N15_M07_F10_KA08_14.mat,N15_M07_F10_KA08_14.mat,.mat,8717528,matlab,True,N15_M07_F10,N15,M07,F10,KA08,14,damaged,KA,bearing_code_prefix,N15_M07_F10_KA08_14:1x1:struct,
canonical_raw_root,data/raw/paderborn,data/raw/paderborn/KA08/N15_M07_F10_KA08_15.mat,N15_M07_F10_KA08_15.mat,.mat,8717280,matlab,True,N15_M07_F10,N15,M07,F10,KA08,15,damaged,KA,bearing_code_prefix,N15_M07_F10_KA08_15:1x1:struct,
canonical_raw_root,data/raw/paderborn,data/raw/paderborn/KA08/N15_M07_F10_KA08_16.mat,N15_M07_F10_KA08_16.mat,.mat,8714904,matlab,True,N15_M07_F10,N15,M07,F10,KA08,16,damaged,KA,bearing_code_prefix,N15_M07_F10_KA08_16:1x1:struct,
canonical_raw_root,data/raw/paderborn,data/raw/paderborn/KA08/N15_M07_F10_KA08_17.mat,N15_M07_F10_KA08_17.mat,.mat,8717664,matlab,True,N15_M07_F10,N15,M07,F10,KA08,17,damaged,KA,bearing_code_prefix,N15_M07_F10_KA08_17:1x1:struct,
canonical_raw_root,data/raw/paderborn,data/raw/paderborn/KA08/N15_M07_F10_KA08_18.mat,N15_M07_F10_KA08_18.mat,.mat,8714872,matlab,True,N15_M07_F10,N15,M07,F10,KA08,18,damaged,KA,bearing_code_prefix,N15_M07_F10_KA08_18:1x1:struct,
canonical_raw_root,data/raw/paderborn,data/raw/paderborn/KA08/N15_M07_F10_KA08_19.mat,N15_M07_F10_KA08_19.mat,.mat,8745304,matlab,True,N15_M07_F10,N15,M07,F10,KA08,19,damaged,KA,bearing_code_prefix,N15_M07_F10_KA08_19:1x1:struct,
canonical_raw_root,data/raw/paderborn,data/raw/paderborn/KA08/N15_M07_F10_KA08_2.mat,N15_M07_F10_KA08_2.mat,.mat,8717720,matlab,True,N15_M07_F10,N15,M07,F10,KA08,2,damaged,KA,bearing_code_prefix,N15_M07_F10_KA08_2:1x1:struct,
canonical_raw_root,data/raw/paderborn,data/raw/paderborn/KA08/N15_M07_F10_KA08_20.mat,N15_M07_F10_KA08_20.mat,.mat,8714936,matlab,True,N15_M07_F10,N15,M07,F10,KA08,20,damaged,KA,bearing_code_prefix,N15_M07_F10_KA08_20:1x1:struct,
canonical_raw_root,data/raw/paderborn,data/raw/paderborn/KA08/N15_M07_F10_KA08_3.mat,N15_M07_F10_KA08_3.mat,.mat,8717784,matlab,True,N15_M07_F10,N15,M07,F10,KA08,3,damaged,KA,bearing_code_prefix,N15_M07_F10_KA08_3:1x1:struct,
canonical_raw_root,data/raw/paderborn,data/raw/paderborn/KA08/N15_M07_F10_KA08_4.mat,N15_M07_F10_KA08_4.mat,.mat,8714872,matlab,True,N15_M07_F10,N15,M07,F10,KA08,4,damaged,KA,bearing_code_prefix,N15_M07_F10_KA08_4:1x1:struct,
canonical_raw_root,data/raw/paderborn,data/raw/paderborn/KA08/N15_M07_F10_KA08_5.mat,N15_M07_F10_KA08_5.mat,.mat,8717624,matlab,True,N15_M07_F10,N15,M07,F10,KA08,5,damaged,KA,bearing_code_prefix,N15_M07_F10_KA08_5:1x1:struct,
canonical_raw_root,data/raw/paderborn,data/raw/paderborn/KA08/N15_M07_F10_KA08_6.mat,N15_M07_F10_KA08_6.mat,.mat,8738040,matlab,True,N15_M07_F10,N15,M07,F10,KA08,6,damaged,KA,bearing_code_prefix,N15_M07_F10_KA08_6:1x1:struct,
canonical_raw_root,data/raw/paderborn,data/raw/paderborn/KA08/N15_M07_F10_KA08_7.mat,N15_M07_F10_KA08_7.mat,.mat,8718040,matlab,True,N15_M07_F10,N15,M07,F10,KA08,7,damaged,KA,bearing_code_prefix,N15_M07_F10_KA08_7:1x1:struct,
canonical_raw_root,data/raw/paderborn,data/raw/paderborn/KA08/N15_M07_F10_KA08_8.mat,N15_M07_F10_KA08_8.mat,.mat,8714904,matlab,True,N15_M07_F10,N15,M07,F10,KA08,8,damaged,KA,bearing_code_prefix,N15_M07_F10_KA08_8:1x1:struct,
canonical_raw_root,data/raw/paderborn,data/raw/paderborn/KA08/N15_M07_F10_KA08_9.mat,N15_M07_F10_KA08_9.mat,.mat,8717664,matlab,True,N15_M07_F10,N15,M07,F10,KA08,9,damaged,KA,bearing_code_prefix,N15_M07_F10_KA08_9:1x1:struct,
canonical_raw_root,data/raw/paderborn,data/raw/paderborn/KA09/KA09.pdf,KA09.pdf,.pdf,55726,pdf,False,,,,,KA09,,damaged,KA,bearing_code_prefix,,No metadata inspector is implemented for this extension
canonical_raw_root,data/raw/paderborn,data/raw/paderborn/KA09/measuring_log_KA09.pdf,measuring_log_KA09.pdf,.pdf,138874,pdf,False,,,,,KA09,,damaged,KA,bearing_code_prefix,,No metadata inspector is implemented for this extension
canonical_raw_root,data/raw/paderborn,data/raw/paderborn/KA09/N09_M07_F10_KA09_1.mat,N09_M07_F10_KA09_1.mat,.mat,8714904,matlab,True,N09_M07_F10,N09,M07,F10,KA09,1,damaged,KA,bearing_code_prefix,N09_M07_F10_KA09_1:1x1:struct,
canonical_raw_root,data/raw/paderborn,data/raw/paderborn/KA09/N09_M07_F10_KA09_10.mat,N09_M07_F10_KA09_10.mat,.mat,8714904,matlab,True,N09_M07_F10,N09,M07,F10,KA09,10,damaged,KA,bearing_code_prefix,N09_M07_F10_KA09_10:1x1:struct,
canonical_raw_root,data/raw/paderborn,data/raw/paderborn/KA09/N09_M07_F10_KA09_11.mat,N09_M07_F10_KA09_11.mat,.mat,8714936,matlab,True,N09_M07_F10,N09,M07,F10,KA09,11,damaged,KA,bearing_code_prefix,N09_M07_F10_KA09_11:1x1:struct,
canonical_raw_root,data/raw/paderborn,data/raw/paderborn/KA09/N09_M07_F10_KA09_12.mat,N09_M07_F10_KA09_12.mat,.mat,8714936,matlab,True,N09_M07_F10,N09,M07,F10,KA09,12,damaged,KA,bearing_code_prefix,N09_M07_F10_KA09_12:1x1:struct,
canonical_raw_root,data/raw/paderborn,data/raw/paderborn/KA09/N09_M07_F10_KA09_13.mat,N09_M07_F10_KA09_13.mat,.mat,8714936,matlab,True,N09_M07_F10,N09,M07,F10,KA09,13,damaged,KA,bearing_code_prefix,N09_M07_F10_KA09_13:1x1:struct,
canonical_raw_root,data/raw/paderborn,data/raw/paderborn/KA09/N09_M07_F10_KA09_14.mat,N09_M07_F10_KA09_14.mat,.mat,8714904,matlab,True,N09_M07_F10,N09,M07,F10,KA09,14,damaged,KA,bearing_code_prefix,N09_M07_F10_KA09_14:1x1:struct,
canonical_raw_root,data/raw/paderborn,data/raw/paderborn/KA09/N09_M07_F10_KA09_15.mat,N09_M07_F10_KA09_15.mat,.mat,8714904,matlab,True,N09_M07_F10,N09,M07,F10,KA09,15,damaged,KA,bearing_code_prefix,N09_M07_F10_KA09_15:1x1:struct,
canonical_raw_root,data/raw/paderborn,data/raw/paderborn/KA09/N09_M07_F10_KA09_16.mat,N09_M07_F10_KA09_16.mat,.mat,8714840,matlab,True,N09_M07_F10,N09,M07,F10,KA09,16,damaged,KA,bearing_code_prefix,N09_M07_F10_KA09_16:1x1:struct,
canonical_raw_root,data/raw/paderborn,data/raw/paderborn/KA09/N09_M07_F10_KA09_17.mat,N09_M07_F10_KA09_17.mat,.mat,8714904,matlab,True,N09_M07_F10,N09,M07,F10,KA09,17,damaged,KA,bearing_code_prefix,N09_M07_F10_KA09_17:1x1:struct,
canonical_raw_root,data/raw/paderborn,data/raw/paderborn/KA09/N09_M07_F10_KA09_18.mat,N09_M07_F10_KA09_18.mat,.mat,8714904,matlab,True,N09_M07_F10,N09,M07,F10,KA09,18,damaged,KA,bearing_code_prefix,N09_M07_F10_KA09_18:1x1:struct,
canonical_raw_root,data/raw/paderborn,data/raw/paderborn/KA09/N09_M07_F10_KA09_19.mat,N09_M07_F10_KA09_19.mat,.mat,8714904,matlab,True,N09_M07_F10,N09,M07,F10,KA09,19,damaged,KA,bearing_code_prefix,N09_M07_F10_KA09_19:1x1:struct,
canonical_raw_root,data/raw/paderborn,data/raw/paderborn/KA09/N09_M07_F10_KA09_2.mat,N09_M07_F10_KA09_2.mat,.mat,8714968,matlab,True,N09_M07_F10,N09,M07,F10,KA09,2,damaged,KA,bearing_code_prefix,N09_M07_F10_KA09_2:1x1:struct,
canonical_raw_root,data/raw/paderborn,data/raw/paderborn/KA09/N09_M07_F10_KA09_20.mat,N09_M07_F10_KA09_20.mat,.mat,8824760,matlab,True,N09_M07_F10,N09,M07,F10,KA09,20,damaged,KA,bearing_code_prefix,N09_M07_F10_KA09_20:1x1:struct,
canonical_raw_root,data/raw/paderborn,data/raw/paderborn/KA09/N09_M07_F10_KA09_3.mat,N09_M07_F10_KA09_3.mat,.mat,8714904,matlab,True,N09_M07_F10,N09,M07,F10,KA09,3,damaged,KA,bearing_code_prefix,N09_M07_F10_KA09_3:1x1:struct,
canonical_raw_root,data/raw/paderborn,data/raw/paderborn/KA09/N09_M07_F10_KA09_4.mat,N09_M07_F10_KA09_4.mat,.mat,8714872,matlab,True,N09_M07_F10,N09,M07,F10,KA09,4,damaged,KA,bearing_code_prefix,N09_M07_F10_KA09_4:1x1:struct,
canonical_raw_root,data/raw/paderborn,data/raw/paderborn/KA09/N09_M07_F10_KA09_5.mat,N09_M07_F10_KA09_5.mat,.mat,8714904,matlab,True,N09_M07_F10,N09,M07,F10,KA09,5,damaged,KA,bearing_code_prefix,N09_M07_F10_KA09_5:1x1:struct,
canonical_raw_root,data/raw/paderborn,data/raw/paderborn/KA09/N09_M07_F10_KA09_6.mat,N09_M07_F10_KA09_6.mat,.mat,8714904,matlab,True,N09_M07_F10,N09,M07,F10,KA09,6,damaged,KA,bearing_code_prefix,N09_M07_F10_KA09_6:1x1:struct,
canonical_raw_root,data/raw/paderborn,data/raw/paderborn/KA09/N09_M07_F10_KA09_7.mat,N09_M07_F10_KA09_7.mat,.mat,8714936,matlab,True,N09_M07_F10,N09,M07,F10,KA09,7,damaged,KA,bearing_code_prefix,N09_M07_F10_KA09_7:1x1:struct,
canonical_raw_root,data/raw/paderborn,data/raw/paderborn/KA09/N09_M07_F10_KA09_8.mat,N09_M07_F10_KA09_8.mat,.mat,8714904,matlab,True,N09_M07_F10,N09,M07,F10,KA09,8,damaged,KA,bearing_code_prefix,N09_M07_F10_KA09_8:1x1:struct,
canonical_raw_root,data/raw/paderborn,data/raw/paderborn/KA09/N09_M07_F10_KA09_9.mat,N09_M07_F10_KA09_9.mat,.mat,8714904,matlab,True,N09_M07_F10,N09,M07,F10,KA09,9,damaged,KA,bearing_code_prefix,N09_M07_F10_KA09_9:1x1:struct,
canonical_raw_root,data/raw/paderborn,data/raw/paderborn/KA09/N15_M01_F10_KA09_1.mat,N15_M01_F10_KA09_1.mat,.mat,8714936,matlab,True,N15_M01_F10,N15,M01,F10,KA09,1,damaged,KA,bearing_code_prefix,N15_M01_F10_KA09_1:1x1:struct,
canonical_raw_root,data/raw/paderborn,data/raw/paderborn/KA09/N15_M01_F10_KA09_10.mat,N15_M01_F10_KA09_10.mat,.mat,8714872,matlab,True,N15_M01_F10,N15,M01,F10,KA09,10,damaged,KA,bearing_code_prefix,N15_M01_F10_KA09_10:1x1:struct,
canonical_raw_root,data/raw/paderborn,data/raw/paderborn/KA09/N15_M01_F10_KA09_11.mat,N15_M01_F10_KA09_11.mat,.mat,8714904,matlab,True,N15_M01_F10,N15,M01,F10,KA09,11,damaged,KA,bearing_code_prefix,N15_M01_F10_KA09_11:1x1:struct,
canonical_raw_root,data/raw/paderborn,data/raw/paderborn/KA09/N15_M01_F10_KA09_12.mat,N15_M01_F10_KA09_12.mat,.mat,8714904,matlab,True,N15_M01_F10,N15,M01,F10,KA09,12,damaged,KA,bearing_code_prefix,N15_M01_F10_KA09_12:1x1:struct,
canonical_raw_root,data/raw/paderborn,data/raw/paderborn/KA09/N15_M01_F10_KA09_13.mat,N15_M01_F10_KA09_13.mat,.mat,8714936,matlab,True,N15_M01_F10,N15,M01,F10,KA09,13,damaged,KA,bearing_code_prefix,N15_M01_F10_KA09_13:1x1:struct,
canonical_raw_root,data/raw/paderborn,data/raw/paderborn/KA09/N15_M01_F10_KA09_14.mat,N15_M01_F10_KA09_14.mat,.mat,8714904,matlab,True,N15_M01_F10,N15,M01,F10,KA09,14,damaged,KA,bearing_code_prefix,N15_M01_F10_KA09_14:1x1:struct,
canonical_raw_root,data/raw/paderborn,data/raw/paderborn/KA09/N15_M01_F10_KA09_15.mat,N15_M01_F10_KA09_15.mat,.mat,8714904,matlab,True,N15_M01_F10,N15,M01,F10,KA09,15,damaged,KA,bearing_code_prefix,N15_M01_F10_KA09_15:1x1:struct,
canonical_raw_root,data/raw/paderborn,data/raw/paderborn/KA09/N15_M01_F10_KA09_16.mat,N15_M01_F10_KA09_16.mat,.mat,8714904,matlab,True,N15_M01_F10,N15,M01,F10,KA09,16,damaged,KA,bearing_code_prefix,N15_M01_F10_KA09_16:1x1:struct,
canonical_raw_root,data/raw/paderborn,data/raw/paderborn/KA09/N15_M01_F10_KA09_17.mat,N15_M01_F10_KA09_17.mat,.mat,8714904,matlab,True,N15_M01_F10,N15,M01,F10,KA09,17,damaged,KA,bearing_code_prefix,N15_M01_F10_KA09_17:1x1:struct,
canonical_raw_root,data/raw/paderborn,data/raw/paderborn/KA09/N15_M01_F10_KA09_18.mat,N15_M01_F10_KA09_18.mat,.mat,8715000,matlab,True,N15_M01_F10,N15,M01,F10,KA09,18,damaged,KA,bearing_code_prefix,N15_M01_F10_KA09_18:1x1:struct,
canonical_raw_root,data/raw/paderborn,data/raw/paderborn/KA09/N15_M01_F10_KA09_19.mat,N15_M01_F10_KA09_19.mat,.mat,8714872,matlab,True,N15_M01_F10,N15,M01,F10,KA09,19,damaged,KA,bearing_code_prefix,N15_M01_F10_KA09_19:1x1:struct,
canonical_raw_root,data/raw/paderborn,data/raw/paderborn/KA09/N15_M01_F10_KA09_2.mat,N15_M01_F10_KA09_2.mat,.mat,8714968,matlab,True,N15_M01_F10,N15,M01,F10,KA09,2,damaged,KA,bearing_code_prefix,N15_M01_F10_KA09_2:1x1:struct,
canonical_raw_root,data/raw/paderborn,data/raw/paderborn/KA09/N15_M01_F10_KA09_20.mat,N15_M01_F10_KA09_20.mat,.mat,8714936,matlab,True,N15_M01_F10,N15,M01,F10,KA09,20,damaged,KA,bearing_code_prefix,N15_M01_F10_KA09_20:1x1:struct,
canonical_raw_root,data/raw/paderborn,data/raw/paderborn/KA09/N15_M01_F10_KA09_3.mat,N15_M01_F10_KA09_3.mat,.mat,8714904,matlab,True,N15_M01_F10,N15,M01,F10,KA09,3,damaged,KA,bearing_code_prefix,N15_M01_F10_KA09_3:1x1:struct,
canonical_raw_root,data/raw/paderborn,data/raw/paderborn/KA09/N15_M01_F10_KA09_4.mat,N15_M01_F10_KA09_4.mat,.mat,8714904,matlab,True,N15_M01_F10,N15,M01,F10,KA09,4,damaged,KA,bearing_code_prefix,N15_M01_F10_KA09_4:1x1:struct,
canonical_raw_root,data/raw/paderborn,data/raw/paderborn/KA09/N15_M01_F10_KA09_5.mat,N15_M01_F10_KA09_5.mat,.mat,8714904,matlab,True,N15_M01_F10,N15,M01,F10,KA09,5,damaged,KA,bearing_code_prefix,N15_M01_F10_KA09_5:1x1:struct,
canonical_raw_root,data/raw/paderborn,data/raw/paderborn/KA09/N15_M01_F10_KA09_6.mat,N15_M01_F10_KA09_6.mat,.mat,8714936,matlab,True,N15_M01_F10,N15,M01,F10,KA09,6,damaged,KA,bearing_code_prefix,N15_M01_F10_KA09_6:1x1:struct,
canonical_raw_root,data/raw/paderborn,data/raw/paderborn/KA09/N15_M01_F10_KA09_7.mat,N15_M01_F10_KA09_7.mat,.mat,8714904,matlab,True,N15_M01_F10,N15,M01,F10,KA09,7,damaged,KA,bearing_code_prefix,N15_M01_F10_KA09_7:1x1:struct,
canonical_raw_root,data/raw/paderborn,data/raw/paderborn/KA09/N15_M01_F10_KA09_8.mat,N15_M01_F10_KA09_8.mat,.mat,8714904,matlab,True,N15_M01_F10,N15,M01,F10,KA09,8,damaged,KA,bearing_code_prefix,N15_M01_F10_KA09_8:1x1:struct,
canonical_raw_root,data/raw/paderborn,data/raw/paderborn/KA09/N15_M01_F10_KA09_9.mat,N15_M01_F10_KA09_9.mat,.mat,8714904,matlab,True,N15_M01_F10,N15,M01,F10,KA09,9,damaged,KA,bearing_code_prefix,N15_M01_F10_KA09_9:1x1:struct,
canonical_raw_root,data/raw/paderborn,data/raw/paderborn/KA09/N15_M07_F04_KA09_1.mat,N15_M07_F04_KA09_1.mat,.mat,8714904,matlab,True,N15_M07_F04,N15,M07,F04,KA09,1,damaged,KA,bearing_code_prefix,N15_M07_F04_KA09_1:1x1:struct,
canonical_raw_root,data/raw/paderborn,data/raw/paderborn/KA09/N15_M07_F04_KA09_10.mat,N15_M07_F04_KA09_10.mat,.mat,9428344,matlab,True,N15_M07_F04,N15,M07,F04,KA09,10,damaged,KA,bearing_code_prefix,N15_M07_F04_KA09_10:1x1:struct,
canonical_raw_root,data/raw/paderborn,data/raw/paderborn/KA09/N15_M07_F04_KA09_11.mat,N15_M07_F04_KA09_11.mat,.mat,8714904,matlab,True,N15_M07_F04,N15,M07,F04,KA09,11,damaged,KA,bearing_code_prefix,N15_M07_F04_KA09_11:1x1:struct,
canonical_raw_root,data/raw/paderborn,data/raw/paderborn/KA09/N15_M07_F04_KA09_12.mat,N15_M07_F04_KA09_12.mat,.mat,8714904,matlab,True,N15_M07_F04,N15,M07,F04,KA09,12,damaged,KA,bearing_code_prefix,N15_M07_F04_KA09_12:1x1:struct,
canonical_raw_root,data/raw/paderborn,data/raw/paderborn/KA09/N15_M07_F04_KA09_13.mat,N15_M07_F04_KA09_13.mat,.mat,8714904,matlab,True,N15_M07_F04,N15,M07,F04,KA09,13,damaged,KA,bearing_code_prefix,N15_M07_F04_KA09_13:1x1:struct,
canonical_raw_root,data/raw/paderborn,data/raw/paderborn/KA09/N15_M07_F04_KA09_14.mat,N15_M07_F04_KA09_14.mat,.mat,8714904,matlab,True,N15_M07_F04,N15,M07,F04,KA09,14,damaged,KA,bearing_code_prefix,N15_M07_F04_KA09_14:1x1:struct,
canonical_raw_root,data/raw/paderborn,data/raw/paderborn/KA09/N15_M07_F04_KA09_15.mat,N15_M07_F04_KA09_15.mat,.mat,8714840,matlab,True,N15_M07_F04,N15,M07,F04,KA09,15,damaged,KA,bearing_code_prefix,N15_M07_F04_KA09_15:1x1:struct,
canonical_raw_root,data/raw/paderborn,data/raw/paderborn/KA09/N15_M07_F04_KA09_16.mat,N15_M07_F04_KA09_16.mat,.mat,8714904,matlab,True,N15_M07_F04,N15,M07,F04,KA09,16,damaged,KA,bearing_code_prefix,N15_M07_F04_KA09_16:1x1:struct,
canonical_raw_root,data/raw/paderborn,data/raw/paderborn/KA09/N15_M07_F04_KA09_17.mat,N15_M07_F04_KA09_17.mat,.mat,8714904,matlab,True,N15_M07_F04,N15,M07,F04,KA09,17,damaged,KA,bearing_code_prefix,N15_M07_F04_KA09_17:1x1:struct,
canonical_raw_root,data/raw/paderborn,data/raw/paderborn/KA09/N15_M07_F04_KA09_18.mat,N15_M07_F04_KA09_18.mat,.mat,8714872,matlab,True,N15_M07_F04,N15,M07,F04,KA09,18,damaged,KA,bearing_code_prefix,N15_M07_F04_KA09_18:1x1:struct,
canonical_raw_root,data/raw/paderborn,data/raw/paderborn/KA09/N15_M07_F04_KA09_19.mat,N15_M07_F04_KA09_19.mat,.mat,8714904,matlab,True,N15_M07_F04,N15,M07,F04,KA09,19,damaged,KA,bearing_code_prefix,N15_M07_F04_KA09_19:1x1:struct,
canonical_raw_root,data/raw/paderborn,data/raw/paderborn/KA09/N15_M07_F04_KA09_2.mat,N15_M07_F04_KA09_2.mat,.mat,8714904,matlab,True,N15_M07_F04,N15,M07,F04,KA09,2,damaged,KA,bearing_code_prefix,N15_M07_F04_KA09_2:1x1:struct,
canonical_raw_root,data/raw/paderborn,data/raw/paderborn/KA09/N15_M07_F04_KA09_20.mat,N15_M07_F04_KA09_20.mat,.mat,8714872,matlab,True,N15_M07_F04,N15,M07,F04,KA09,20,damaged,KA,bearing_code_prefix,N15_M07_F04_KA09_20:1x1:struct,
canonical_raw_root,data/raw/paderborn,data/raw/paderborn/KA09/N15_M07_F04_KA09_3.mat,N15_M07_F04_KA09_3.mat,.mat,8715032,matlab,True,N15_M07_F04,N15,M07,F04,KA09,3,damaged,KA,bearing_code_prefix,N15_M07_F04_KA09_3:1x1:struct,
canonical_raw_root,data/raw/paderborn,data/raw/paderborn/KA09/N15_M07_F04_KA09_4.mat,N15_M07_F04_KA09_4.mat,.mat,8714904,matlab,True,N15_M07_F04,N15,M07,F04,KA09,4,damaged,KA,bearing_code_prefix,N15_M07_F04_KA09_4:1x1:struct,
canonical_raw_root,data/raw/paderborn,data/raw/paderborn/KA09/N15_M07_F04_KA09_5.mat,N15_M07_F04_KA09_5.mat,.mat,8714904,matlab,True,N15_M07_F04,N15,M07,F04,KA09,5,damaged,KA,bearing_code_prefix,N15_M07_F04_KA09_5:1x1:struct,
canonical_raw_root,data/raw/paderborn,data/raw/paderborn/KA09/N15_M07_F04_KA09_6.mat,N15_M07_F04_KA09_6.mat,.mat,8714904,matlab,True,N15_M07_F04,N15,M07,F04,KA09,6,damaged,KA,bearing_code_prefix,N15_M07_F04_KA09_6:1x1:struct,
canonical_raw_root,data/raw/paderborn,data/raw/paderborn/KA09/N15_M07_F04_KA09_7.mat,N15_M07_F04_KA09_7.mat,.mat,8714808,matlab,True,N15_M07_F04,N15,M07,F04,KA09,7,damaged,KA,bearing_code_prefix,N15_M07_F04_KA09_7:1x1:struct,
canonical_raw_root,data/raw/paderborn,data/raw/paderborn/KA09/N15_M07_F04_KA09_8.mat,N15_M07_F04_KA09_8.mat,.mat,8714904,matlab,True,N15_M07_F04,N15,M07,F04,KA09,8,damaged,KA,bearing_code_prefix,N15_M07_F04_KA09_8:1x1:struct,
canonical_raw_root,data/raw/paderborn,data/raw/paderborn/KA09/N15_M07_F04_KA09_9.mat,N15_M07_F04_KA09_9.mat,.mat,8714968,matlab,True,N15_M07_F04,N15,M07,F04,KA09,9,damaged,KA,bearing_code_prefix,N15_M07_F04_KA09_9:1x1:struct,
canonical_raw_root,data/raw/paderborn,data/raw/paderborn/KA09/N15_M07_F10_KA09_1.mat,N15_M07_F10_KA09_1.mat,.mat,8714904,matlab,True,N15_M07_F10,N15,M07,F10,KA09,1,damaged,KA,bearing_code_prefix,N15_M07_F10_KA09_1:1x1:struct,
canonical_raw_root,data/raw/paderborn,data/raw/paderborn/KA09/N15_M07_F10_KA09_10.mat,N15_M07_F10_KA09_10.mat,.mat,8714904,matlab,True,N15_M07_F10,N15,M07,F10,KA09,10,damaged,KA,bearing_code_prefix,N15_M07_F10_KA09_10:1x1:struct,
canonical_raw_root,data/raw/paderborn,data/raw/paderborn/KA09/N15_M07_F10_KA09_11.mat,N15_M07_F10_KA09_11.mat,.mat,8714904,matlab,True,N15_M07_F10,N15,M07,F10,KA09,11,damaged,KA,bearing_code_prefix,N15_M07_F10_KA09_11:1x1:struct,
canonical_raw_root,data/raw/paderborn,data/raw/paderborn/KA09/N15_M07_F10_KA09_12.mat,N15_M07_F10_KA09_12.mat,.mat,8714840,matlab,True,N15_M07_F10,N15,M07,F10,KA09,12,damaged,KA,bearing_code_prefix,N15_M07_F10_KA09_12:1x1:struct,
canonical_raw_root,data/raw/paderborn,data/raw/paderborn/KA09/N15_M07_F10_KA09_13.mat,N15_M07_F10_KA09_13.mat,.mat,8714872,matlab,True,N15_M07_F10,N15,M07,F10,KA09,13,damaged,KA,bearing_code_prefix,N15_M07_F10_KA09_13:1x1:struct,
canonical_raw_root,data/raw/paderborn,data/raw/paderborn/KA09/N15_M07_F10_KA09_14.mat,N15_M07_F10_KA09_14.mat,.mat,8714904,matlab,True,N15_M07_F10,N15,M07,F10,KA09,14,damaged,KA,bearing_code_prefix,N15_M07_F10_KA09_14:1x1:struct,
canonical_raw_root,data/raw/paderborn,data/raw/paderborn/KA09/N15_M07_F10_KA09_15.mat,N15_M07_F10_KA09_15.mat,.mat,8714904,matlab,True,N15_M07_F10,N15,M07,F10,KA09,15,damaged,KA,bearing_code_prefix,N15_M07_F10_KA09_15:1x1:struct,
canonical_raw_root,data/raw/paderborn,data/raw/paderborn/KA09/N15_M07_F10_KA09_16.mat,N15_M07_F10_KA09_16.mat,.mat,8714904,matlab,True,N15_M07_F10,N15,M07,F10,KA09,16,damaged,KA,bearing_code_prefix,N15_M07_F10_KA09_16:1x1:struct,
canonical_raw_root,data/raw/paderborn,data/raw/paderborn/KA09/N15_M07_F10_KA09_17.mat,N15_M07_F10_KA09_17.mat,.mat,8714904,matlab,True,N15_M07_F10,N15,M07,F10,KA09,17,damaged,KA,bearing_code_prefix,N15_M07_F10_KA09_17:1x1:struct,
canonical_raw_root,data/raw/paderborn,data/raw/paderborn/KA09/N15_M07_F10_KA09_18.mat,N15_M07_F10_KA09_18.mat,.mat,8714904,matlab,True,N15_M07_F10,N15,M07,F10,KA09,18,damaged,KA,bearing_code_prefix,N15_M07_F10_KA09_18:1x1:struct,
canonical_raw_root,data/raw/paderborn,data/raw/paderborn/KA09/N15_M07_F10_KA09_19.mat,N15_M07_F10_KA09_19.mat,.mat,8714904,matlab,True,N15_M07_F10,N15,M07,F10,KA09,19,damaged,KA,bearing_code_prefix,N15_M07_F10_KA09_19:1x1:struct,
canonical_raw_root,data/raw/paderborn,data/raw/paderborn/KA09/N15_M07_F10_KA09_2.mat,N15_M07_F10_KA09_2.mat,.mat,8714904,matlab,True,N15_M07_F10,N15,M07,F10,KA09,2,damaged,KA,bearing_code_prefix,N15_M07_F10_KA09_2:1x1:struct,
canonical_raw_root,data/raw/paderborn,data/raw/paderborn/KA09/N15_M07_F10_KA09_20.mat,N15_M07_F10_KA09_20.mat,.mat,8714936,matlab,True,N15_M07_F10,N15,M07,F10,KA09,20,damaged,KA,bearing_code_prefix,N15_M07_F10_KA09_20:1x1:struct,
canonical_raw_root,data/raw/paderborn,data/raw/paderborn/KA09/N15_M07_F10_KA09_3.mat,N15_M07_F10_KA09_3.mat,.mat,9406232,matlab,True,N15_M07_F10,N15,M07,F10,KA09,3,damaged,KA,bearing_code_prefix,N15_M07_F10_KA09_3:1x1:struct,
canonical_raw_root,data/raw/paderborn,data/raw/paderborn/KA09/N15_M07_F10_KA09_4.mat,N15_M07_F10_KA09_4.mat,.mat,8714904,matlab,True,N15_M07_F10,N15,M07,F10,KA09,4,damaged,KA,bearing_code_prefix,N15_M07_F10_KA09_4:1x1:struct,
canonical_raw_root,data/raw/paderborn,data/raw/paderborn/KA09/N15_M07_F10_KA09_5.mat,N15_M07_F10_KA09_5.mat,.mat,8714936,matlab,True,N15_M07_F10,N15,M07,F10,KA09,5,damaged,KA,bearing_code_prefix,N15_M07_F10_KA09_5:1x1:struct,
canonical_raw_root,data/raw/paderborn,data/raw/paderborn/KA09/N15_M07_F10_KA09_6.mat,N15_M07_F10_KA09_6.mat,.mat,8714904,matlab,True,N15_M07_F10,N15,M07,F10,KA09,6,damaged,KA,bearing_code_prefix,N15_M07_F10_KA09_6:1x1:struct,
canonical_raw_root,data/raw/paderborn,data/raw/paderborn/KA09/N15_M07_F10_KA09_7.mat,N15_M07_F10_KA09_7.mat,.mat,8714904,matlab,True,N15_M07_F10,N15,M07,F10,KA09,7,damaged,KA,bearing_code_prefix,N15_M07_F10_KA09_7:1x1:struct,
canonical_raw_root,data/raw/paderborn,data/raw/paderborn/KA09/N15_M07_F10_KA09_8.mat,N15_M07_F10_KA09_8.mat,.mat,8714872,matlab,True,N15_M07_F10,N15,M07,F10,KA09,8,damaged,KA,bearing_code_prefix,N15_M07_F10_KA09_8:1x1:struct,
canonical_raw_root,data/raw/paderborn,data/raw/paderborn/KA09/N15_M07_F10_KA09_9.mat,N15_M07_F10_KA09_9.mat,.mat,8714968,matlab,True,N15_M07_F10,N15,M07,F10,KA09,9,damaged,KA,bearing_code_prefix,N15_M07_F10_KA09_9:1x1:struct,
canonical_raw_root,data/raw/paderborn,data/raw/paderborn/KA15/KA15.pdf,KA15.pdf,.pdf,56499,pdf,False,,,,,KA15,,damaged,KA,bearing_code_prefix,,No metadata inspector is implemented for this extension
canonical_raw_root,data/raw/paderborn,data/raw/paderborn/KA15/measuring_log_KA15.pdf,measuring_log_KA15.pdf,.pdf,139030,pdf,False,,,,,KA15,,damaged,KA,bearing_code_prefix,,No metadata inspector is implemented for this extension
canonical_raw_root,data/raw/paderborn,data/raw/paderborn/KA15/N09_M07_F10_KA15_1.mat,N09_M07_F10_KA15_1.mat,.mat,8714904,matlab,True,N09_M07_F10,N09,M07,F10,KA15,1,damaged,KA,bearing_code_prefix,N09_M07_F10_KA15_1:1x1:struct,
canonical_raw_root,data/raw/paderborn,data/raw/paderborn/KA15/N09_M07_F10_KA15_10.mat,N09_M07_F10_KA15_10.mat,.mat,8714904,matlab,True,N09_M07_F10,N09,M07,F10,KA15,10,damaged,KA,bearing_code_prefix,N09_M07_F10_KA15_10:1x1:struct,
canonical_raw_root,data/raw/paderborn,data/raw/paderborn/KA15/N09_M07_F10_KA15_11.mat,N09_M07_F10_KA15_11.mat,.mat,8714904,matlab,True,N09_M07_F10,N09,M07,F10,KA15,11,damaged,KA,bearing_code_prefix,N09_M07_F10_KA15_11:1x1:struct,
canonical_raw_root,data/raw/paderborn,data/raw/paderborn/KA15/N09_M07_F10_KA15_12.mat,N09_M07_F10_KA15_12.mat,.mat,8714904,matlab,True,N09_M07_F10,N09,M07,F10,KA15,12,damaged,KA,bearing_code_prefix,N09_M07_F10_KA15_12:1x1:struct,
canonical_raw_root,data/raw/paderborn,data/raw/paderborn/KA15/N09_M07_F10_KA15_13.mat,N09_M07_F10_KA15_13.mat,.mat,8714904,matlab,True,N09_M07_F10,N09,M07,F10,KA15,13,damaged,KA,bearing_code_prefix,N09_M07_F10_KA15_13:1x1:struct,
canonical_raw_root,data/raw/paderborn,data/raw/paderborn/KA15/N09_M07_F10_KA15_14.mat,N09_M07_F10_KA15_14.mat,.mat,8714904,matlab,True,N09_M07_F10,N09,M07,F10,KA15,14,damaged,KA,bearing_code_prefix,N09_M07_F10_KA15_14:1x1:struct,
canonical_raw_root,data/raw/paderborn,data/raw/paderborn/KA15/N09_M07_F10_KA15_15.mat,N09_M07_F10_KA15_15.mat,.mat,8714968,matlab,True,N09_M07_F10,N09,M07,F10,KA15,15,damaged,KA,bearing_code_prefix,N09_M07_F10_KA15_15:1x1:struct,
canonical_raw_root,data/raw/paderborn,data/raw/paderborn/KA15/N09_M07_F10_KA15_16.mat,N09_M07_F10_KA15_16.mat,.mat,8714872,matlab,True,N09_M07_F10,N09,M07,F10,KA15,16,damaged,KA,bearing_code_prefix,N09_M07_F10_KA15_16:1x1:struct,
canonical_raw_root,data/raw/paderborn,data/raw/paderborn/KA15/N09_M07_F10_KA15_17.mat,N09_M07_F10_KA15_17.mat,.mat,8714872,matlab,True,N09_M07_F10,N09,M07,F10,KA15,17,damaged,KA,bearing_code_prefix,N09_M07_F10_KA15_17:1x1:struct,
canonical_raw_root,data/raw/paderborn,data/raw/paderborn/KA15/N09_M07_F10_KA15_18.mat,N09_M07_F10_KA15_18.mat,.mat,8714904,matlab,True,N09_M07_F10,N09,M07,F10,KA15,18,damaged,KA,bearing_code_prefix,N09_M07_F10_KA15_18:1x1:struct,
canonical_raw_root,data/raw/paderborn,data/raw/paderborn/KA15/N09_M07_F10_KA15_19.mat,N09_M07_F10_KA15_19.mat,.mat,8714936,matlab,True,N09_M07_F10,N09,M07,F10,KA15,19,damaged,KA,bearing_code_prefix,N09_M07_F10_KA15_19:1x1:struct,
canonical_raw_root,data/raw/paderborn,data/raw/paderborn/KA15/N09_M07_F10_KA15_2.mat,N09_M07_F10_KA15_2.mat,.mat,8714904,matlab,True,N09_M07_F10,N09,M07,F10,KA15,2,damaged,KA,bearing_code_prefix,N09_M07_F10_KA15_2:1x1:struct,
canonical_raw_root,data/raw/paderborn,data/raw/paderborn/KA15/N09_M07_F10_KA15_20.mat,N09_M07_F10_KA15_20.mat,.mat,8714904,matlab,True,N09_M07_F10,N09,M07,F10,KA15,20,damaged,KA,bearing_code_prefix,N09_M07_F10_KA15_20:1x1:struct,
canonical_raw_root,data/raw/paderborn,data/raw/paderborn/KA15/N09_M07_F10_KA15_3.mat,N09_M07_F10_KA15_3.mat,.mat,8714904,matlab,True,N09_M07_F10,N09,M07,F10,KA15,3,damaged,KA,bearing_code_prefix,N09_M07_F10_KA15_3:1x1:struct,
canonical_raw_root,data/raw/paderborn,data/raw/paderborn/KA15/N09_M07_F10_KA15_4.mat,N09_M07_F10_KA15_4.mat,.mat,8714936,matlab,True,N09_M07_F10,N09,M07,F10,KA15,4,damaged,KA,bearing_code_prefix,N09_M07_F10_KA15_4:1x1:struct,
canonical_raw_root,data/raw/paderborn,data/raw/paderborn/KA15/N09_M07_F10_KA15_5.mat,N09_M07_F10_KA15_5.mat,.mat,8714904,matlab,True,N09_M07_F10,N09,M07,F10,KA15,5,damaged,KA,bearing_code_prefix,N09_M07_F10_KA15_5:1x1:struct,
canonical_raw_root,data/raw/paderborn,data/raw/paderborn/KA15/N09_M07_F10_KA15_6.mat,N09_M07_F10_KA15_6.mat,.mat,8714904,matlab,True,N09_M07_F10,N09,M07,F10,KA15,6,damaged,KA,bearing_code_prefix,N09_M07_F10_KA15_6:1x1:struct,
canonical_raw_root,data/raw/paderborn,data/raw/paderborn/KA15/N09_M07_F10_KA15_7.mat,N09_M07_F10_KA15_7.mat,.mat,8714872,matlab,True,N09_M07_F10,N09,M07,F10,KA15,7,damaged,KA,bearing_code_prefix,N09_M07_F10_KA15_7:1x1:struct,
canonical_raw_root,data/raw/paderborn,data/raw/paderborn/KA15/N09_M07_F10_KA15_8.mat,N09_M07_F10_KA15_8.mat,.mat,8714840,matlab,True,N09_M07_F10,N09,M07,F10,KA15,8,damaged,KA,bearing_code_prefix,N09_M07_F10_KA15_8:1x1:struct,
canonical_raw_root,data/raw/paderborn,data/raw/paderborn/KA15/N09_M07_F10_KA15_9.mat,N09_M07_F10_KA15_9.mat,.mat,8714872,matlab,True,N09_M07_F10,N09,M07,F10,KA15,9,damaged,KA,bearing_code_prefix,N09_M07_F10_KA15_9:1x1:struct,
canonical_raw_root,data/raw/paderborn,data/raw/paderborn/KA15/N15_M01_F10_KA15_1.mat,N15_M01_F10_KA15_1.mat,.mat,8714872,matlab,True,N15_M01_F10,N15,M01,F10,KA15,1,damaged,KA,bearing_code_prefix,N15_M01_F10_KA15_1:1x1:struct,
canonical_raw_root,data/raw/paderborn,data/raw/paderborn/KA15/N15_M01_F10_KA15_10.mat,N15_M01_F10_KA15_10.mat,.mat,8714872,matlab,True,N15_M01_F10,N15,M01,F10,KA15,10,damaged,KA,bearing_code_prefix,N15_M01_F10_KA15_10:1x1:struct,
canonical_raw_root,data/raw/paderborn,data/raw/paderborn/KA15/N15_M01_F10_KA15_11.mat,N15_M01_F10_KA15_11.mat,.mat,8728888,matlab,True,N15_M01_F10,N15,M01,F10,KA15,11,damaged,KA,bearing_code_prefix,N15_M01_F10_KA15_11:1x1:struct,
canonical_raw_root,data/raw/paderborn,data/raw/paderborn/KA15/N15_M01_F10_KA15_12.mat,N15_M01_F10_KA15_12.mat,.mat,8714872,matlab,True,N15_M01_F10,N15,M01,F10,KA15,12,damaged,KA,bearing_code_prefix,N15_M01_F10_KA15_12:1x1:struct,
canonical_raw_root,data/raw/paderborn,data/raw/paderborn/KA15/N15_M01_F10_KA15_13.mat,N15_M01_F10_KA15_13.mat,.mat,8714776,matlab,True,N15_M01_F10,N15,M01,F10,KA15,13,damaged,KA,bearing_code_prefix,N15_M01_F10_KA15_13:1x1:struct,
canonical_raw_root,data/raw/paderborn,data/raw/paderborn/KA15/N15_M01_F10_KA15_14.mat,N15_M01_F10_KA15_14.mat,.mat,8714936,matlab,True,N15_M01_F10,N15,M01,F10,KA15,14,damaged,KA,bearing_code_prefix,N15_M01_F10_KA15_14:1x1:struct,
canonical_raw_root,data/raw/paderborn,data/raw/paderborn/KA15/N15_M01_F10_KA15_15.mat,N15_M01_F10_KA15_15.mat,.mat,8715000,matlab,True,N15_M01_F10,N15,M01,F10,KA15,15,damaged,KA,bearing_code_prefix,N15_M01_F10_KA15_15:1x1:struct,
canonical_raw_root,data/raw/paderborn,data/raw/paderborn/KA15/N15_M01_F10_KA15_16.mat,N15_M01_F10_KA15_16.mat,.mat,8715000,matlab,True,N15_M01_F10,N15,M01,F10,KA15,16,damaged,KA,bearing_code_prefix,N15_M01_F10_KA15_16:1x1:struct,
canonical_raw_root,data/raw/paderborn,data/raw/paderborn/KA15/N15_M01_F10_KA15_17.mat,N15_M01_F10_KA15_17.mat,.mat,8714904,matlab,True,N15_M01_F10,N15,M01,F10,KA15,17,damaged,KA,bearing_code_prefix,N15_M01_F10_KA15_17:1x1:struct,
canonical_raw_root,data/raw/paderborn,data/raw/paderborn/KA15/N15_M01_F10_KA15_18.mat,N15_M01_F10_KA15_18.mat,.mat,8714872,matlab,True,N15_M01_F10,N15,M01,F10,KA15,18,damaged,KA,bearing_code_prefix,N15_M01_F10_KA15_18:1x1:struct,
canonical_raw_root,data/raw/paderborn,data/raw/paderborn/KA15/N15_M01_F10_KA15_19.mat,N15_M01_F10_KA15_19.mat,.mat,8714872,matlab,True,N15_M01_F10,N15,M01,F10,KA15,19,damaged,KA,bearing_code_prefix,N15_M01_F10_KA15_19:1x1:struct,
canonical_raw_root,data/raw/paderborn,data/raw/paderborn/KA15/N15_M01_F10_KA15_2.mat,N15_M01_F10_KA15_2.mat,.mat,8714968,matlab,True,N15_M01_F10,N15,M01,F10,KA15,2,damaged,KA,bearing_code_prefix,N15_M01_F10_KA15_2:1x1:struct,
canonical_raw_root,data/raw/paderborn,data/raw/paderborn/KA15/N15_M01_F10_KA15_20.mat,N15_M01_F10_KA15_20.mat,.mat,8757016,matlab,True,N15_M01_F10,N15,M01,F10,KA15,20,damaged,KA,bearing_code_prefix,N15_M01_F10_KA15_20:1x1:struct,
canonical_raw_root,data/raw/paderborn,data/raw/paderborn/KA15/N15_M01_F10_KA15_3.mat,N15_M01_F10_KA15_3.mat,.mat,8715032,matlab,True,N15_M01_F10,N15,M01,F10,KA15,3,damaged,KA,bearing_code_prefix,N15_M01_F10_KA15_3:1x1:struct,
canonical_raw_root,data/raw/paderborn,data/raw/paderborn/KA15/N15_M01_F10_KA15_4.mat,N15_M01_F10_KA15_4.mat,.mat,8717576,matlab,True,N15_M01_F10,N15,M01,F10,KA15,4,damaged,KA,bearing_code_prefix,N15_M01_F10_KA15_4:1x1:struct,
canonical_raw_root,data/raw/paderborn,data/raw/paderborn/KA15/N15_M01_F10_KA15_5.mat,N15_M01_F10_KA15_5.mat,.mat,8714904,matlab,True,N15_M01_F10,N15,M01,F10,KA15,5,damaged,KA,bearing_code_prefix,N15_M01_F10_KA15_5:1x1:struct,
canonical_raw_root,data/raw/paderborn,data/raw/paderborn/KA15/N15_M01_F10_KA15_6.mat,N15_M01_F10_KA15_6.mat,.mat,8714904,matlab,True,N15_M01_F10,N15,M01,F10,KA15,6,damaged,KA,bearing_code_prefix,N15_M01_F10_KA15_6:1x1:struct,
canonical_raw_root,data/raw/paderborn,data/raw/paderborn/KA15/N15_M01_F10_KA15_7.mat,N15_M01_F10_KA15_7.mat,.mat,8714904,matlab,True,N15_M01_F10,N15,M01,F10,KA15,7,damaged,KA,bearing_code_prefix,N15_M01_F10_KA15_7:1x1:struct,
canonical_raw_root,data/raw/paderborn,data/raw/paderborn/KA15/N15_M01_F10_KA15_8.mat,N15_M01_F10_KA15_8.mat,.mat,8714904,matlab,True,N15_M01_F10,N15,M01,F10,KA15,8,damaged,KA,bearing_code_prefix,N15_M01_F10_KA15_8:1x1:struct,
canonical_raw_root,data/raw/paderborn,data/raw/paderborn/KA15/N15_M01_F10_KA15_9.mat,N15_M01_F10_KA15_9.mat,.mat,8717768,matlab,True,N15_M01_F10,N15,M01,F10,KA15,9,damaged,KA,bearing_code_prefix,N15_M01_F10_KA15_9:1x1:struct,
canonical_raw_root,data/raw/paderborn,data/raw/paderborn/KA15/N15_M07_F04_KA15_1.mat,N15_M07_F04_KA15_1.mat,.mat,8715032,matlab,True,N15_M07_F04,N15,M07,F04,KA15,1,damaged,KA,bearing_code_prefix,N15_M07_F04_KA15_1:1x1:struct,
canonical_raw_root,data/raw/paderborn,data/raw/paderborn/KA15/N15_M07_F04_KA15_10.mat,N15_M07_F04_KA15_10.mat,.mat,8714872,matlab,True,N15_M07_F04,N15,M07,F04,KA15,10,damaged,KA,bearing_code_prefix,N15_M07_F04_KA15_10:1x1:struct,
canonical_raw_root,data/raw/paderborn,data/raw/paderborn/KA15/N15_M07_F04_KA15_11.mat,N15_M07_F04_KA15_11.mat,.mat,8714904,matlab,True,N15_M07_F04,N15,M07,F04,KA15,11,damaged,KA,bearing_code_prefix,N15_M07_F04_KA15_11:1x1:struct,
canonical_raw_root,data/raw/paderborn,data/raw/paderborn/KA15/N15_M07_F04_KA15_12.mat,N15_M07_F04_KA15_12.mat,.mat,8714904,matlab,True,N15_M07_F04,N15,M07,F04,KA15,12,damaged,KA,bearing_code_prefix,N15_M07_F04_KA15_12:1x1:struct,
canonical_raw_root,data/raw/paderborn,data/raw/paderborn/KA15/N15_M07_F04_KA15_13.mat,N15_M07_F04_KA15_13.mat,.mat,8714904,matlab,True,N15_M07_F04,N15,M07,F04,KA15,13,damaged,KA,bearing_code_prefix,N15_M07_F04_KA15_13:1x1:struct,
canonical_raw_root,data/raw/paderborn,data/raw/paderborn/KA15/N15_M07_F04_KA15_14.mat,N15_M07_F04_KA15_14.mat,.mat,8714936,matlab,True,N15_M07_F04,N15,M07,F04,KA15,14,damaged,KA,bearing_code_prefix,N15_M07_F04_KA15_14:1x1:struct,
canonical_raw_root,data/raw/paderborn,data/raw/paderborn/KA15/N15_M07_F04_KA15_15.mat,N15_M07_F04_KA15_15.mat,.mat,8714872,matlab,True,N15_M07_F04,N15,M07,F04,KA15,15,damaged,KA,bearing_code_prefix,N15_M07_F04_KA15_15:1x1:struct,
canonical_raw_root,data/raw/paderborn,data/raw/paderborn/KA15/N15_M07_F04_KA15_16.mat,N15_M07_F04_KA15_16.mat,.mat,8714872,matlab,True,N15_M07_F04,N15,M07,F04,KA15,16,damaged,KA,bearing_code_prefix,N15_M07_F04_KA15_16:1x1:struct,
canonical_raw_root,data/raw/paderborn,data/raw/paderborn/KA15/N15_M07_F04_KA15_17.mat,N15_M07_F04_KA15_17.mat,.mat,8714904,matlab,True,N15_M07_F04,N15,M07,F04,KA15,17,damaged,KA,bearing_code_prefix,N15_M07_F04_KA15_17:1x1:struct,
canonical_raw_root,data/raw/paderborn,data/raw/paderborn/KA15/N15_M07_F04_KA15_18.mat,N15_M07_F04_KA15_18.mat,.mat,8714904,matlab,True,N15_M07_F04,N15,M07,F04,KA15,18,damaged,KA,bearing_code_prefix,N15_M07_F04_KA15_18:1x1:struct,
canonical_raw_root,data/raw/paderborn,data/raw/paderborn/KA15/N15_M07_F04_KA15_19.mat,N15_M07_F04_KA15_19.mat,.mat,8714872,matlab,True,N15_M07_F04,N15,M07,F04,KA15,19,damaged,KA,bearing_code_prefix,N15_M07_F04_KA15_19:1x1:struct,
canonical_raw_root,data/raw/paderborn,data/raw/paderborn/KA15/N15_M07_F04_KA15_2.mat,N15_M07_F04_KA15_2.mat,.mat,8714936,matlab,True,N15_M07_F04,N15,M07,F04,KA15,2,damaged,KA,bearing_code_prefix,N15_M07_F04_KA15_2:1x1:struct,
canonical_raw_root,data/raw/paderborn,data/raw/paderborn/KA15/N15_M07_F04_KA15_20.mat,N15_M07_F04_KA15_20.mat,.mat,8714904,matlab,True,N15_M07_F04,N15,M07,F04,KA15,20,damaged,KA,bearing_code_prefix,N15_M07_F04_KA15_20:1x1:struct,
canonical_raw_root,data/raw/paderborn,data/raw/paderborn/KA15/N15_M07_F04_KA15_3.mat,N15_M07_F04_KA15_3.mat,.mat,8714872,matlab,True,N15_M07_F04,N15,M07,F04,KA15,3,damaged,KA,bearing_code_prefix,N15_M07_F04_KA15_3:1x1:struct,
canonical_raw_root,data/raw/paderborn,data/raw/paderborn/KA15/N15_M07_F04_KA15_4.mat,N15_M07_F04_KA15_4.mat,.mat,8714904,matlab,True,N15_M07_F04,N15,M07,F04,KA15,4,damaged,KA,bearing_code_prefix,N15_M07_F04_KA15_4:1x1:struct,
canonical_raw_root,data/raw/paderborn,data/raw/paderborn/KA15/N15_M07_F04_KA15_5.mat,N15_M07_F04_KA15_5.mat,.mat,8714936,matlab,True,N15_M07_F04,N15,M07,F04,KA15,5,damaged,KA,bearing_code_prefix,N15_M07_F04_KA15_5:1x1:struct,
canonical_raw_root,data/raw/paderborn,data/raw/paderborn/KA15/N15_M07_F04_KA15_6.mat,N15_M07_F04_KA15_6.mat,.mat,9423320,matlab,True,N15_M07_F04,N15,M07,F04,KA15,6,damaged,KA,bearing_code_prefix,N15_M07_F04_KA15_6:1x1:struct,
canonical_raw_root,data/raw/paderborn,data/raw/paderborn/KA15/N15_M07_F04_KA15_7.mat,N15_M07_F04_KA15_7.mat,.mat,8714904,matlab,True,N15_M07_F04,N15,M07,F04,KA15,7,damaged,KA,bearing_code_prefix,N15_M07_F04_KA15_7:1x1:struct,
canonical_raw_root,data/raw/paderborn,data/raw/paderborn/KA15/N15_M07_F04_KA15_8.mat,N15_M07_F04_KA15_8.mat,.mat,8714904,matlab,True,N15_M07_F04,N15,M07,F04,KA15,8,damaged,KA,bearing_code_prefix,N15_M07_F04_KA15_8:1x1:struct,
canonical_raw_root,data/raw/paderborn,data/raw/paderborn/KA15/N15_M07_F04_KA15_9.mat,N15_M07_F04_KA15_9.mat,.mat,8714872,matlab,True,N15_M07_F04,N15,M07,F04,KA15,9,damaged,KA,bearing_code_prefix,N15_M07_F04_KA15_9:1x1:struct,
canonical_raw_root,data/raw/paderborn,data/raw/paderborn/KA15/N15_M07_F10_KA15_1.mat,N15_M07_F10_KA15_1.mat,.mat,8714872,matlab,True,N15_M07_F10,N15,M07,F10,KA15,1,damaged,KA,bearing_code_prefix,N15_M07_F10_KA15_1:1x1:struct,
canonical_raw_root,data/raw/paderborn,data/raw/paderborn/KA15/N15_M07_F10_KA15_10.mat,N15_M07_F10_KA15_10.mat,.mat,8714872,matlab,True,N15_M07_F10,N15,M07,F10,KA15,10,damaged,KA,bearing_code_prefix,N15_M07_F10_KA15_10:1x1:struct,
canonical_raw_root,data/raw/paderborn,data/raw/paderborn/KA15/N15_M07_F10_KA15_11.mat,N15_M07_F10_KA15_11.mat,.mat,8714872,matlab,True,N15_M07_F10,N15,M07,F10,KA15,11,damaged,KA,bearing_code_prefix,N15_M07_F10_KA15_11:1x1:struct,
canonical_raw_root,data/raw/paderborn,data/raw/paderborn/KA15/N15_M07_F10_KA15_12.mat,N15_M07_F10_KA15_12.mat,.mat,8714936,matlab,True,N15_M07_F10,N15,M07,F10,KA15,12,damaged,KA,bearing_code_prefix,N15_M07_F10_KA15_12:1x1:struct,
canonical_raw_root,data/raw/paderborn,data/raw/paderborn/KA15/N15_M07_F10_KA15_13.mat,N15_M07_F10_KA15_13.mat,.mat,8714872,matlab,True,N15_M07_F10,N15,M07,F10,KA15,13,damaged,KA,bearing_code_prefix,N15_M07_F10_KA15_13:1x1:struct,
canonical_raw_root,data/raw/paderborn,data/raw/paderborn/KA15/N15_M07_F10_KA15_14.mat,N15_M07_F10_KA15_14.mat,.mat,8714904,matlab,True,N15_M07_F10,N15,M07,F10,KA15,14,damaged,KA,bearing_code_prefix,N15_M07_F10_KA15_14:1x1:struct,
canonical_raw_root,data/raw/paderborn,data/raw/paderborn/KA15/N15_M07_F10_KA15_15.mat,N15_M07_F10_KA15_15.mat,.mat,8714904,matlab,True,N15_M07_F10,N15,M07,F10,KA15,15,damaged,KA,bearing_code_prefix,N15_M07_F10_KA15_15:1x1:struct,
canonical_raw_root,data/raw/paderborn,data/raw/paderborn/KA15/N15_M07_F10_KA15_16.mat,N15_M07_F10_KA15_16.mat,.mat,8714744,matlab,True,N15_M07_F10,N15,M07,F10,KA15,16,damaged,KA,bearing_code_prefix,N15_M07_F10_KA15_16:1x1:struct,
canonical_raw_root,data/raw/paderborn,data/raw/paderborn/KA15/N15_M07_F10_KA15_17.mat,N15_M07_F10_KA15_17.mat,.mat,8714904,matlab,True,N15_M07_F10,N15,M07,F10,KA15,17,damaged,KA,bearing_code_prefix,N15_M07_F10_KA15_17:1x1:struct,
canonical_raw_root,data/raw/paderborn,data/raw/paderborn/KA15/N15_M07_F10_KA15_18.mat,N15_M07_F10_KA15_18.mat,.mat,8714904,matlab,True,N15_M07_F10,N15,M07,F10,KA15,18,damaged,KA,bearing_code_prefix,N15_M07_F10_KA15_18:1x1:struct,
canonical_raw_root,data/raw/paderborn,data/raw/paderborn/KA15/N15_M07_F10_KA15_19.mat,N15_M07_F10_KA15_19.mat,.mat,8714936,matlab,True,N15_M07_F10,N15,M07,F10,KA15,19,damaged,KA,bearing_code_prefix,N15_M07_F10_KA15_19:1x1:struct,
canonical_raw_root,data/raw/paderborn,data/raw/paderborn/KA15/N15_M07_F10_KA15_2.mat,N15_M07_F10_KA15_2.mat,.mat,8714904,matlab,True,N15_M07_F10,N15,M07,F10,KA15,2,damaged,KA,bearing_code_prefix,N15_M07_F10_KA15_2:1x1:struct,
canonical_raw_root,data/raw/paderborn,data/raw/paderborn/KA15/N15_M07_F10_KA15_20.mat,N15_M07_F10_KA15_20.mat,.mat,8714904,matlab,True,N15_M07_F10,N15,M07,F10,KA15,20,damaged,KA,bearing_code_prefix,N15_M07_F10_KA15_20:1x1:struct,
canonical_raw_root,data/raw/paderborn,data/raw/paderborn/KA15/N15_M07_F10_KA15_3.mat,N15_M07_F10_KA15_3.mat,.mat,8714904,matlab,True,N15_M07_F10,N15,M07,F10,KA15,3,damaged,KA,bearing_code_prefix,N15_M07_F10_KA15_3:1x1:struct,
canonical_raw_root,data/raw/paderborn,data/raw/paderborn/KA15/N15_M07_F10_KA15_4.mat,N15_M07_F10_KA15_4.mat,.mat,8714904,matlab,True,N15_M07_F10,N15,M07,F10,KA15,4,damaged,KA,bearing_code_prefix,N15_M07_F10_KA15_4:1x1:struct,
canonical_raw_root,data/raw/paderborn,data/raw/paderborn/KA15/N15_M07_F10_KA15_5.mat,N15_M07_F10_KA15_5.mat,.mat,8714936,matlab,True,N15_M07_F10,N15,M07,F10,KA15,5,damaged,KA,bearing_code_prefix,N15_M07_F10_KA15_5:1x1:struct,
canonical_raw_root,data/raw/paderborn,data/raw/paderborn/KA15/N15_M07_F10_KA15_6.mat,N15_M07_F10_KA15_6.mat,.mat,8714904,matlab,True,N15_M07_F10,N15,M07,F10,KA15,6,damaged,KA,bearing_code_prefix,N15_M07_F10_KA15_6:1x1:struct,
canonical_raw_root,data/raw/paderborn,data/raw/paderborn/KA15/N15_M07_F10_KA15_7.mat,N15_M07_F10_KA15_7.mat,.mat,8714904,matlab,True,N15_M07_F10,N15,M07,F10,KA15,7,damaged,KA,bearing_code_prefix,N15_M07_F10_KA15_7:1x1:struct,
canonical_raw_root,data/raw/paderborn,data/raw/paderborn/KA15/N15_M07_F10_KA15_8.mat,N15_M07_F10_KA15_8.mat,.mat,8714904,matlab,True,N15_M07_F10,N15,M07,F10,KA15,8,damaged,KA,bearing_code_prefix,N15_M07_F10_KA15_8:1x1:struct,
canonical_raw_root,data/raw/paderborn,data/raw/paderborn/KA15/N15_M07_F10_KA15_9.mat,N15_M07_F10_KA15_9.mat,.mat,8714936,matlab,True,N15_M07_F10,N15,M07,F10,KA15,9,damaged,KA,bearing_code_prefix,N15_M07_F10_KA15_9:1x1:struct,
canonical_raw_root,data/raw/paderborn,data/raw/paderborn/KA16/KA16.pdf,KA16.pdf,.pdf,56383,pdf,False,,,,,KA16,,damaged,KA,bearing_code_prefix,,No metadata inspector is implemented for this extension
canonical_raw_root,data/raw/paderborn,data/raw/paderborn/KA16/measuring_log_KA16.pdf,measuring_log_KA16.pdf,.pdf,139144,pdf,False,,,,,KA16,,damaged,KA,bearing_code_prefix,,No metadata inspector is implemented for this extension
canonical_raw_root,data/raw/paderborn,data/raw/paderborn/KA16/N09_M07_F10_KA16_1.mat,N09_M07_F10_KA16_1.mat,.mat,8717784,matlab,True,N09_M07_F10,N09,M07,F10,KA16,1,damaged,KA,bearing_code_prefix,N09_M07_F10_KA16_1:1x1:struct,
canonical_raw_root,data/raw/paderborn,data/raw/paderborn/KA16/N09_M07_F10_KA16_10.mat,N09_M07_F10_KA16_10.mat,.mat,8714904,matlab,True,N09_M07_F10,N09,M07,F10,KA16,10,damaged,KA,bearing_code_prefix,N09_M07_F10_KA16_10:1x1:struct,
canonical_raw_root,data/raw/paderborn,data/raw/paderborn/KA16/N09_M07_F10_KA16_11.mat,N09_M07_F10_KA16_11.mat,.mat,8714904,matlab,True,N09_M07_F10,N09,M07,F10,KA16,11,damaged,KA,bearing_code_prefix,N09_M07_F10_KA16_11:1x1:struct,
canonical_raw_root,data/raw/paderborn,data/raw/paderborn/KA16/N09_M07_F10_KA16_12.mat,N09_M07_F10_KA16_12.mat,.mat,8714872,matlab,True,N09_M07_F10,N09,M07,F10,KA16,12,damaged,KA,bearing_code_prefix,N09_M07_F10_KA16_12:1x1:struct,
canonical_raw_root,data/raw/paderborn,data/raw/paderborn/KA16/N09_M07_F10_KA16_13.mat,N09_M07_F10_KA16_13.mat,.mat,8714904,matlab,True,N09_M07_F10,N09,M07,F10,KA16,13,damaged,KA,bearing_code_prefix,N09_M07_F10_KA16_13:1x1:struct,
canonical_raw_root,data/raw/paderborn,data/raw/paderborn/KA16/N09_M07_F10_KA16_14.mat,N09_M07_F10_KA16_14.mat,.mat,8717832,matlab,True,N09_M07_F10,N09,M07,F10,KA16,14,damaged,KA,bearing_code_prefix,N09_M07_F10_KA16_14:1x1:struct,
canonical_raw_root,data/raw/paderborn,data/raw/paderborn/KA16/N09_M07_F10_KA16_15.mat,N09_M07_F10_KA16_15.mat,.mat,8717704,matlab,True,N09_M07_F10,N09,M07,F10,KA16,15,damaged,KA,bearing_code_prefix,N09_M07_F10_KA16_15:1x1:struct,
canonical_raw_root,data/raw/paderborn,data/raw/paderborn/KA16/N09_M07_F10_KA16_16.mat,N09_M07_F10_KA16_16.mat,.mat,8718056,matlab,True,N09_M07_F10,N09,M07,F10,KA16,16,damaged,KA,bearing_code_prefix,N09_M07_F10_KA16_16:1x1:struct,
canonical_raw_root,data/raw/paderborn,data/raw/paderborn/KA16/N09_M07_F10_KA16_17.mat,N09_M07_F10_KA16_17.mat,.mat,8717928,matlab,True,N09_M07_F10,N09,M07,F10,KA16,17,damaged,KA,bearing_code_prefix,N09_M07_F10_KA16_17:1x1:struct,
canonical_raw_root,data/raw/paderborn,data/raw/paderborn/KA16/N09_M07_F10_KA16_18.mat,N09_M07_F10_KA16_18.mat,.mat,8715000,matlab,True,N09_M07_F10,N09,M07,F10,KA16,18,damaged,KA,bearing_code_prefix,N09_M07_F10_KA16_18:1x1:struct,
canonical_raw_root,data/raw/paderborn,data/raw/paderborn/KA16/N09_M07_F10_KA16_19.mat,N09_M07_F10_KA16_19.mat,.mat,8714872,matlab,True,N09_M07_F10,N09,M07,F10,KA16,19,damaged,KA,bearing_code_prefix,N09_M07_F10_KA16_19:1x1:struct,
canonical_raw_root,data/raw/paderborn,data/raw/paderborn/KA16/N09_M07_F10_KA16_2.mat,N09_M07_F10_KA16_2.mat,.mat,8717816,matlab,True,N09_M07_F10,N09,M07,F10,KA16,2,damaged,KA,bearing_code_prefix,N09_M07_F10_KA16_2:1x1:struct,
canonical_raw_root,data/raw/paderborn,data/raw/paderborn/KA16/N09_M07_F10_KA16_20.mat,N09_M07_F10_KA16_20.mat,.mat,8715128,matlab,True,N09_M07_F10,N09,M07,F10,KA16,20,damaged,KA,bearing_code_prefix,N09_M07_F10_KA16_20:1x1:struct,
canonical_raw_root,data/raw/paderborn,data/raw/paderborn/KA16/N09_M07_F10_KA16_3.mat,N09_M07_F10_KA16_3.mat,.mat,8714872,matlab,True,N09_M07_F10,N09,M07,F10,KA16,3,damaged,KA,bearing_code_prefix,N09_M07_F10_KA16_3:1x1:struct,
canonical_raw_root,data/raw/paderborn,data/raw/paderborn/KA16/N09_M07_F10_KA16_4.mat,N09_M07_F10_KA16_4.mat,.mat,8715000,matlab,True,N09_M07_F10,N09,M07,F10,KA16,4,damaged,KA,bearing_code_prefix,N09_M07_F10_KA16_4:1x1:struct,
canonical_raw_root,data/raw/paderborn,data/raw/paderborn/KA16/N09_M07_F10_KA16_5.mat,N09_M07_F10_KA16_5.mat,.mat,8717752,matlab,True,N09_M07_F10,N09,M07,F10,KA16,5,damaged,KA,bearing_code_prefix,N09_M07_F10_KA16_5:1x1:struct,
canonical_raw_root,data/raw/paderborn,data/raw/paderborn/KA16/N09_M07_F10_KA16_6.mat,N09_M07_F10_KA16_6.mat,.mat,8714968,matlab,True,N09_M07_F10,N09,M07,F10,KA16,6,damaged,KA,bearing_code_prefix,N09_M07_F10_KA16_6:1x1:struct,
canonical_raw_root,data/raw/paderborn,data/raw/paderborn/KA16/N09_M07_F10_KA16_7.mat,N09_M07_F10_KA16_7.mat,.mat,8717800,matlab,True,N09_M07_F10,N09,M07,F10,KA16,7,damaged,KA,bearing_code_prefix,N09_M07_F10_KA16_7:1x1:struct,
canonical_raw_root,data/raw/paderborn,data/raw/paderborn/KA16/N09_M07_F10_KA16_8.mat,N09_M07_F10_KA16_8.mat,.mat,8714936,matlab,True,N09_M07_F10,N09,M07,F10,KA16,8,damaged,KA,bearing_code_prefix,N09_M07_F10_KA16_8:1x1:struct,
canonical_raw_root,data/raw/paderborn,data/raw/paderborn/KA16/N09_M07_F10_KA16_9.mat,N09_M07_F10_KA16_9.mat,.mat,8888344,matlab,True,N09_M07_F10,N09,M07,F10,KA16,9,damaged,KA,bearing_code_prefix,N09_M07_F10_KA16_9:1x1:struct,
canonical_raw_root,data/raw/paderborn,data/raw/paderborn/KA16/N15_M01_F10_KA16_1.mat,N15_M01_F10_KA16_1.mat,.mat,8717800,matlab,True,N15_M01_F10,N15,M01,F10,KA16,1,damaged,KA,bearing_code_prefix,N15_M01_F10_KA16_1:1x1:struct,
canonical_raw_root,data/raw/paderborn,data/raw/paderborn/KA16/N15_M01_F10_KA16_10.mat,N15_M01_F10_KA16_10.mat,.mat,8755416,matlab,True,N15_M01_F10,N15,M01,F10,KA16,10,damaged,KA,bearing_code_prefix,N15_M01_F10_KA16_10:1x1:struct,
canonical_raw_root,data/raw/paderborn,data/raw/paderborn/KA16/N15_M01_F10_KA16_11.mat,N15_M01_F10_KA16_11.mat,.mat,8714904,matlab,True,N15_M01_F10,N15,M01,F10,KA16,11,damaged,KA,bearing_code_prefix,N15_M01_F10_KA16_11:1x1:struct,
canonical_raw_root,data/raw/paderborn,data/raw/paderborn/KA16/N15_M01_F10_KA16_12.mat,N15_M01_F10_KA16_12.mat,.mat,8714904,matlab,True,N15_M01_F10,N15,M01,F10,KA16,12,damaged,KA,bearing_code_prefix,N15_M01_F10_KA16_12:1x1:struct,
canonical_raw_root,data/raw/paderborn,data/raw/paderborn/KA16/N15_M01_F10_KA16_13.mat,N15_M01_F10_KA16_13.mat,.mat,8714968,matlab,True,N15_M01_F10,N15,M01,F10,KA16,13,damaged,KA,bearing_code_prefix,N15_M01_F10_KA16_13:1x1:struct,
canonical_raw_root,data/raw/paderborn,data/raw/paderborn/KA16/N15_M01_F10_KA16_14.mat,N15_M01_F10_KA16_14.mat,.mat,8714904,matlab,True,N15_M01_F10,N15,M01,F10,KA16,14,damaged,KA,bearing_code_prefix,N15_M01_F10_KA16_14:1x1:struct,
canonical_raw_root,data/raw/paderborn,data/raw/paderborn/KA16/N15_M01_F10_KA16_15.mat,N15_M01_F10_KA16_15.mat,.mat,8765208,matlab,True,N15_M01_F10,N15,M01,F10,KA16,15,damaged,KA,bearing_code_prefix,N15_M01_F10_KA16_15:1x1:struct,
canonical_raw_root,data/raw/paderborn,data/raw/paderborn/KA16/N15_M01_F10_KA16_16.mat,N15_M01_F10_KA16_16.mat,.mat,8714872,matlab,True,N15_M01_F10,N15,M01,F10,KA16,16,damaged,KA,bearing_code_prefix,N15_M01_F10_KA16_16:1x1:struct,
canonical_raw_root,data/raw/paderborn,data/raw/paderborn/KA16/N15_M01_F10_KA16_17.mat,N15_M01_F10_KA16_17.mat,.mat,8714904,matlab,True,N15_M01_F10,N15,M01,F10,KA16,17,damaged,KA,bearing_code_prefix,N15_M01_F10_KA16_17:1x1:struct,
canonical_raw_root,data/raw/paderborn,data/raw/paderborn/KA16/N15_M01_F10_KA16_18.mat,N15_M01_F10_KA16_18.mat,.mat,8714872,matlab,True,N15_M01_F10,N15,M01,F10,KA16,18,damaged,KA,bearing_code_prefix,N15_M01_F10_KA16_18:1x1:struct,
canonical_raw_root,data/raw/paderborn,data/raw/paderborn/KA16/N15_M01_F10_KA16_19.mat,N15_M01_F10_KA16_19.mat,.mat,8714904,matlab,True,N15_M01_F10,N15,M01,F10,KA16,19,damaged,KA,bearing_code_prefix,N15_M01_F10_KA16_19:1x1:struct,
canonical_raw_root,data/raw/paderborn,data/raw/paderborn/KA16/N15_M01_F10_KA16_2.mat,N15_M01_F10_KA16_2.mat,.mat,8717848,matlab,True,N15_M01_F10,N15,M01,F10,KA16,2,damaged,KA,bearing_code_prefix,N15_M01_F10_KA16_2:1x1:struct,
canonical_raw_root,data/raw/paderborn,data/raw/paderborn/KA16/N15_M01_F10_KA16_20.mat,N15_M01_F10_KA16_20.mat,.mat,8717832,matlab,True,N15_M01_F10,N15,M01,F10,KA16,20,damaged,KA,bearing_code_prefix,N15_M01_F10_KA16_20:1x1:struct,
canonical_raw_root,data/raw/paderborn,data/raw/paderborn/KA16/N15_M01_F10_KA16_3.mat,N15_M01_F10_KA16_3.mat,.mat,8718056,matlab,True,N15_M01_F10,N15,M01,F10,KA16,3,damaged,KA,bearing_code_prefix,N15_M01_F10_KA16_3:1x1:struct,
canonical_raw_root,data/raw/paderborn,data/raw/paderborn/KA16/N15_M01_F10_KA16_4.mat,N15_M01_F10_KA16_4.mat,.mat,8717800,matlab,True,N15_M01_F10,N15,M01,F10,KA16,4,damaged,KA,bearing_code_prefix,N15_M01_F10_KA16_4:1x1:struct,
canonical_raw_root,data/raw/paderborn,data/raw/paderborn/KA16/N15_M01_F10_KA16_5.mat,N15_M01_F10_KA16_5.mat,.mat,9088120,matlab,True,N15_M01_F10,N15,M01,F10,KA16,5,damaged,KA,bearing_code_prefix,N15_M01_F10_KA16_5:1x1:struct,
canonical_raw_root,data/raw/paderborn,data/raw/paderborn/KA16/N15_M01_F10_KA16_6.mat,N15_M01_F10_KA16_6.mat,.mat,8717704,matlab,True,N15_M01_F10,N15,M01,F10,KA16,6,damaged,KA,bearing_code_prefix,N15_M01_F10_KA16_6:1x1:struct,
canonical_raw_root,data/raw/paderborn,data/raw/paderborn/KA16/N15_M01_F10_KA16_7.mat,N15_M01_F10_KA16_7.mat,.mat,8714904,matlab,True,N15_M01_F10,N15,M01,F10,KA16,7,damaged,KA,bearing_code_prefix,N15_M01_F10_KA16_7:1x1:struct,
canonical_raw_root,data/raw/paderborn,data/raw/paderborn/KA16/N15_M01_F10_KA16_8.mat,N15_M01_F10_KA16_8.mat,.mat,8717736,matlab,True,N15_M01_F10,N15,M01,F10,KA16,8,damaged,KA,bearing_code_prefix,N15_M01_F10_KA16_8:1x1:struct,
canonical_raw_root,data/raw/paderborn,data/raw/paderborn/KA16/N15_M01_F10_KA16_9.mat,N15_M01_F10_KA16_9.mat,.mat,8714872,matlab,True,N15_M01_F10,N15,M01,F10,KA16,9,damaged,KA,bearing_code_prefix,N15_M01_F10_KA16_9:1x1:struct,
canonical_raw_root,data/raw/paderborn,data/raw/paderborn/KA16/N15_M07_F04_KA16_1.mat,N15_M07_F04_KA16_1.mat,.mat,8714872,matlab,True,N15_M07_F04,N15,M07,F04,KA16,1,damaged,KA,bearing_code_prefix,N15_M07_F04_KA16_1:1x1:struct,
canonical_raw_root,data/raw/paderborn,data/raw/paderborn/KA16/N15_M07_F04_KA16_10.mat,N15_M07_F04_KA16_10.mat,.mat,8714872,matlab,True,N15_M07_F04,N15,M07,F04,KA16,10,damaged,KA,bearing_code_prefix,N15_M07_F04_KA16_10:1x1:struct,
canonical_raw_root,data/raw/paderborn,data/raw/paderborn/KA16/N15_M07_F04_KA16_11.mat,N15_M07_F04_KA16_11.mat,.mat,8714936,matlab,True,N15_M07_F04,N15,M07,F04,KA16,11,damaged,KA,bearing_code_prefix,N15_M07_F04_KA16_11:1x1:struct,
canonical_raw_root,data/raw/paderborn,data/raw/paderborn/KA16/N15_M07_F04_KA16_12.mat,N15_M07_F04_KA16_12.mat,.mat,8714936,matlab,True,N15_M07_F04,N15,M07,F04,KA16,12,damaged,KA,bearing_code_prefix,N15_M07_F04_KA16_12:1x1:struct,
canonical_raw_root,data/raw/paderborn,data/raw/paderborn/KA16/N15_M07_F04_KA16_13.mat,N15_M07_F04_KA16_13.mat,.mat,8714904,matlab,True,N15_M07_F04,N15,M07,F04,KA16,13,damaged,KA,bearing_code_prefix,N15_M07_F04_KA16_13:1x1:struct,
canonical_raw_root,data/raw/paderborn,data/raw/paderborn/KA16/N15_M07_F04_KA16_14.mat,N15_M07_F04_KA16_14.mat,.mat,8714904,matlab,True,N15_M07_F04,N15,M07,F04,KA16,14,damaged,KA,bearing_code_prefix,N15_M07_F04_KA16_14:1x1:struct,
canonical_raw_root,data/raw/paderborn,data/raw/paderborn/KA16/N15_M07_F04_KA16_15.mat,N15_M07_F04_KA16_15.mat,.mat,8714872,matlab,True,N15_M07_F04,N15,M07,F04,KA16,15,damaged,KA,bearing_code_prefix,N15_M07_F04_KA16_15:1x1:struct,
canonical_raw_root,data/raw/paderborn,data/raw/paderborn/KA16/N15_M07_F04_KA16_16.mat,N15_M07_F04_KA16_16.mat,.mat,8714904,matlab,True,N15_M07_F04,N15,M07,F04,KA16,16,damaged,KA,bearing_code_prefix,N15_M07_F04_KA16_16:1x1:struct,
canonical_raw_root,data/raw/paderborn,data/raw/paderborn/KA16/N15_M07_F04_KA16_17.mat,N15_M07_F04_KA16_17.mat,.mat,8714904,matlab,True,N15_M07_F04,N15,M07,F04,KA16,17,damaged,KA,bearing_code_prefix,N15_M07_F04_KA16_17:1x1:struct,
canonical_raw_root,data/raw/paderborn,data/raw/paderborn/KA16/N15_M07_F04_KA16_18.mat,N15_M07_F04_KA16_18.mat,.mat,8714904,matlab,True,N15_M07_F04,N15,M07,F04,KA16,18,damaged,KA,bearing_code_prefix,N15_M07_F04_KA16_18:1x1:struct,
canonical_raw_root,data/raw/paderborn,data/raw/paderborn/KA16/N15_M07_F04_KA16_19.mat,N15_M07_F04_KA16_19.mat,.mat,8715064,matlab,True,N15_M07_F04,N15,M07,F04,KA16,19,damaged,KA,bearing_code_prefix,N15_M07_F04_KA16_19:1x1:struct,
canonical_raw_root,data/raw/paderborn,data/raw/paderborn/KA16/N15_M07_F04_KA16_2.mat,N15_M07_F04_KA16_2.mat,.mat,8714872,matlab,True,N15_M07_F04,N15,M07,F04,KA16,2,damaged,KA,bearing_code_prefix,N15_M07_F04_KA16_2:1x1:struct,
canonical_raw_root,data/raw/paderborn,data/raw/paderborn/KA16/N15_M07_F04_KA16_20.mat,N15_M07_F04_KA16_20.mat,.mat,8714904,matlab,True,N15_M07_F04,N15,M07,F04,KA16,20,damaged,KA,bearing_code_prefix,N15_M07_F04_KA16_20:1x1:struct,
canonical_raw_root,data/raw/paderborn,data/raw/paderborn/KA16/N15_M07_F04_KA16_3.mat,N15_M07_F04_KA16_3.mat,.mat,8714904,matlab,True,N15_M07_F04,N15,M07,F04,KA16,3,damaged,KA,bearing_code_prefix,N15_M07_F04_KA16_3:1x1:struct,
canonical_raw_root,data/raw/paderborn,data/raw/paderborn/KA16/N15_M07_F04_KA16_4.mat,N15_M07_F04_KA16_4.mat,.mat,8729880,matlab,True,N15_M07_F04,N15,M07,F04,KA16,4,damaged,KA,bearing_code_prefix,N15_M07_F04_KA16_4:1x1:struct,
canonical_raw_root,data/raw/paderborn,data/raw/paderborn/KA16/N15_M07_F04_KA16_5.mat,N15_M07_F04_KA16_5.mat,.mat,8714968,matlab,True,N15_M07_F04,N15,M07,F04,KA16,5,damaged,KA,bearing_code_prefix,N15_M07_F04_KA16_5:1x1:struct,
canonical_raw_root,data/raw/paderborn,data/raw/paderborn/KA16/N15_M07_F04_KA16_6.mat,N15_M07_F04_KA16_6.mat,.mat,8714904,matlab,True,N15_M07_F04,N15,M07,F04,KA16,6,damaged,KA,bearing_code_prefix,N15_M07_F04_KA16_6:1x1:struct,
canonical_raw_root,data/raw/paderborn,data/raw/paderborn/KA16/N15_M07_F04_KA16_7.mat,N15_M07_F04_KA16_7.mat,.mat,8714904,matlab,True,N15_M07_F04,N15,M07,F04,KA16,7,damaged,KA,bearing_code_prefix,N15_M07_F04_KA16_7:1x1:struct,
canonical_raw_root,data/raw/paderborn,data/raw/paderborn/KA16/N15_M07_F04_KA16_8.mat,N15_M07_F04_KA16_8.mat,.mat,8714904,matlab,True,N15_M07_F04,N15,M07,F04,KA16,8,damaged,KA,bearing_code_prefix,N15_M07_F04_KA16_8:1x1:struct,
canonical_raw_root,data/raw/paderborn,data/raw/paderborn/KA16/N15_M07_F04_KA16_9.mat,N15_M07_F04_KA16_9.mat,.mat,8714904,matlab,True,N15_M07_F04,N15,M07,F04,KA16,9,damaged,KA,bearing_code_prefix,N15_M07_F04_KA16_9:1x1:struct,
canonical_raw_root,data/raw/paderborn,data/raw/paderborn/KA16/N15_M07_F10_KA16_1.mat,N15_M07_F10_KA16_1.mat,.mat,8714904,matlab,True,N15_M07_F10,N15,M07,F10,KA16,1,damaged,KA,bearing_code_prefix,N15_M07_F10_KA16_1:1x1:struct,
canonical_raw_root,data/raw/paderborn,data/raw/paderborn/KA16/N15_M07_F10_KA16_10.mat,N15_M07_F10_KA16_10.mat,.mat,8714968,matlab,True,N15_M07_F10,N15,M07,F10,KA16,10,damaged,KA,bearing_code_prefix,N15_M07_F10_KA16_10:1x1:struct,
canonical_raw_root,data/raw/paderborn,data/raw/paderborn/KA16/N15_M07_F10_KA16_11.mat,N15_M07_F10_KA16_11.mat,.mat,8717944,matlab,True,N15_M07_F10,N15,M07,F10,KA16,11,damaged,KA,bearing_code_prefix,N15_M07_F10_KA16_11:1x1:struct,
canonical_raw_root,data/raw/paderborn,data/raw/paderborn/KA16/N15_M07_F10_KA16_12.mat,N15_M07_F10_KA16_12.mat,.mat,8714904,matlab,True,N15_M07_F10,N15,M07,F10,KA16,12,damaged,KA,bearing_code_prefix,N15_M07_F10_KA16_12:1x1:struct,
canonical_raw_root,data/raw/paderborn,data/raw/paderborn/KA16/N15_M07_F10_KA16_13.mat,N15_M07_F10_KA16_13.mat,.mat,8717864,matlab,True,N15_M07_F10,N15,M07,F10,KA16,13,damaged,KA,bearing_code_prefix,N15_M07_F10_KA16_13:1x1:struct,
canonical_raw_root,data/raw/paderborn,data/raw/paderborn/KA16/N15_M07_F10_KA16_14.mat,N15_M07_F10_KA16_14.mat,.mat,8715064,matlab,True,N15_M07_F10,N15,M07,F10,KA16,14,damaged,KA,bearing_code_prefix,N15_M07_F10_KA16_14:1x1:struct,
canonical_raw_root,data/raw/paderborn,data/raw/paderborn/KA16/N15_M07_F10_KA16_15.mat,N15_M07_F10_KA16_15.mat,.mat,8714936,matlab,True,N15_M07_F10,N15,M07,F10,KA16,15,damaged,KA,bearing_code_prefix,N15_M07_F10_KA16_15:1x1:struct,
canonical_raw_root,data/raw/paderborn,data/raw/paderborn/KA16/N15_M07_F10_KA16_16.mat,N15_M07_F10_KA16_16.mat,.mat,8714840,matlab,True,N15_M07_F10,N15,M07,F10,KA16,16,damaged,KA,bearing_code_prefix,N15_M07_F10_KA16_16:1x1:struct,
canonical_raw_root,data/raw/paderborn,data/raw/paderborn/KA16/N15_M07_F10_KA16_17.mat,N15_M07_F10_KA16_17.mat,.mat,8714872,matlab,True,N15_M07_F10,N15,M07,F10,KA16,17,damaged,KA,bearing_code_prefix,N15_M07_F10_KA16_17:1x1:struct,
canonical_raw_root,data/raw/paderborn,data/raw/paderborn/KA16/N15_M07_F10_KA16_18.mat,N15_M07_F10_KA16_18.mat,.mat,8717704,matlab,True,N15_M07_F10,N15,M07,F10,KA16,18,damaged,KA,bearing_code_prefix,N15_M07_F10_KA16_18:1x1:struct,
canonical_raw_root,data/raw/paderborn,data/raw/paderborn/KA16/N15_M07_F10_KA16_19.mat,N15_M07_F10_KA16_19.mat,.mat,8714904,matlab,True,N15_M07_F10,N15,M07,F10,KA16,19,damaged,KA,bearing_code_prefix,N15_M07_F10_KA16_19:1x1:struct,
canonical_raw_root,data/raw/paderborn,data/raw/paderborn/KA16/N15_M07_F10_KA16_2.mat,N15_M07_F10_KA16_2.mat,.mat,8717960,matlab,True,N15_M07_F10,N15,M07,F10,KA16,2,damaged,KA,bearing_code_prefix,N15_M07_F10_KA16_2:1x1:struct,
canonical_raw_root,data/raw/paderborn,data/raw/paderborn/KA16/N15_M07_F10_KA16_20.mat,N15_M07_F10_KA16_20.mat,.mat,8740536,matlab,True,N15_M07_F10,N15,M07,F10,KA16,20,damaged,KA,bearing_code_prefix,N15_M07_F10_KA16_20:1x1:struct,
canonical_raw_root,data/raw/paderborn,data/raw/paderborn/KA16/N15_M07_F10_KA16_3.mat,N15_M07_F10_KA16_3.mat,.mat,8717864,matlab,True,N15_M07_F10,N15,M07,F10,KA16,3,damaged,KA,bearing_code_prefix,N15_M07_F10_KA16_3:1x1:struct,
canonical_raw_root,data/raw/paderborn,data/raw/paderborn/KA16/N15_M07_F10_KA16_4.mat,N15_M07_F10_KA16_4.mat,.mat,8717496,matlab,True,N15_M07_F10,N15,M07,F10,KA16,4,damaged,KA,bearing_code_prefix,N15_M07_F10_KA16_4:1x1:struct,
canonical_raw_root,data/raw/paderborn,data/raw/paderborn/KA16/N15_M07_F10_KA16_5.mat,N15_M07_F10_KA16_5.mat,.mat,8715000,matlab,True,N15_M07_F10,N15,M07,F10,KA16,5,damaged,KA,bearing_code_prefix,N15_M07_F10_KA16_5:1x1:struct,
canonical_raw_root,data/raw/paderborn,data/raw/paderborn/KA16/N15_M07_F10_KA16_6.mat,N15_M07_F10_KA16_6.mat,.mat,8844504,matlab,True,N15_M07_F10,N15,M07,F10,KA16,6,damaged,KA,bearing_code_prefix,N15_M07_F10_KA16_6:1x1:struct,
canonical_raw_root,data/raw/paderborn,data/raw/paderborn/KA16/N15_M07_F10_KA16_7.mat,N15_M07_F10_KA16_7.mat,.mat,8714872,matlab,True,N15_M07_F10,N15,M07,F10,KA16,7,damaged,KA,bearing_code_prefix,N15_M07_F10_KA16_7:1x1:struct,
canonical_raw_root,data/raw/paderborn,data/raw/paderborn/KA16/N15_M07_F10_KA16_8.mat,N15_M07_F10_KA16_8.mat,.mat,8714904,matlab,True,N15_M07_F10,N15,M07,F10,KA16,8,damaged,KA,bearing_code_prefix,N15_M07_F10_KA16_8:1x1:struct,
canonical_raw_root,data/raw/paderborn,data/raw/paderborn/KA16/N15_M07_F10_KA16_9.mat,N15_M07_F10_KA16_9.mat,.mat,8714936,matlab,True,N15_M07_F10,N15,M07,F10,KA16,9,damaged,KA,bearing_code_prefix,N15_M07_F10_KA16_9:1x1:struct,
canonical_raw_root,data/raw/paderborn,data/raw/paderborn/KA22/KA22.pdf,KA22.pdf,.pdf,56408,pdf,False,,,,,KA22,,damaged,KA,bearing_code_prefix,,No metadata inspector is implemented for this extension
canonical_raw_root,data/raw/paderborn,data/raw/paderborn/KA22/measuring_log_KA22.pdf,measuring_log_KA22.pdf,.pdf,139042,pdf,False,,,,,KA22,,damaged,KA,bearing_code_prefix,,No metadata inspector is implemented for this extension
canonical_raw_root,data/raw/paderborn,data/raw/paderborn/KA22/N09_M07_F10_KA22_1.mat,N09_M07_F10_KA22_1.mat,.mat,8714904,matlab,True,N09_M07_F10,N09,M07,F10,KA22,1,damaged,KA,bearing_code_prefix,N09_M07_F10_KA22_1:1x1:struct,
canonical_raw_root,data/raw/paderborn,data/raw/paderborn/KA22/N09_M07_F10_KA22_10.mat,N09_M07_F10_KA22_10.mat,.mat,8714840,matlab,True,N09_M07_F10,N09,M07,F10,KA22,10,damaged,KA,bearing_code_prefix,N09_M07_F10_KA22_10:1x1:struct,
canonical_raw_root,data/raw/paderborn,data/raw/paderborn/KA22/N09_M07_F10_KA22_11.mat,N09_M07_F10_KA22_11.mat,.mat,8714904,matlab,True,N09_M07_F10,N09,M07,F10,KA22,11,damaged,KA,bearing_code_prefix,N09_M07_F10_KA22_11:1x1:struct,
canonical_raw_root,data/raw/paderborn,data/raw/paderborn/KA22/N09_M07_F10_KA22_12.mat,N09_M07_F10_KA22_12.mat,.mat,8962424,matlab,True,N09_M07_F10,N09,M07,F10,KA22,12,damaged,KA,bearing_code_prefix,N09_M07_F10_KA22_12:1x1:struct,
canonical_raw_root,data/raw/paderborn,data/raw/paderborn/KA22/N09_M07_F10_KA22_13.mat,N09_M07_F10_KA22_13.mat,.mat,8955832,matlab,True,N09_M07_F10,N09,M07,F10,KA22,13,damaged,KA,bearing_code_prefix,N09_M07_F10_KA22_13:1x1:struct,
canonical_raw_root,data/raw/paderborn,data/raw/paderborn/KA22/N09_M07_F10_KA22_14.mat,N09_M07_F10_KA22_14.mat,.mat,8714904,matlab,True,N09_M07_F10,N09,M07,F10,KA22,14,damaged,KA,bearing_code_prefix,N09_M07_F10_KA22_14:1x1:struct,
canonical_raw_root,data/raw/paderborn,data/raw/paderborn/KA22/N09_M07_F10_KA22_15.mat,N09_M07_F10_KA22_15.mat,.mat,8714904,matlab,True,N09_M07_F10,N09,M07,F10,KA22,15,damaged,KA,bearing_code_prefix,N09_M07_F10_KA22_15:1x1:struct,
canonical_raw_root,data/raw/paderborn,data/raw/paderborn/KA22/N09_M07_F10_KA22_16.mat,N09_M07_F10_KA22_16.mat,.mat,8714904,matlab,True,N09_M07_F10,N09,M07,F10,KA22,16,damaged,KA,bearing_code_prefix,N09_M07_F10_KA22_16:1x1:struct,
canonical_raw_root,data/raw/paderborn,data/raw/paderborn/KA22/N09_M07_F10_KA22_17.mat,N09_M07_F10_KA22_17.mat,.mat,8718488,matlab,True,N09_M07_F10,N09,M07,F10,KA22,17,damaged,KA,bearing_code_prefix,N09_M07_F10_KA22_17:1x1:struct,
canonical_raw_root,data/raw/paderborn,data/raw/paderborn/KA22/N09_M07_F10_KA22_18.mat,N09_M07_F10_KA22_18.mat,.mat,9393336,matlab,True,N09_M07_F10,N09,M07,F10,KA22,18,damaged,KA,bearing_code_prefix,N09_M07_F10_KA22_18:1x1:struct,
canonical_raw_root,data/raw/paderborn,data/raw/paderborn/KA22/N09_M07_F10_KA22_19.mat,N09_M07_F10_KA22_19.mat,.mat,8714904,matlab,True,N09_M07_F10,N09,M07,F10,KA22,19,damaged,KA,bearing_code_prefix,N09_M07_F10_KA22_19:1x1:struct,
canonical_raw_root,data/raw/paderborn,data/raw/paderborn/KA22/N09_M07_F10_KA22_2.mat,N09_M07_F10_KA22_2.mat,.mat,8714904,matlab,True,N09_M07_F10,N09,M07,F10,KA22,2,damaged,KA,bearing_code_prefix,N09_M07_F10_KA22_2:1x1:struct,
canonical_raw_root,data/raw/paderborn,data/raw/paderborn/KA22/N09_M07_F10_KA22_20.mat,N09_M07_F10_KA22_20.mat,.mat,8714904,matlab,True,N09_M07_F10,N09,M07,F10,KA22,20,damaged,KA,bearing_code_prefix,N09_M07_F10_KA22_20:1x1:struct,
canonical_raw_root,data/raw/paderborn,data/raw/paderborn/KA22/N09_M07_F10_KA22_3.mat,N09_M07_F10_KA22_3.mat,.mat,8714968,matlab,True,N09_M07_F10,N09,M07,F10,KA22,3,damaged,KA,bearing_code_prefix,N09_M07_F10_KA22_3:1x1:struct,
canonical_raw_root,data/raw/paderborn,data/raw/paderborn/KA22/N09_M07_F10_KA22_4.mat,N09_M07_F10_KA22_4.mat,.mat,8714904,matlab,True,N09_M07_F10,N09,M07,F10,KA22,4,damaged,KA,bearing_code_prefix,N09_M07_F10_KA22_4:1x1:struct,
canonical_raw_root,data/raw/paderborn,data/raw/paderborn/KA22/N09_M07_F10_KA22_5.mat,N09_M07_F10_KA22_5.mat,.mat,8714872,matlab,True,N09_M07_F10,N09,M07,F10,KA22,5,damaged,KA,bearing_code_prefix,N09_M07_F10_KA22_5:1x1:struct,
canonical_raw_root,data/raw/paderborn,data/raw/paderborn/KA22/N09_M07_F10_KA22_6.mat,N09_M07_F10_KA22_6.mat,.mat,8714936,matlab,True,N09_M07_F10,N09,M07,F10,KA22,6,damaged,KA,bearing_code_prefix,N09_M07_F10_KA22_6:1x1:struct,
canonical_raw_root,data/raw/paderborn,data/raw/paderborn/KA22/N09_M07_F10_KA22_7.mat,N09_M07_F10_KA22_7.mat,.mat,8714904,matlab,True,N09_M07_F10,N09,M07,F10,KA22,7,damaged,KA,bearing_code_prefix,N09_M07_F10_KA22_7:1x1:struct,
canonical_raw_root,data/raw/paderborn,data/raw/paderborn/KA22/N09_M07_F10_KA22_8.mat,N09_M07_F10_KA22_8.mat,.mat,8714872,matlab,True,N09_M07_F10,N09,M07,F10,KA22,8,damaged,KA,bearing_code_prefix,N09_M07_F10_KA22_8:1x1:struct,
canonical_raw_root,data/raw/paderborn,data/raw/paderborn/KA22/N09_M07_F10_KA22_9.mat,N09_M07_F10_KA22_9.mat,.mat,8714904,matlab,True,N09_M07_F10,N09,M07,F10,KA22,9,damaged,KA,bearing_code_prefix,N09_M07_F10_KA22_9:1x1:struct,
canonical_raw_root,data/raw/paderborn,data/raw/paderborn/KA22/N15_M01_F10_KA22_1.mat,N15_M01_F10_KA22_1.mat,.mat,8714904,matlab,True,N15_M01_F10,N15,M01,F10,KA22,1,damaged,KA,bearing_code_prefix,N15_M01_F10_KA22_1:1x1:struct,
canonical_raw_root,data/raw/paderborn,data/raw/paderborn/KA22/N15_M01_F10_KA22_10.mat,N15_M01_F10_KA22_10.mat,.mat,8714968,matlab,True,N15_M01_F10,N15,M01,F10,KA22,10,damaged,KA,bearing_code_prefix,N15_M01_F10_KA22_10:1x1:struct,
canonical_raw_root,data/raw/paderborn,data/raw/paderborn/KA22/N15_M01_F10_KA22_11.mat,N15_M01_F10_KA22_11.mat,.mat,8714872,matlab,True,N15_M01_F10,N15,M01,F10,KA22,11,damaged,KA,bearing_code_prefix,N15_M01_F10_KA22_11:1x1:struct,
canonical_raw_root,data/raw/paderborn,data/raw/paderborn/KA22/N15_M01_F10_KA22_12.mat,N15_M01_F10_KA22_12.mat,.mat,8714968,matlab,True,N15_M01_F10,N15,M01,F10,KA22,12,damaged,KA,bearing_code_prefix,N15_M01_F10_KA22_12:1x1:struct,
canonical_raw_root,data/raw/paderborn,data/raw/paderborn/KA22/N15_M01_F10_KA22_13.mat,N15_M01_F10_KA22_13.mat,.mat,8714808,matlab,True,N15_M01_F10,N15,M01,F10,KA22,13,damaged,KA,bearing_code_prefix,N15_M01_F10_KA22_13:1x1:struct,
canonical_raw_root,data/raw/paderborn,data/raw/paderborn/KA22/N15_M01_F10_KA22_14.mat,N15_M01_F10_KA22_14.mat,.mat,8714904,matlab,True,N15_M01_F10,N15,M01,F10,KA22,14,damaged,KA,bearing_code_prefix,N15_M01_F10_KA22_14:1x1:struct,
canonical_raw_root,data/raw/paderborn,data/raw/paderborn/KA22/N15_M01_F10_KA22_15.mat,N15_M01_F10_KA22_15.mat,.mat,8714904,matlab,True,N15_M01_F10,N15,M01,F10,KA22,15,damaged,KA,bearing_code_prefix,N15_M01_F10_KA22_15:1x1:struct,
canonical_raw_root,data/raw/paderborn,data/raw/paderborn/KA22/N15_M01_F10_KA22_16.mat,N15_M01_F10_KA22_16.mat,.mat,8823800,matlab,True,N15_M01_F10,N15,M01,F10,KA22,16,damaged,KA,bearing_code_prefix,N15_M01_F10_KA22_16:1x1:struct,
canonical_raw_root,data/raw/paderborn,data/raw/paderborn/KA22/N15_M01_F10_KA22_17.mat,N15_M01_F10_KA22_17.mat,.mat,8714904,matlab,True,N15_M01_F10,N15,M01,F10,KA22,17,damaged,KA,bearing_code_prefix,N15_M01_F10_KA22_17:1x1:struct,
canonical_raw_root,data/raw/paderborn,data/raw/paderborn/KA22/N15_M01_F10_KA22_18.mat,N15_M01_F10_KA22_18.mat,.mat,8714872,matlab,True,N15_M01_F10,N15,M01,F10,KA22,18,damaged,KA,bearing_code_prefix,N15_M01_F10_KA22_18:1x1:struct,
canonical_raw_root,data/raw/paderborn,data/raw/paderborn/KA22/N15_M01_F10_KA22_19.mat,N15_M01_F10_KA22_19.mat,.mat,8715064,matlab,True,N15_M01_F10,N15,M01,F10,KA22,19,damaged,KA,bearing_code_prefix,N15_M01_F10_KA22_19:1x1:struct,
canonical_raw_root,data/raw/paderborn,data/raw/paderborn/KA22/N15_M01_F10_KA22_2.mat,N15_M01_F10_KA22_2.mat,.mat,8715000,matlab,True,N15_M01_F10,N15,M01,F10,KA22,2,damaged,KA,bearing_code_prefix,N15_M01_F10_KA22_2:1x1:struct,
canonical_raw_root,data/raw/paderborn,data/raw/paderborn/KA22/N15_M01_F10_KA22_20.mat,N15_M01_F10_KA22_20.mat,.mat,8714936,matlab,True,N15_M01_F10,N15,M01,F10,KA22,20,damaged,KA,bearing_code_prefix,N15_M01_F10_KA22_20:1x1:struct,
canonical_raw_root,data/raw/paderborn,data/raw/paderborn/KA22/N15_M01_F10_KA22_3.mat,N15_M01_F10_KA22_3.mat,.mat,8714904,matlab,True,N15_M01_F10,N15,M01,F10,KA22,3,damaged,KA,bearing_code_prefix,N15_M01_F10_KA22_3:1x1:struct,
canonical_raw_root,data/raw/paderborn,data/raw/paderborn/KA22/N15_M01_F10_KA22_4.mat,N15_M01_F10_KA22_4.mat,.mat,9398328,matlab,True,N15_M01_F10,N15,M01,F10,KA22,4,damaged,KA,bearing_code_prefix,N15_M01_F10_KA22_4:1x1:struct,
canonical_raw_root,data/raw/paderborn,data/raw/paderborn/KA22/N15_M01_F10_KA22_5.mat,N15_M01_F10_KA22_5.mat,.mat,8714936,matlab,True,N15_M01_F10,N15,M01,F10,KA22,5,damaged,KA,bearing_code_prefix,N15_M01_F10_KA22_5:1x1:struct,
canonical_raw_root,data/raw/paderborn,data/raw/paderborn/KA22/N15_M01_F10_KA22_6.mat,N15_M01_F10_KA22_6.mat,.mat,8714904,matlab,True,N15_M01_F10,N15,M01,F10,KA22,6,damaged,KA,bearing_code_prefix,N15_M01_F10_KA22_6:1x1:struct,
canonical_raw_root,data/raw/paderborn,data/raw/paderborn/KA22/N15_M01_F10_KA22_7.mat,N15_M01_F10_KA22_7.mat,.mat,8714904,matlab,True,N15_M01_F10,N15,M01,F10,KA22,7,damaged,KA,bearing_code_prefix,N15_M01_F10_KA22_7:1x1:struct,
canonical_raw_root,data/raw/paderborn,data/raw/paderborn/KA22/N15_M01_F10_KA22_8.mat,N15_M01_F10_KA22_8.mat,.mat,8714904,matlab,True,N15_M01_F10,N15,M01,F10,KA22,8,damaged,KA,bearing_code_prefix,N15_M01_F10_KA22_8:1x1:struct,
canonical_raw_root,data/raw/paderborn,data/raw/paderborn/KA22/N15_M01_F10_KA22_9.mat,N15_M01_F10_KA22_9.mat,.mat,8715000,matlab,True,N15_M01_F10,N15,M01,F10,KA22,9,damaged,KA,bearing_code_prefix,N15_M01_F10_KA22_9:1x1:struct,
canonical_raw_root,data/raw/paderborn,data/raw/paderborn/KA22/N15_M07_F04_KA22_1.mat,N15_M07_F04_KA22_1.mat,.mat,8714936,matlab,True,N15_M07_F04,N15,M07,F04,KA22,1,damaged,KA,bearing_code_prefix,N15_M07_F04_KA22_1:1x1:struct,
canonical_raw_root,data/raw/paderborn,data/raw/paderborn/KA22/N15_M07_F04_KA22_10.mat,N15_M07_F04_KA22_10.mat,.mat,8714808,matlab,True,N15_M07_F04,N15,M07,F04,KA22,10,damaged,KA,bearing_code_prefix,N15_M07_F04_KA22_10:1x1:struct,
canonical_raw_root,data/raw/paderborn,data/raw/paderborn/KA22/N15_M07_F04_KA22_11.mat,N15_M07_F04_KA22_11.mat,.mat,8714936,matlab,True,N15_M07_F04,N15,M07,F04,KA22,11,damaged,KA,bearing_code_prefix,N15_M07_F04_KA22_11:1x1:struct,
canonical_raw_root,data/raw/paderborn,data/raw/paderborn/KA22/N15_M07_F04_KA22_12.mat,N15_M07_F04_KA22_12.mat,.mat,8714904,matlab,True,N15_M07_F04,N15,M07,F04,KA22,12,damaged,KA,bearing_code_prefix,N15_M07_F04_KA22_12:1x1:struct,
canonical_raw_root,data/raw/paderborn,data/raw/paderborn/KA22/N15_M07_F04_KA22_13.mat,N15_M07_F04_KA22_13.mat,.mat,8714936,matlab,True,N15_M07_F04,N15,M07,F04,KA22,13,damaged,KA,bearing_code_prefix,N15_M07_F04_KA22_13:1x1:struct,
canonical_raw_root,data/raw/paderborn,data/raw/paderborn/KA22/N15_M07_F04_KA22_14.mat,N15_M07_F04_KA22_14.mat,.mat,8714840,matlab,True,N15_M07_F04,N15,M07,F04,KA22,14,damaged,KA,bearing_code_prefix,N15_M07_F04_KA22_14:1x1:struct,
canonical_raw_root,data/raw/paderborn,data/raw/paderborn/KA22/N15_M07_F04_KA22_15.mat,N15_M07_F04_KA22_15.mat,.mat,8714808,matlab,True,N15_M07_F04,N15,M07,F04,KA22,15,damaged,KA,bearing_code_prefix,N15_M07_F04_KA22_15:1x1:struct,
canonical_raw_root,data/raw/paderborn,data/raw/paderborn/KA22/N15_M07_F04_KA22_16.mat,N15_M07_F04_KA22_16.mat,.mat,8714904,matlab,True,N15_M07_F04,N15,M07,F04,KA22,16,damaged,KA,bearing_code_prefix,N15_M07_F04_KA22_16:1x1:struct,
canonical_raw_root,data/raw/paderborn,data/raw/paderborn/KA22/N15_M07_F04_KA22_17.mat,N15_M07_F04_KA22_17.mat,.mat,8714904,matlab,True,N15_M07_F04,N15,M07,F04,KA22,17,damaged,KA,bearing_code_prefix,N15_M07_F04_KA22_17:1x1:struct,
canonical_raw_root,data/raw/paderborn,data/raw/paderborn/KA22/N15_M07_F04_KA22_18.mat,N15_M07_F04_KA22_18.mat,.mat,8714904,matlab,True,N15_M07_F04,N15,M07,F04,KA22,18,damaged,KA,bearing_code_prefix,N15_M07_F04_KA22_18:1x1:struct,
canonical_raw_root,data/raw/paderborn,data/raw/paderborn/KA22/N15_M07_F04_KA22_19.mat,N15_M07_F04_KA22_19.mat,.mat,8714872,matlab,True,N15_M07_F04,N15,M07,F04,KA22,19,damaged,KA,bearing_code_prefix,N15_M07_F04_KA22_19:1x1:struct,
canonical_raw_root,data/raw/paderborn,data/raw/paderborn/KA22/N15_M07_F04_KA22_2.mat,N15_M07_F04_KA22_2.mat,.mat,8714904,matlab,True,N15_M07_F04,N15,M07,F04,KA22,2,damaged,KA,bearing_code_prefix,N15_M07_F04_KA22_2:1x1:struct,
canonical_raw_root,data/raw/paderborn,data/raw/paderborn/KA22/N15_M07_F04_KA22_20.mat,N15_M07_F04_KA22_20.mat,.mat,8714872,matlab,True,N15_M07_F04,N15,M07,F04,KA22,20,damaged,KA,bearing_code_prefix,N15_M07_F04_KA22_20:1x1:struct,
canonical_raw_root,data/raw/paderborn,data/raw/paderborn/KA22/N15_M07_F04_KA22_3.mat,N15_M07_F04_KA22_3.mat,.mat,8714872,matlab,True,N15_M07_F04,N15,M07,F04,KA22,3,damaged,KA,bearing_code_prefix,N15_M07_F04_KA22_3:1x1:struct,
canonical_raw_root,data/raw/paderborn,data/raw/paderborn/KA22/N15_M07_F04_KA22_4.mat,N15_M07_F04_KA22_4.mat,.mat,8714904,matlab,True,N15_M07_F04,N15,M07,F04,KA22,4,damaged,KA,bearing_code_prefix,N15_M07_F04_KA22_4:1x1:struct,
canonical_raw_root,data/raw/paderborn,data/raw/paderborn/KA22/N15_M07_F04_KA22_5.mat,N15_M07_F04_KA22_5.mat,.mat,8714904,matlab,True,N15_M07_F04,N15,M07,F04,KA22,5,damaged,KA,bearing_code_prefix,N15_M07_F04_KA22_5:1x1:struct,
canonical_raw_root,data/raw/paderborn,data/raw/paderborn/KA22/N15_M07_F04_KA22_6.mat,N15_M07_F04_KA22_6.mat,.mat,8714968,matlab,True,N15_M07_F04,N15,M07,F04,KA22,6,damaged,KA,bearing_code_prefix,N15_M07_F04_KA22_6:1x1:struct,
canonical_raw_root,data/raw/paderborn,data/raw/paderborn/KA22/N15_M07_F04_KA22_7.mat,N15_M07_F04_KA22_7.mat,.mat,8714904,matlab,True,N15_M07_F04,N15,M07,F04,KA22,7,damaged,KA,bearing_code_prefix,N15_M07_F04_KA22_7:1x1:struct,
canonical_raw_root,data/raw/paderborn,data/raw/paderborn/KA22/N15_M07_F04_KA22_8.mat,N15_M07_F04_KA22_8.mat,.mat,8714968,matlab,True,N15_M07_F04,N15,M07,F04,KA22,8,damaged,KA,bearing_code_prefix,N15_M07_F04_KA22_8:1x1:struct,
canonical_raw_root,data/raw/paderborn,data/raw/paderborn/KA22/N15_M07_F04_KA22_9.mat,N15_M07_F04_KA22_9.mat,.mat,8715000,matlab,True,N15_M07_F04,N15,M07,F04,KA22,9,damaged,KA,bearing_code_prefix,N15_M07_F04_KA22_9:1x1:struct,
canonical_raw_root,data/raw/paderborn,data/raw/paderborn/KA22/N15_M07_F10_KA22_1.mat,N15_M07_F10_KA22_1.mat,.mat,8714872,matlab,True,N15_M07_F10,N15,M07,F10,KA22,1,damaged,KA,bearing_code_prefix,N15_M07_F10_KA22_1:1x1:struct,
canonical_raw_root,data/raw/paderborn,data/raw/paderborn/KA22/N15_M07_F10_KA22_10.mat,N15_M07_F10_KA22_10.mat,.mat,8714904,matlab,True,N15_M07_F10,N15,M07,F10,KA22,10,damaged,KA,bearing_code_prefix,N15_M07_F10_KA22_10:1x1:struct,
canonical_raw_root,data/raw/paderborn,data/raw/paderborn/KA22/N15_M07_F10_KA22_11.mat,N15_M07_F10_KA22_11.mat,.mat,8714968,matlab,True,N15_M07_F10,N15,M07,F10,KA22,11,damaged,KA,bearing_code_prefix,N15_M07_F10_KA22_11:1x1:struct,
canonical_raw_root,data/raw/paderborn,data/raw/paderborn/KA22/N15_M07_F10_KA22_12.mat,N15_M07_F10_KA22_12.mat,.mat,8714904,matlab,True,N15_M07_F10,N15,M07,F10,KA22,12,damaged,KA,bearing_code_prefix,N15_M07_F10_KA22_12:1x1:struct,
canonical_raw_root,data/raw/paderborn,data/raw/paderborn/KA22/N15_M07_F10_KA22_13.mat,N15_M07_F10_KA22_13.mat,.mat,8714936,matlab,True,N15_M07_F10,N15,M07,F10,KA22,13,damaged,KA,bearing_code_prefix,N15_M07_F10_KA22_13:1x1:struct,
canonical_raw_root,data/raw/paderborn,data/raw/paderborn/KA22/N15_M07_F10_KA22_14.mat,N15_M07_F10_KA22_14.mat,.mat,8714968,matlab,True,N15_M07_F10,N15,M07,F10,KA22,14,damaged,KA,bearing_code_prefix,N15_M07_F10_KA22_14:1x1:struct,
canonical_raw_root,data/raw/paderborn,data/raw/paderborn/KA22/N15_M07_F10_KA22_15.mat,N15_M07_F10_KA22_15.mat,.mat,8714904,matlab,True,N15_M07_F10,N15,M07,F10,KA22,15,damaged,KA,bearing_code_prefix,N15_M07_F10_KA22_15:1x1:struct,
canonical_raw_root,data/raw/paderborn,data/raw/paderborn/KA22/N15_M07_F10_KA22_16.mat,N15_M07_F10_KA22_16.mat,.mat,8714904,matlab,True,N15_M07_F10,N15,M07,F10,KA22,16,damaged,KA,bearing_code_prefix,N15_M07_F10_KA22_16:1x1:struct,
canonical_raw_root,data/raw/paderborn,data/raw/paderborn/KA22/N15_M07_F10_KA22_17.mat,N15_M07_F10_KA22_17.mat,.mat,8714904,matlab,True,N15_M07_F10,N15,M07,F10,KA22,17,damaged,KA,bearing_code_prefix,N15_M07_F10_KA22_17:1x1:struct,
canonical_raw_root,data/raw/paderborn,data/raw/paderborn/KA22/N15_M07_F10_KA22_18.mat,N15_M07_F10_KA22_18.mat,.mat,9392184,matlab,True,N15_M07_F10,N15,M07,F10,KA22,18,damaged,KA,bearing_code_prefix,N15_M07_F10_KA22_18:1x1:struct,
canonical_raw_root,data/raw/paderborn,data/raw/paderborn/KA22/N15_M07_F10_KA22_19.mat,N15_M07_F10_KA22_19.mat,.mat,8714904,matlab,True,N15_M07_F10,N15,M07,F10,KA22,19,damaged,KA,bearing_code_prefix,N15_M07_F10_KA22_19:1x1:struct,
canonical_raw_root,data/raw/paderborn,data/raw/paderborn/KA22/N15_M07_F10_KA22_2.mat,N15_M07_F10_KA22_2.mat,.mat,8714872,matlab,True,N15_M07_F10,N15,M07,F10,KA22,2,damaged,KA,bearing_code_prefix,N15_M07_F10_KA22_2:1x1:struct,
canonical_raw_root,data/raw/paderborn,data/raw/paderborn/KA22/N15_M07_F10_KA22_20.mat,N15_M07_F10_KA22_20.mat,.mat,8714872,matlab,True,N15_M07_F10,N15,M07,F10,KA22,20,damaged,KA,bearing_code_prefix,N15_M07_F10_KA22_20:1x1:struct,
canonical_raw_root,data/raw/paderborn,data/raw/paderborn/KA22/N15_M07_F10_KA22_3.mat,N15_M07_F10_KA22_3.mat,.mat,8714872,matlab,True,N15_M07_F10,N15,M07,F10,KA22,3,damaged,KA,bearing_code_prefix,N15_M07_F10_KA22_3:1x1:struct,
canonical_raw_root,data/raw/paderborn,data/raw/paderborn/KA22/N15_M07_F10_KA22_4.mat,N15_M07_F10_KA22_4.mat,.mat,8714936,matlab,True,N15_M07_F10,N15,M07,F10,KA22,4,damaged,KA,bearing_code_prefix,N15_M07_F10_KA22_4:1x1:struct,
canonical_raw_root,data/raw/paderborn,data/raw/paderborn/KA22/N15_M07_F10_KA22_5.mat,N15_M07_F10_KA22_5.mat,.mat,8714936,matlab,True,N15_M07_F10,N15,M07,F10,KA22,5,damaged,KA,bearing_code_prefix,N15_M07_F10_KA22_5:1x1:struct,
canonical_raw_root,data/raw/paderborn,data/raw/paderborn/KA22/N15_M07_F10_KA22_6.mat,N15_M07_F10_KA22_6.mat,.mat,8714872,matlab,True,N15_M07_F10,N15,M07,F10,KA22,6,damaged,KA,bearing_code_prefix,N15_M07_F10_KA22_6:1x1:struct,
canonical_raw_root,data/raw/paderborn,data/raw/paderborn/KA22/N15_M07_F10_KA22_7.mat,N15_M07_F10_KA22_7.mat,.mat,8714904,matlab,True,N15_M07_F10,N15,M07,F10,KA22,7,damaged,KA,bearing_code_prefix,N15_M07_F10_KA22_7:1x1:struct,
canonical_raw_root,data/raw/paderborn,data/raw/paderborn/KA22/N15_M07_F10_KA22_8.mat,N15_M07_F10_KA22_8.mat,.mat,8714872,matlab,True,N15_M07_F10,N15,M07,F10,KA22,8,damaged,KA,bearing_code_prefix,N15_M07_F10_KA22_8:1x1:struct,
canonical_raw_root,data/raw/paderborn,data/raw/paderborn/KA22/N15_M07_F10_KA22_9.mat,N15_M07_F10_KA22_9.mat,.mat,8714872,matlab,True,N15_M07_F10,N15,M07,F10,KA22,9,damaged,KA,bearing_code_prefix,N15_M07_F10_KA22_9:1x1:struct,
canonical_raw_root,data/raw/paderborn,data/raw/paderborn/KA30/KA30.pdf,KA30.pdf,.pdf,56457,pdf,False,,,,,KA30,,damaged,KA,bearing_code_prefix,,No metadata inspector is implemented for this extension
canonical_raw_root,data/raw/paderborn,data/raw/paderborn/KA30/measuring_log_KA30.pdf,measuring_log_KA30.pdf,.pdf,138864,pdf,False,,,,,KA30,,damaged,KA,bearing_code_prefix,,No metadata inspector is implemented for this extension
canonical_raw_root,data/raw/paderborn,data/raw/paderborn/KA30/N09_M07_F10_KA30_1.mat,N09_M07_F10_KA30_1.mat,.mat,8717640,matlab,True,N09_M07_F10,N09,M07,F10,KA30,1,damaged,KA,bearing_code_prefix,N09_M07_F10_KA30_1:1x1:struct,
canonical_raw_root,data/raw/paderborn,data/raw/paderborn/KA30/N09_M07_F10_KA30_10.mat,N09_M07_F10_KA30_10.mat,.mat,8714904,matlab,True,N09_M07_F10,N09,M07,F10,KA30,10,damaged,KA,bearing_code_prefix,N09_M07_F10_KA30_10:1x1:struct,
canonical_raw_root,data/raw/paderborn,data/raw/paderborn/KA30/N09_M07_F10_KA30_11.mat,N09_M07_F10_KA30_11.mat,.mat,8714872,matlab,True,N09_M07_F10,N09,M07,F10,KA30,11,damaged,KA,bearing_code_prefix,N09_M07_F10_KA30_11:1x1:struct,
canonical_raw_root,data/raw/paderborn,data/raw/paderborn/KA30/N09_M07_F10_KA30_12.mat,N09_M07_F10_KA30_12.mat,.mat,8717832,matlab,True,N09_M07_F10,N09,M07,F10,KA30,12,damaged,KA,bearing_code_prefix,N09_M07_F10_KA30_12:1x1:struct,
canonical_raw_root,data/raw/paderborn,data/raw/paderborn/KA30/N09_M07_F10_KA30_13.mat,N09_M07_F10_KA30_13.mat,.mat,8715000,matlab,True,N09_M07_F10,N09,M07,F10,KA30,13,damaged,KA,bearing_code_prefix,N09_M07_F10_KA30_13:1x1:struct,
canonical_raw_root,data/raw/paderborn,data/raw/paderborn/KA30/N09_M07_F10_KA30_14.mat,N09_M07_F10_KA30_14.mat,.mat,8714904,matlab,True,N09_M07_F10,N09,M07,F10,KA30,14,damaged,KA,bearing_code_prefix,N09_M07_F10_KA30_14:1x1:struct,
canonical_raw_root,data/raw/paderborn,data/raw/paderborn/KA30/N09_M07_F10_KA30_15.mat,N09_M07_F10_KA30_15.mat,.mat,8714904,matlab,True,N09_M07_F10,N09,M07,F10,KA30,15,damaged,KA,bearing_code_prefix,N09_M07_F10_KA30_15:1x1:struct,
canonical_raw_root,data/raw/paderborn,data/raw/paderborn/KA30/N09_M07_F10_KA30_16.mat,N09_M07_F10_KA30_16.mat,.mat,8714936,matlab,True,N09_M07_F10,N09,M07,F10,KA30,16,damaged,KA,bearing_code_prefix,N09_M07_F10_KA30_16:1x1:struct,
canonical_raw_root,data/raw/paderborn,data/raw/paderborn/KA30/N09_M07_F10_KA30_17.mat,N09_M07_F10_KA30_17.mat,.mat,8714936,matlab,True,N09_M07_F10,N09,M07,F10,KA30,17,damaged,KA,bearing_code_prefix,N09_M07_F10_KA30_17:1x1:struct,
canonical_raw_root,data/raw/paderborn,data/raw/paderborn/KA30/N09_M07_F10_KA30_18.mat,N09_M07_F10_KA30_18.mat,.mat,8883352,matlab,True,N09_M07_F10,N09,M07,F10,KA30,18,damaged,KA,bearing_code_prefix,N09_M07_F10_KA30_18:1x1:struct,
canonical_raw_root,data/raw/paderborn,data/raw/paderborn/KA30/N09_M07_F10_KA30_19.mat,N09_M07_F10_KA30_19.mat,.mat,8714904,matlab,True,N09_M07_F10,N09,M07,F10,KA30,19,damaged,KA,bearing_code_prefix,N09_M07_F10_KA30_19:1x1:struct,
canonical_raw_root,data/raw/paderborn,data/raw/paderborn/KA30/N09_M07_F10_KA30_2.mat,N09_M07_F10_KA30_2.mat,.mat,8715032,matlab,True,N09_M07_F10,N09,M07,F10,KA30,2,damaged,KA,bearing_code_prefix,N09_M07_F10_KA30_2:1x1:struct,
canonical_raw_root,data/raw/paderborn,data/raw/paderborn/KA30/N09_M07_F10_KA30_20.mat,N09_M07_F10_KA30_20.mat,.mat,8717800,matlab,True,N09_M07_F10,N09,M07,F10,KA30,20,damaged,KA,bearing_code_prefix,N09_M07_F10_KA30_20:1x1:struct,
canonical_raw_root,data/raw/paderborn,data/raw/paderborn/KA30/N09_M07_F10_KA30_3.mat,N09_M07_F10_KA30_3.mat,.mat,8714936,matlab,True,N09_M07_F10,N09,M07,F10,KA30,3,damaged,KA,bearing_code_prefix,N09_M07_F10_KA30_3:1x1:struct,
canonical_raw_root,data/raw/paderborn,data/raw/paderborn/KA30/N09_M07_F10_KA30_4.mat,N09_M07_F10_KA30_4.mat,.mat,8714904,matlab,True,N09_M07_F10,N09,M07,F10,KA30,4,damaged,KA,bearing_code_prefix,N09_M07_F10_KA30_4:1x1:struct,
canonical_raw_root,data/raw/paderborn,data/raw/paderborn/KA30/N09_M07_F10_KA30_5.mat,N09_M07_F10_KA30_5.mat,.mat,8727256,matlab,True,N09_M07_F10,N09,M07,F10,KA30,5,damaged,KA,bearing_code_prefix,N09_M07_F10_KA30_5:1x1:struct,
canonical_raw_root,data/raw/paderborn,data/raw/paderborn/KA30/N09_M07_F10_KA30_6.mat,N09_M07_F10_KA30_6.mat,.mat,8714872,matlab,True,N09_M07_F10,N09,M07,F10,KA30,6,damaged,KA,bearing_code_prefix,N09_M07_F10_KA30_6:1x1:struct,
canonical_raw_root,data/raw/paderborn,data/raw/paderborn/KA30/N09_M07_F10_KA30_7.mat,N09_M07_F10_KA30_7.mat,.mat,8717656,matlab,True,N09_M07_F10,N09,M07,F10,KA30,7,damaged,KA,bearing_code_prefix,N09_M07_F10_KA30_7:1x1:struct,
canonical_raw_root,data/raw/paderborn,data/raw/paderborn/KA30/N09_M07_F10_KA30_8.mat,N09_M07_F10_KA30_8.mat,.mat,8714904,matlab,True,N09_M07_F10,N09,M07,F10,KA30,8,damaged,KA,bearing_code_prefix,N09_M07_F10_KA30_8:1x1:struct,
canonical_raw_root,data/raw/paderborn,data/raw/paderborn/KA30/N09_M07_F10_KA30_9.mat,N09_M07_F10_KA30_9.mat,.mat,8714872,matlab,True,N09_M07_F10,N09,M07,F10,KA30,9,damaged,KA,bearing_code_prefix,N09_M07_F10_KA30_9:1x1:struct,
canonical_raw_root,data/raw/paderborn,data/raw/paderborn/KA30/N15_M01_F10_KA30_1.mat,N15_M01_F10_KA30_1.mat,.mat,8714904,matlab,True,N15_M01_F10,N15,M01,F10,KA30,1,damaged,KA,bearing_code_prefix,N15_M01_F10_KA30_1:1x1:struct,
canonical_raw_root,data/raw/paderborn,data/raw/paderborn/KA30/N15_M01_F10_KA30_10.mat,N15_M01_F10_KA30_10.mat,.mat,9310200,matlab,True,N15_M01_F10,N15,M01,F10,KA30,10,damaged,KA,bearing_code_prefix,N15_M01_F10_KA30_10:1x1:struct,
canonical_raw_root,data/raw/paderborn,data/raw/paderborn/KA30/N15_M01_F10_KA30_11.mat,N15_M01_F10_KA30_11.mat,.mat,8714904,matlab,True,N15_M01_F10,N15,M01,F10,KA30,11,damaged,KA,bearing_code_prefix,N15_M01_F10_KA30_11:1x1:struct,
canonical_raw_root,data/raw/paderborn,data/raw/paderborn/KA30/N15_M01_F10_KA30_12.mat,N15_M01_F10_KA30_12.mat,.mat,8714872,matlab,True,N15_M01_F10,N15,M01,F10,KA30,12,damaged,KA,bearing_code_prefix,N15_M01_F10_KA30_12:1x1:struct,
canonical_raw_root,data/raw/paderborn,data/raw/paderborn/KA30/N15_M01_F10_KA30_13.mat,N15_M01_F10_KA30_13.mat,.mat,8714936,matlab,True,N15_M01_F10,N15,M01,F10,KA30,13,damaged,KA,bearing_code_prefix,N15_M01_F10_KA30_13:1x1:struct,
canonical_raw_root,data/raw/paderborn,data/raw/paderborn/KA30/N15_M01_F10_KA30_14.mat,N15_M01_F10_KA30_14.mat,.mat,8717560,matlab,True,N15_M01_F10,N15,M01,F10,KA30,14,damaged,KA,bearing_code_prefix,N15_M01_F10_KA30_14:1x1:struct,
canonical_raw_root,data/raw/paderborn,data/raw/paderborn/KA30/N15_M01_F10_KA30_15.mat,N15_M01_F10_KA30_15.mat,.mat,8717856,matlab,True,N15_M01_F10,N15,M01,F10,KA30,15,damaged,KA,bearing_code_prefix,N15_M01_F10_KA30_15:1x1:struct,
canonical_raw_root,data/raw/paderborn,data/raw/paderborn/KA30/N15_M01_F10_KA30_16.mat,N15_M01_F10_KA30_16.mat,.mat,8714904,matlab,True,N15_M01_F10,N15,M01,F10,KA30,16,damaged,KA,bearing_code_prefix,N15_M01_F10_KA30_16:1x1:struct,
canonical_raw_root,data/raw/paderborn,data/raw/paderborn/KA30/N15_M01_F10_KA30_17.mat,N15_M01_F10_KA30_17.mat,.mat,8714888,matlab,True,N15_M01_F10,N15,M01,F10,KA30,17,damaged,KA,bearing_code_prefix,N15_M01_F10_KA30_17:1x1:struct,
canonical_raw_root,data/raw/paderborn,data/raw/paderborn/KA30/N15_M01_F10_KA30_18.mat,N15_M01_F10_KA30_18.mat,.mat,8715160,matlab,True,N15_M01_F10,N15,M01,F10,KA30,18,damaged,KA,bearing_code_prefix,N15_M01_F10_KA30_18:1x1:struct,
canonical_raw_root,data/raw/paderborn,data/raw/paderborn/KA30/N15_M01_F10_KA30_19.mat,N15_M01_F10_KA30_19.mat,.mat,8717784,matlab,True,N15_M01_F10,N15,M01,F10,KA30,19,damaged,KA,bearing_code_prefix,N15_M01_F10_KA30_19:1x1:struct,
canonical_raw_root,data/raw/paderborn,data/raw/paderborn/KA30/N15_M01_F10_KA30_2.mat,N15_M01_F10_KA30_2.mat,.mat,8717560,matlab,True,N15_M01_F10,N15,M01,F10,KA30,2,damaged,KA,bearing_code_prefix,N15_M01_F10_KA30_2:1x1:struct,
canonical_raw_root,data/raw/paderborn,data/raw/paderborn/KA30/N15_M01_F10_KA30_20.mat,N15_M01_F10_KA30_20.mat,.mat,8714904,matlab,True,N15_M01_F10,N15,M01,F10,KA30,20,damaged,KA,bearing_code_prefix,N15_M01_F10_KA30_20:1x1:struct,
canonical_raw_root,data/raw/paderborn,data/raw/paderborn/KA30/N15_M01_F10_KA30_3.mat,N15_M01_F10_KA30_3.mat,.mat,8717736,matlab,True,N15_M01_F10,N15,M01,F10,KA30,3,damaged,KA,bearing_code_prefix,N15_M01_F10_KA30_3:1x1:struct,
canonical_raw_root,data/raw/paderborn,data/raw/paderborn/KA30/N15_M01_F10_KA30_4.mat,N15_M01_F10_KA30_4.mat,.mat,8714904,matlab,True,N15_M01_F10,N15,M01,F10,KA30,4,damaged,KA,bearing_code_prefix,N15_M01_F10_KA30_4:1x1:struct,
canonical_raw_root,data/raw/paderborn,data/raw/paderborn/KA30/N15_M01_F10_KA30_5.mat,N15_M01_F10_KA30_5.mat,.mat,8714872,matlab,True,N15_M01_F10,N15,M01,F10,KA30,5,damaged,KA,bearing_code_prefix,N15_M01_F10_KA30_5:1x1:struct,
canonical_raw_root,data/raw/paderborn,data/raw/paderborn/KA30/N15_M01_F10_KA30_6.mat,N15_M01_F10_KA30_6.mat,.mat,8730296,matlab,True,N15_M01_F10,N15,M01,F10,KA30,6,damaged,KA,bearing_code_prefix,N15_M01_F10_KA30_6:1x1:struct,
canonical_raw_root,data/raw/paderborn,data/raw/paderborn/KA30/N15_M01_F10_KA30_7.mat,N15_M01_F10_KA30_7.mat,.mat,8714936,matlab,True,N15_M01_F10,N15,M01,F10,KA30,7,damaged,KA,bearing_code_prefix,N15_M01_F10_KA30_7:1x1:struct,
canonical_raw_root,data/raw/paderborn,data/raw/paderborn/KA30/N15_M01_F10_KA30_8.mat,N15_M01_F10_KA30_8.mat,.mat,8714872,matlab,True,N15_M01_F10,N15,M01,F10,KA30,8,damaged,KA,bearing_code_prefix,N15_M01_F10_KA30_8:1x1:struct,
canonical_raw_root,data/raw/paderborn,data/raw/paderborn/KA30/N15_M01_F10_KA30_9.mat,N15_M01_F10_KA30_9.mat,.mat,8714904,matlab,True,N15_M01_F10,N15,M01,F10,KA30,9,damaged,KA,bearing_code_prefix,N15_M01_F10_KA30_9:1x1:struct,
canonical_raw_root,data/raw/paderborn,data/raw/paderborn/KA30/N15_M07_F04_KA30_1.mat,N15_M07_F04_KA30_1.mat,.mat,8714904,matlab,True,N15_M07_F04,N15,M07,F04,KA30,1,damaged,KA,bearing_code_prefix,N15_M07_F04_KA30_1:1x1:struct,
canonical_raw_root,data/raw/paderborn,data/raw/paderborn/KA30/N15_M07_F04_KA30_10.mat,N15_M07_F04_KA30_10.mat,.mat,8717224,matlab,True,N15_M07_F04,N15,M07,F04,KA30,10,damaged,KA,bearing_code_prefix,N15_M07_F04_KA30_10:1x1:struct,
canonical_raw_root,data/raw/paderborn,data/raw/paderborn/KA30/N15_M07_F04_KA30_11.mat,N15_M07_F04_KA30_11.mat,.mat,8717640,matlab,True,N15_M07_F04,N15,M07,F04,KA30,11,damaged,KA,bearing_code_prefix,N15_M07_F04_KA30_11:1x1:struct,
canonical_raw_root,data/raw/paderborn,data/raw/paderborn/KA30/N15_M07_F04_KA30_12.mat,N15_M07_F04_KA30_12.mat,.mat,8717408,matlab,True,N15_M07_F04,N15,M07,F04,KA30,12,damaged,KA,bearing_code_prefix,N15_M07_F04_KA30_12:1x1:struct,
canonical_raw_root,data/raw/paderborn,data/raw/paderborn/KA30/N15_M07_F04_KA30_13.mat,N15_M07_F04_KA30_13.mat,.mat,8718264,matlab,True,N15_M07_F04,N15,M07,F04,KA30,13,damaged,KA,bearing_code_prefix,N15_M07_F04_KA30_13:1x1:struct,
canonical_raw_root,data/raw/paderborn,data/raw/paderborn/KA30/N15_M07_F04_KA30_14.mat,N15_M07_F04_KA30_14.mat,.mat,8718360,matlab,True,N15_M07_F04,N15,M07,F04,KA30,14,damaged,KA,bearing_code_prefix,N15_M07_F04_KA30_14:1x1:struct,
canonical_raw_root,data/raw/paderborn,data/raw/paderborn/KA30/N15_M07_F04_KA30_15.mat,N15_M07_F04_KA30_15.mat,.mat,8714936,matlab,True,N15_M07_F04,N15,M07,F04,KA30,15,damaged,KA,bearing_code_prefix,N15_M07_F04_KA30_15:1x1:struct,
canonical_raw_root,data/raw/paderborn,data/raw/paderborn/KA30/N15_M07_F04_KA30_16.mat,N15_M07_F04_KA30_16.mat,.mat,8714968,matlab,True,N15_M07_F04,N15,M07,F04,KA30,16,damaged,KA,bearing_code_prefix,N15_M07_F04_KA30_16:1x1:struct,
canonical_raw_root,data/raw/paderborn,data/raw/paderborn/KA30/N15_M07_F04_KA30_17.mat,N15_M07_F04_KA30_17.mat,.mat,8714904,matlab,True,N15_M07_F04,N15,M07,F04,KA30,17,damaged,KA,bearing_code_prefix,N15_M07_F04_KA30_17:1x1:struct,
canonical_raw_root,data/raw/paderborn,data/raw/paderborn/KA30/N15_M07_F04_KA30_18.mat,N15_M07_F04_KA30_18.mat,.mat,8714936,matlab,True,N15_M07_F04,N15,M07,F04,KA30,18,damaged,KA,bearing_code_prefix,N15_M07_F04_KA30_18:1x1:struct,
canonical_raw_root,data/raw/paderborn,data/raw/paderborn/KA30/N15_M07_F04_KA30_19.mat,N15_M07_F04_KA30_19.mat,.mat,8714872,matlab,True,N15_M07_F04,N15,M07,F04,KA30,19,damaged,KA,bearing_code_prefix,N15_M07_F04_KA30_19:1x1:struct,
canonical_raw_root,data/raw/paderborn,data/raw/paderborn/KA30/N15_M07_F04_KA30_2.mat,N15_M07_F04_KA30_2.mat,.mat,8717752,matlab,True,N15_M07_F04,N15,M07,F04,KA30,2,damaged,KA,bearing_code_prefix,N15_M07_F04_KA30_2:1x1:struct,
canonical_raw_root,data/raw/paderborn,data/raw/paderborn/KA30/N15_M07_F04_KA30_20.mat,N15_M07_F04_KA30_20.mat,.mat,8714904,matlab,True,N15_M07_F04,N15,M07,F04,KA30,20,damaged,KA,bearing_code_prefix,N15_M07_F04_KA30_20:1x1:struct,
canonical_raw_root,data/raw/paderborn,data/raw/paderborn/KA30/N15_M07_F04_KA30_3.mat,N15_M07_F04_KA30_3.mat,.mat,8720792,matlab,True,N15_M07_F04,N15,M07,F04,KA30,3,damaged,KA,bearing_code_prefix,N15_M07_F04_KA30_3:1x1:struct,
canonical_raw_root,data/raw/paderborn,data/raw/paderborn/KA30/N15_M07_F04_KA30_4.mat,N15_M07_F04_KA30_4.mat,.mat,8717640,matlab,True,N15_M07_F04,N15,M07,F04,KA30,4,damaged,KA,bearing_code_prefix,N15_M07_F04_KA30_4:1x1:struct,
canonical_raw_root,data/raw/paderborn,data/raw/paderborn/KA30/N15_M07_F04_KA30_5.mat,N15_M07_F04_KA30_5.mat,.mat,8717704,matlab,True,N15_M07_F04,N15,M07,F04,KA30,5,damaged,KA,bearing_code_prefix,N15_M07_F04_KA30_5:1x1:struct,
canonical_raw_root,data/raw/paderborn,data/raw/paderborn/KA30/N15_M07_F04_KA30_6.mat,N15_M07_F04_KA30_6.mat,.mat,8717624,matlab,True,N15_M07_F04,N15,M07,F04,KA30,6,damaged,KA,bearing_code_prefix,N15_M07_F04_KA30_6:1x1:struct,
canonical_raw_root,data/raw/paderborn,data/raw/paderborn/KA30/N15_M07_F04_KA30_7.mat,N15_M07_F04_KA30_7.mat,.mat,8718040,matlab,True,N15_M07_F04,N15,M07,F04,KA30,7,damaged,KA,bearing_code_prefix,N15_M07_F04_KA30_7:1x1:struct,
canonical_raw_root,data/raw/paderborn,data/raw/paderborn/KA30/N15_M07_F04_KA30_8.mat,N15_M07_F04_KA30_8.mat,.mat,8715000,matlab,True,N15_M07_F04,N15,M07,F04,KA30,8,damaged,KA,bearing_code_prefix,N15_M07_F04_KA30_8:1x1:struct,
canonical_raw_root,data/raw/paderborn,data/raw/paderborn/KA30/N15_M07_F04_KA30_9.mat,N15_M07_F04_KA30_9.mat,.mat,8719424,matlab,True,N15_M07_F04,N15,M07,F04,KA30,9,damaged,KA,bearing_code_prefix,N15_M07_F04_KA30_9:1x1:struct,
canonical_raw_root,data/raw/paderborn,data/raw/paderborn/KA30/N15_M07_F10_KA30_1.mat,N15_M07_F10_KA30_1.mat,.mat,8715000,matlab,True,N15_M07_F10,N15,M07,F10,KA30,1,damaged,KA,bearing_code_prefix,N15_M07_F10_KA30_1:1x1:struct,
canonical_raw_root,data/raw/paderborn,data/raw/paderborn/KA30/N15_M07_F10_KA30_10.mat,N15_M07_F10_KA30_10.mat,.mat,8718264,matlab,True,N15_M07_F10,N15,M07,F10,KA30,10,damaged,KA,bearing_code_prefix,N15_M07_F10_KA30_10:1x1:struct,
canonical_raw_root,data/raw/paderborn,data/raw/paderborn/KA30/N15_M07_F10_KA30_11.mat,N15_M07_F10_KA30_11.mat,.mat,8714904,matlab,True,N15_M07_F10,N15,M07,F10,KA30,11,damaged,KA,bearing_code_prefix,N15_M07_F10_KA30_11:1x1:struct,
canonical_raw_root,data/raw/paderborn,data/raw/paderborn/KA30/N15_M07_F10_KA30_12.mat,N15_M07_F10_KA30_12.mat,.mat,8714968,matlab,True,N15_M07_F10,N15,M07,F10,KA30,12,damaged,KA,bearing_code_prefix,N15_M07_F10_KA30_12:1x1:struct,
canonical_raw_root,data/raw/paderborn,data/raw/paderborn/KA30/N15_M07_F10_KA30_13.mat,N15_M07_F10_KA30_13.mat,.mat,8714840,matlab,True,N15_M07_F10,N15,M07,F10,KA30,13,damaged,KA,bearing_code_prefix,N15_M07_F10_KA30_13:1x1:struct,
canonical_raw_root,data/raw/paderborn,data/raw/paderborn/KA30/N15_M07_F10_KA30_14.mat,N15_M07_F10_KA30_14.mat,.mat,8714904,matlab,True,N15_M07_F10,N15,M07,F10,KA30,14,damaged,KA,bearing_code_prefix,N15_M07_F10_KA30_14:1x1:struct,
canonical_raw_root,data/raw/paderborn,data/raw/paderborn/KA30/N15_M07_F10_KA30_15.mat,N15_M07_F10_KA30_15.mat,.mat,8714936,matlab,True,N15_M07_F10,N15,M07,F10,KA30,15,damaged,KA,bearing_code_prefix,N15_M07_F10_KA30_15:1x1:struct,
canonical_raw_root,data/raw/paderborn,data/raw/paderborn/KA30/N15_M07_F10_KA30_16.mat,N15_M07_F10_KA30_16.mat,.mat,8714904,matlab,True,N15_M07_F10,N15,M07,F10,KA30,16,damaged,KA,bearing_code_prefix,N15_M07_F10_KA30_16:1x1:struct,
canonical_raw_root,data/raw/paderborn,data/raw/paderborn/KA30/N15_M07_F10_KA30_17.mat,N15_M07_F10_KA30_17.mat,.mat,8715064,matlab,True,N15_M07_F10,N15,M07,F10,KA30,17,damaged,KA,bearing_code_prefix,N15_M07_F10_KA30_17:1x1:struct,
canonical_raw_root,data/raw/paderborn,data/raw/paderborn/KA30/N15_M07_F10_KA30_18.mat,N15_M07_F10_KA30_18.mat,.mat,8715000,matlab,True,N15_M07_F10,N15,M07,F10,KA30,18,damaged,KA,bearing_code_prefix,N15_M07_F10_KA30_18:1x1:struct,
canonical_raw_root,data/raw/paderborn,data/raw/paderborn/KA30/N15_M07_F10_KA30_19.mat,N15_M07_F10_KA30_19.mat,.mat,8714904,matlab,True,N15_M07_F10,N15,M07,F10,KA30,19,damaged,KA,bearing_code_prefix,N15_M07_F10_KA30_19:1x1:struct,
canonical_raw_root,data/raw/paderborn,data/raw/paderborn/KA30/N15_M07_F10_KA30_2.mat,N15_M07_F10_KA30_2.mat,.mat,8714904,matlab,True,N15_M07_F10,N15,M07,F10,KA30,2,damaged,KA,bearing_code_prefix,N15_M07_F10_KA30_2:1x1:struct,
canonical_raw_root,data/raw/paderborn,data/raw/paderborn/KA30/N15_M07_F10_KA30_20.mat,N15_M07_F10_KA30_20.mat,.mat,8717344,matlab,True,N15_M07_F10,N15,M07,F10,KA30,20,damaged,KA,bearing_code_prefix,N15_M07_F10_KA30_20:1x1:struct,
canonical_raw_root,data/raw/paderborn,data/raw/paderborn/KA30/N15_M07_F10_KA30_3.mat,N15_M07_F10_KA30_3.mat,.mat,8714904,matlab,True,N15_M07_F10,N15,M07,F10,KA30,3,damaged,KA,bearing_code_prefix,N15_M07_F10_KA30_3:1x1:struct,
canonical_raw_root,data/raw/paderborn,data/raw/paderborn/KA30/N15_M07_F10_KA30_4.mat,N15_M07_F10_KA30_4.mat,.mat,8718024,matlab,True,N15_M07_F10,N15,M07,F10,KA30,4,damaged,KA,bearing_code_prefix,N15_M07_F10_KA30_4:1x1:struct,
canonical_raw_root,data/raw/paderborn,data/raw/paderborn/KA30/N15_M07_F10_KA30_5.mat,N15_M07_F10_KA30_5.mat,.mat,8714936,matlab,True,N15_M07_F10,N15,M07,F10,KA30,5,damaged,KA,bearing_code_prefix,N15_M07_F10_KA30_5:1x1:struct,
canonical_raw_root,data/raw/paderborn,data/raw/paderborn/KA30/N15_M07_F10_KA30_6.mat,N15_M07_F10_KA30_6.mat,.mat,8715000,matlab,True,N15_M07_F10,N15,M07,F10,KA30,6,damaged,KA,bearing_code_prefix,N15_M07_F10_KA30_6:1x1:struct,
canonical_raw_root,data/raw/paderborn,data/raw/paderborn/KA30/N15_M07_F10_KA30_7.mat,N15_M07_F10_KA30_7.mat,.mat,8714904,matlab,True,N15_M07_F10,N15,M07,F10,KA30,7,damaged,KA,bearing_code_prefix,N15_M07_F10_KA30_7:1x1:struct,
canonical_raw_root,data/raw/paderborn,data/raw/paderborn/KA30/N15_M07_F10_KA30_8.mat,N15_M07_F10_KA30_8.mat,.mat,8714904,matlab,True,N15_M07_F10,N15,M07,F10,KA30,8,damaged,KA,bearing_code_prefix,N15_M07_F10_KA30_8:1x1:struct,
canonical_raw_root,data/raw/paderborn,data/raw/paderborn/KA30/N15_M07_F10_KA30_9.mat,N15_M07_F10_KA30_9.mat,.mat,8717704,matlab,True,N15_M07_F10,N15,M07,F10,KA30,9,damaged,KA,bearing_code_prefix,N15_M07_F10_KA30_9:1x1:struct,
canonical_raw_root,data/raw/paderborn,data/raw/paderborn/KB23/KB23.pdf,KB23.pdf,.pdf,56860,pdf,False,,,,,KB23,,damaged,KB,bearing_code_prefix,,No metadata inspector is implemented for this extension
canonical_raw_root,data/raw/paderborn,data/raw/paderborn/KB23/measuring_log_KB23.pdf,measuring_log_KB23.pdf,.pdf,138905,pdf,False,,,,,KB23,,damaged,KB,bearing_code_prefix,,No metadata inspector is implemented for this extension
canonical_raw_root,data/raw/paderborn,data/raw/paderborn/KB23/N09_M07_F10_KB23_1.mat,N09_M07_F10_KB23_1.mat,.mat,8714904,matlab,True,N09_M07_F10,N09,M07,F10,KB23,1,damaged,KB,bearing_code_prefix,N09_M07_F10_KB23_1:1x1:struct,
canonical_raw_root,data/raw/paderborn,data/raw/paderborn/KB23/N09_M07_F10_KB23_10.mat,N09_M07_F10_KB23_10.mat,.mat,8717896,matlab,True,N09_M07_F10,N09,M07,F10,KB23,10,damaged,KB,bearing_code_prefix,N09_M07_F10_KB23_10:1x1:struct,
canonical_raw_root,data/raw/paderborn,data/raw/paderborn/KB23/N09_M07_F10_KB23_11.mat,N09_M07_F10_KB23_11.mat,.mat,8714840,matlab,True,N09_M07_F10,N09,M07,F10,KB23,11,damaged,KB,bearing_code_prefix,N09_M07_F10_KB23_11:1x1:struct,
canonical_raw_root,data/raw/paderborn,data/raw/paderborn/KB23/N09_M07_F10_KB23_12.mat,N09_M07_F10_KB23_12.mat,.mat,8714904,matlab,True,N09_M07_F10,N09,M07,F10,KB23,12,damaged,KB,bearing_code_prefix,N09_M07_F10_KB23_12:1x1:struct,
canonical_raw_root,data/raw/paderborn,data/raw/paderborn/KB23/N09_M07_F10_KB23_13.mat,N09_M07_F10_KB23_13.mat,.mat,8718048,matlab,True,N09_M07_F10,N09,M07,F10,KB23,13,damaged,KB,bearing_code_prefix,N09_M07_F10_KB23_13:1x1:struct,
canonical_raw_root,data/raw/paderborn,data/raw/paderborn/KB23/N09_M07_F10_KB23_14.mat,N09_M07_F10_KB23_14.mat,.mat,8717624,matlab,True,N09_M07_F10,N09,M07,F10,KB23,14,damaged,KB,bearing_code_prefix,N09_M07_F10_KB23_14:1x1:struct,
canonical_raw_root,data/raw/paderborn,data/raw/paderborn/KB23/N09_M07_F10_KB23_15.mat,N09_M07_F10_KB23_15.mat,.mat,8714904,matlab,True,N09_M07_F10,N09,M07,F10,KB23,15,damaged,KB,bearing_code_prefix,N09_M07_F10_KB23_15:1x1:struct,
canonical_raw_root,data/raw/paderborn,data/raw/paderborn/KB23/N09_M07_F10_KB23_16.mat,N09_M07_F10_KB23_16.mat,.mat,8717992,matlab,True,N09_M07_F10,N09,M07,F10,KB23,16,damaged,KB,bearing_code_prefix,N09_M07_F10_KB23_16:1x1:struct,
canonical_raw_root,data/raw/paderborn,data/raw/paderborn/KB23/N09_M07_F10_KB23_17.mat,N09_M07_F10_KB23_17.mat,.mat,8714904,matlab,True,N09_M07_F10,N09,M07,F10,KB23,17,damaged,KB,bearing_code_prefix,N09_M07_F10_KB23_17:1x1:struct,
canonical_raw_root,data/raw/paderborn,data/raw/paderborn/KB23/N09_M07_F10_KB23_18.mat,N09_M07_F10_KB23_18.mat,.mat,8717304,matlab,True,N09_M07_F10,N09,M07,F10,KB23,18,damaged,KB,bearing_code_prefix,N09_M07_F10_KB23_18:1x1:struct,
canonical_raw_root,data/raw/paderborn,data/raw/paderborn/KB23/N09_M07_F10_KB23_19.mat,N09_M07_F10_KB23_19.mat,.mat,8714936,matlab,True,N09_M07_F10,N09,M07,F10,KB23,19,damaged,KB,bearing_code_prefix,N09_M07_F10_KB23_19:1x1:struct,
canonical_raw_root,data/raw/paderborn,data/raw/paderborn/KB23/N09_M07_F10_KB23_2.mat,N09_M07_F10_KB23_2.mat,.mat,8717784,matlab,True,N09_M07_F10,N09,M07,F10,KB23,2,damaged,KB,bearing_code_prefix,N09_M07_F10_KB23_2:1x1:struct,
canonical_raw_root,data/raw/paderborn,data/raw/paderborn/KB23/N09_M07_F10_KB23_20.mat,N09_M07_F10_KB23_20.mat,.mat,8714904,matlab,True,N09_M07_F10,N09,M07,F10,KB23,20,damaged,KB,bearing_code_prefix,N09_M07_F10_KB23_20:1x1:struct,
canonical_raw_root,data/raw/paderborn,data/raw/paderborn/KB23/N09_M07_F10_KB23_3.mat,N09_M07_F10_KB23_3.mat,.mat,8714840,matlab,True,N09_M07_F10,N09,M07,F10,KB23,3,damaged,KB,bearing_code_prefix,N09_M07_F10_KB23_3:1x1:struct,
canonical_raw_root,data/raw/paderborn,data/raw/paderborn/KB23/N09_M07_F10_KB23_4.mat,N09_M07_F10_KB23_4.mat,.mat,8714872,matlab,True,N09_M07_F10,N09,M07,F10,KB23,4,damaged,KB,bearing_code_prefix,N09_M07_F10_KB23_4:1x1:struct,
canonical_raw_root,data/raw/paderborn,data/raw/paderborn/KB23/N09_M07_F10_KB23_5.mat,N09_M07_F10_KB23_5.mat,.mat,8714872,matlab,True,N09_M07_F10,N09,M07,F10,KB23,5,damaged,KB,bearing_code_prefix,N09_M07_F10_KB23_5:1x1:struct,
canonical_raw_root,data/raw/paderborn,data/raw/paderborn/KB23/N09_M07_F10_KB23_6.mat,N09_M07_F10_KB23_6.mat,.mat,8717432,matlab,True,N09_M07_F10,N09,M07,F10,KB23,6,damaged,KB,bearing_code_prefix,N09_M07_F10_KB23_6:1x1:struct,
canonical_raw_root,data/raw/paderborn,data/raw/paderborn/KB23/N09_M07_F10_KB23_7.mat,N09_M07_F10_KB23_7.mat,.mat,8717832,matlab,True,N09_M07_F10,N09,M07,F10,KB23,7,damaged,KB,bearing_code_prefix,N09_M07_F10_KB23_7:1x1:struct,
canonical_raw_root,data/raw/paderborn,data/raw/paderborn/KB23/N09_M07_F10_KB23_8.mat,N09_M07_F10_KB23_8.mat,.mat,8717736,matlab,True,N09_M07_F10,N09,M07,F10,KB23,8,damaged,KB,bearing_code_prefix,N09_M07_F10_KB23_8:1x1:struct,
canonical_raw_root,data/raw/paderborn,data/raw/paderborn/KB23/N09_M07_F10_KB23_9.mat,N09_M07_F10_KB23_9.mat,.mat,8714904,matlab,True,N09_M07_F10,N09,M07,F10,KB23,9,damaged,KB,bearing_code_prefix,N09_M07_F10_KB23_9:1x1:struct,
canonical_raw_root,data/raw/paderborn,data/raw/paderborn/KB23/N15_M01_F10_KB23_1.mat,N15_M01_F10_KB23_1.mat,.mat,8714872,matlab,True,N15_M01_F10,N15,M01,F10,KB23,1,damaged,KB,bearing_code_prefix,N15_M01_F10_KB23_1:1x1:struct,
canonical_raw_root,data/raw/paderborn,data/raw/paderborn/KB23/N15_M01_F10_KB23_10.mat,N15_M01_F10_KB23_10.mat,.mat,8717592,matlab,True,N15_M01_F10,N15,M01,F10,KB23,10,damaged,KB,bearing_code_prefix,N15_M01_F10_KB23_10:1x1:struct,
canonical_raw_root,data/raw/paderborn,data/raw/paderborn/KB23/N15_M01_F10_KB23_11.mat,N15_M01_F10_KB23_11.mat,.mat,8717720,matlab,True,N15_M01_F10,N15,M01,F10,KB23,11,damaged,KB,bearing_code_prefix,N15_M01_F10_KB23_11:1x1:struct,
canonical_raw_root,data/raw/paderborn,data/raw/paderborn/KB23/N15_M01_F10_KB23_12.mat,N15_M01_F10_KB23_12.mat,.mat,8714904,matlab,True,N15_M01_F10,N15,M01,F10,KB23,12,damaged,KB,bearing_code_prefix,N15_M01_F10_KB23_12:1x1:struct,
canonical_raw_root,data/raw/paderborn,data/raw/paderborn/KB23/N15_M01_F10_KB23_13.mat,N15_M01_F10_KB23_13.mat,.mat,8915512,matlab,True,N15_M01_F10,N15,M01,F10,KB23,13,damaged,KB,bearing_code_prefix,N15_M01_F10_KB23_13:1x1:struct,
canonical_raw_root,data/raw/paderborn,data/raw/paderborn/KB23/N15_M01_F10_KB23_14.mat,N15_M01_F10_KB23_14.mat,.mat,8714872,matlab,True,N15_M01_F10,N15,M01,F10,KB23,14,damaged,KB,bearing_code_prefix,N15_M01_F10_KB23_14:1x1:struct,
canonical_raw_root,data/raw/paderborn,data/raw/paderborn/KB23/N15_M01_F10_KB23_15.mat,N15_M01_F10_KB23_15.mat,.mat,8714904,matlab,True,N15_M01_F10,N15,M01,F10,KB23,15,damaged,KB,bearing_code_prefix,N15_M01_F10_KB23_15:1x1:struct,
canonical_raw_root,data/raw/paderborn,data/raw/paderborn/KB23/N15_M01_F10_KB23_16.mat,N15_M01_F10_KB23_16.mat,.mat,8714904,matlab,True,N15_M01_F10,N15,M01,F10,KB23,16,damaged,KB,bearing_code_prefix,N15_M01_F10_KB23_16:1x1:struct,
canonical_raw_root,data/raw/paderborn,data/raw/paderborn/KB23/N15_M01_F10_KB23_17.mat,N15_M01_F10_KB23_17.mat,.mat,8714936,matlab,True,N15_M01_F10,N15,M01,F10,KB23,17,damaged,KB,bearing_code_prefix,N15_M01_F10_KB23_17:1x1:struct,
canonical_raw_root,data/raw/paderborn,data/raw/paderborn/KB23/N15_M01_F10_KB23_18.mat,N15_M01_F10_KB23_18.mat,.mat,8714904,matlab,True,N15_M01_F10,N15,M01,F10,KB23,18,damaged,KB,bearing_code_prefix,N15_M01_F10_KB23_18:1x1:struct,
canonical_raw_root,data/raw/paderborn,data/raw/paderborn/KB23/N15_M01_F10_KB23_19.mat,N15_M01_F10_KB23_19.mat,.mat,9562072,matlab,True,N15_M01_F10,N15,M01,F10,KB23,19,damaged,KB,bearing_code_prefix,N15_M01_F10_KB23_19:1x1:struct,
canonical_raw_root,data/raw/paderborn,data/raw/paderborn/KB23/N15_M01_F10_KB23_2.mat,N15_M01_F10_KB23_2.mat,.mat,8714936,matlab,True,N15_M01_F10,N15,M01,F10,KB23,2,damaged,KB,bearing_code_prefix,N15_M01_F10_KB23_2:1x1:struct,
canonical_raw_root,data/raw/paderborn,data/raw/paderborn/KB23/N15_M01_F10_KB23_20.mat,N15_M01_F10_KB23_20.mat,.mat,8714904,matlab,True,N15_M01_F10,N15,M01,F10,KB23,20,damaged,KB,bearing_code_prefix,N15_M01_F10_KB23_20:1x1:struct,
canonical_raw_root,data/raw/paderborn,data/raw/paderborn/KB23/N15_M01_F10_KB23_3.mat,N15_M01_F10_KB23_3.mat,.mat,8720056,matlab,True,N15_M01_F10,N15,M01,F10,KB23,3,damaged,KB,bearing_code_prefix,N15_M01_F10_KB23_3:1x1:struct,
canonical_raw_root,data/raw/paderborn,data/raw/paderborn/KB23/N15_M01_F10_KB23_4.mat,N15_M01_F10_KB23_4.mat,.mat,8714936,matlab,True,N15_M01_F10,N15,M01,F10,KB23,4,damaged,KB,bearing_code_prefix,N15_M01_F10_KB23_4:1x1:struct,
canonical_raw_root,data/raw/paderborn,data/raw/paderborn/KB23/N15_M01_F10_KB23_5.mat,N15_M01_F10_KB23_5.mat,.mat,8714840,matlab,True,N15_M01_F10,N15,M01,F10,KB23,5,damaged,KB,bearing_code_prefix,N15_M01_F10_KB23_5:1x1:struct,
canonical_raw_root,data/raw/paderborn,data/raw/paderborn/KB23/N15_M01_F10_KB23_6.mat,N15_M01_F10_KB23_6.mat,.mat,8714936,matlab,True,N15_M01_F10,N15,M01,F10,KB23,6,damaged,KB,bearing_code_prefix,N15_M01_F10_KB23_6:1x1:struct,
canonical_raw_root,data/raw/paderborn,data/raw/paderborn/KB23/N15_M01_F10_KB23_7.mat,N15_M01_F10_KB23_7.mat,.mat,8714872,matlab,True,N15_M01_F10,N15,M01,F10,KB23,7,damaged,KB,bearing_code_prefix,N15_M01_F10_KB23_7:1x1:struct,
canonical_raw_root,data/raw/paderborn,data/raw/paderborn/KB23/N15_M01_F10_KB23_8.mat,N15_M01_F10_KB23_8.mat,.mat,8729112,matlab,True,N15_M01_F10,N15,M01,F10,KB23,8,damaged,KB,bearing_code_prefix,N15_M01_F10_KB23_8:1x1:struct,
canonical_raw_root,data/raw/paderborn,data/raw/paderborn/KB23/N15_M01_F10_KB23_9.mat,N15_M01_F10_KB23_9.mat,.mat,8714872,matlab,True,N15_M01_F10,N15,M01,F10,KB23,9,damaged,KB,bearing_code_prefix,N15_M01_F10_KB23_9:1x1:struct,
canonical_raw_root,data/raw/paderborn,data/raw/paderborn/KB23/N15_M07_F04_KB23_1.mat,N15_M07_F04_KB23_1.mat,.mat,8717304,matlab,True,N15_M07_F04,N15,M07,F04,KB23,1,damaged,KB,bearing_code_prefix,N15_M07_F04_KB23_1:1x1:struct,
canonical_raw_root,data/raw/paderborn,data/raw/paderborn/KB23/N15_M07_F04_KB23_10.mat,N15_M07_F04_KB23_10.mat,.mat,8714904,matlab,True,N15_M07_F04,N15,M07,F04,KB23,10,damaged,KB,bearing_code_prefix,N15_M07_F04_KB23_10:1x1:struct,
canonical_raw_root,data/raw/paderborn,data/raw/paderborn/KB23/N15_M07_F04_KB23_11.mat,N15_M07_F04_KB23_11.mat,.mat,8714936,matlab,True,N15_M07_F04,N15,M07,F04,KB23,11,damaged,KB,bearing_code_prefix,N15_M07_F04_KB23_11:1x1:struct,
canonical_raw_root,data/raw/paderborn,data/raw/paderborn/KB23/N15_M07_F04_KB23_12.mat,N15_M07_F04_KB23_12.mat,.mat,8714904,matlab,True,N15_M07_F04,N15,M07,F04,KB23,12,damaged,KB,bearing_code_prefix,N15_M07_F04_KB23_12:1x1:struct,
canonical_raw_root,data/raw/paderborn,data/raw/paderborn/KB23/N15_M07_F04_KB23_13.mat,N15_M07_F04_KB23_13.mat,.mat,8715064,matlab,True,N15_M07_F04,N15,M07,F04,KB23,13,damaged,KB,bearing_code_prefix,N15_M07_F04_KB23_13:1x1:struct,
canonical_raw_root,data/raw/paderborn,data/raw/paderborn/KB23/N15_M07_F04_KB23_14.mat,N15_M07_F04_KB23_14.mat,.mat,8714936,matlab,True,N15_M07_F04,N15,M07,F04,KB23,14,damaged,KB,bearing_code_prefix,N15_M07_F04_KB23_14:1x1:struct,
canonical_raw_root,data/raw/paderborn,data/raw/paderborn/KB23/N15_M07_F04_KB23_15.mat,N15_M07_F04_KB23_15.mat,.mat,8714904,matlab,True,N15_M07_F04,N15,M07,F04,KB23,15,damaged,KB,bearing_code_prefix,N15_M07_F04_KB23_15:1x1:struct,
canonical_raw_root,data/raw/paderborn,data/raw/paderborn/KB23/N15_M07_F04_KB23_16.mat,N15_M07_F04_KB23_16.mat,.mat,8714904,matlab,True,N15_M07_F04,N15,M07,F04,KB23,16,damaged,KB,bearing_code_prefix,N15_M07_F04_KB23_16:1x1:struct,
canonical_raw_root,data/raw/paderborn,data/raw/paderborn/KB23/N15_M07_F04_KB23_17.mat,N15_M07_F04_KB23_17.mat,.mat,8714904,matlab,True,N15_M07_F04,N15,M07,F04,KB23,17,damaged,KB,bearing_code_prefix,N15_M07_F04_KB23_17:1x1:struct,
canonical_raw_root,data/raw/paderborn,data/raw/paderborn/KB23/N15_M07_F04_KB23_18.mat,N15_M07_F04_KB23_18.mat,.mat,8714904,matlab,True,N15_M07_F04,N15,M07,F04,KB23,18,damaged,KB,bearing_code_prefix,N15_M07_F04_KB23_18:1x1:struct,
canonical_raw_root,data/raw/paderborn,data/raw/paderborn/KB23/N15_M07_F04_KB23_19.mat,N15_M07_F04_KB23_19.mat,.mat,8714904,matlab,True,N15_M07_F04,N15,M07,F04,KB23,19,damaged,KB,bearing_code_prefix,N15_M07_F04_KB23_19:1x1:struct,
canonical_raw_root,data/raw/paderborn,data/raw/paderborn/KB23/N15_M07_F04_KB23_2.mat,N15_M07_F04_KB23_2.mat,.mat,8714904,matlab,True,N15_M07_F04,N15,M07,F04,KB23,2,damaged,KB,bearing_code_prefix,N15_M07_F04_KB23_2:1x1:struct,
canonical_raw_root,data/raw/paderborn,data/raw/paderborn/KB23/N15_M07_F04_KB23_20.mat,N15_M07_F04_KB23_20.mat,.mat,8714904,matlab,True,N15_M07_F04,N15,M07,F04,KB23,20,damaged,KB,bearing_code_prefix,N15_M07_F04_KB23_20:1x1:struct,
canonical_raw_root,data/raw/paderborn,data/raw/paderborn/KB23/N15_M07_F04_KB23_3.mat,N15_M07_F04_KB23_3.mat,.mat,9446680,matlab,True,N15_M07_F04,N15,M07,F04,KB23,3,damaged,KB,bearing_code_prefix,N15_M07_F04_KB23_3:1x1:struct,
canonical_raw_root,data/raw/paderborn,data/raw/paderborn/KB23/N15_M07_F04_KB23_4.mat,N15_M07_F04_KB23_4.mat,.mat,8714904,matlab,True,N15_M07_F04,N15,M07,F04,KB23,4,damaged,KB,bearing_code_prefix,N15_M07_F04_KB23_4:1x1:struct,
canonical_raw_root,data/raw/paderborn,data/raw/paderborn/KB23/N15_M07_F04_KB23_5.mat,N15_M07_F04_KB23_5.mat,.mat,8714904,matlab,True,N15_M07_F04,N15,M07,F04,KB23,5,damaged,KB,bearing_code_prefix,N15_M07_F04_KB23_5:1x1:struct,
canonical_raw_root,data/raw/paderborn,data/raw/paderborn/KB23/N15_M07_F04_KB23_6.mat,N15_M07_F04_KB23_6.mat,.mat,8714904,matlab,True,N15_M07_F04,N15,M07,F04,KB23,6,damaged,KB,bearing_code_prefix,N15_M07_F04_KB23_6:1x1:struct,
canonical_raw_root,data/raw/paderborn,data/raw/paderborn/KB23/N15_M07_F04_KB23_7.mat,N15_M07_F04_KB23_7.mat,.mat,8714904,matlab,True,N15_M07_F04,N15,M07,F04,KB23,7,damaged,KB,bearing_code_prefix,N15_M07_F04_KB23_7:1x1:struct,
canonical_raw_root,data/raw/paderborn,data/raw/paderborn/KB23/N15_M07_F04_KB23_8.mat,N15_M07_F04_KB23_8.mat,.mat,8714776,matlab,True,N15_M07_F04,N15,M07,F04,KB23,8,damaged,KB,bearing_code_prefix,N15_M07_F04_KB23_8:1x1:struct,
canonical_raw_root,data/raw/paderborn,data/raw/paderborn/KB23/N15_M07_F04_KB23_9.mat,N15_M07_F04_KB23_9.mat,.mat,8714968,matlab,True,N15_M07_F04,N15,M07,F04,KB23,9,damaged,KB,bearing_code_prefix,N15_M07_F04_KB23_9:1x1:struct,
canonical_raw_root,data/raw/paderborn,data/raw/paderborn/KB23/N15_M07_F10_KB23_1.mat,N15_M07_F10_KB23_1.mat,.mat,8714904,matlab,True,N15_M07_F10,N15,M07,F10,KB23,1,damaged,KB,bearing_code_prefix,N15_M07_F10_KB23_1:1x1:struct,
canonical_raw_root,data/raw/paderborn,data/raw/paderborn/KB23/N15_M07_F10_KB23_10.mat,N15_M07_F10_KB23_10.mat,.mat,8714904,matlab,True,N15_M07_F10,N15,M07,F10,KB23,10,damaged,KB,bearing_code_prefix,N15_M07_F10_KB23_10:1x1:struct,
canonical_raw_root,data/raw/paderborn,data/raw/paderborn/KB23/N15_M07_F10_KB23_11.mat,N15_M07_F10_KB23_11.mat,.mat,8717768,matlab,True,N15_M07_F10,N15,M07,F10,KB23,11,damaged,KB,bearing_code_prefix,N15_M07_F10_KB23_11:1x1:struct,
canonical_raw_root,data/raw/paderborn,data/raw/paderborn/KB23/N15_M07_F10_KB23_12.mat,N15_M07_F10_KB23_12.mat,.mat,8714904,matlab,True,N15_M07_F10,N15,M07,F10,KB23,12,damaged,KB,bearing_code_prefix,N15_M07_F10_KB23_12:1x1:struct,
canonical_raw_root,data/raw/paderborn,data/raw/paderborn/KB23/N15_M07_F10_KB23_13.mat,N15_M07_F10_KB23_13.mat,.mat,8717624,matlab,True,N15_M07_F10,N15,M07,F10,KB23,13,damaged,KB,bearing_code_prefix,N15_M07_F10_KB23_13:1x1:struct,
canonical_raw_root,data/raw/paderborn,data/raw/paderborn/KB23/N15_M07_F10_KB23_14.mat,N15_M07_F10_KB23_14.mat,.mat,8717848,matlab,True,N15_M07_F10,N15,M07,F10,KB23,14,damaged,KB,bearing_code_prefix,N15_M07_F10_KB23_14:1x1:struct,
canonical_raw_root,data/raw/paderborn,data/raw/paderborn/KB23/N15_M07_F10_KB23_15.mat,N15_M07_F10_KB23_15.mat,.mat,8714904,matlab,True,N15_M07_F10,N15,M07,F10,KB23,15,damaged,KB,bearing_code_prefix,N15_M07_F10_KB23_15:1x1:struct,
canonical_raw_root,data/raw/paderborn,data/raw/paderborn/KB23/N15_M07_F10_KB23_16.mat,N15_M07_F10_KB23_16.mat,.mat,8714936,matlab,True,N15_M07_F10,N15,M07,F10,KB23,16,damaged,KB,bearing_code_prefix,N15_M07_F10_KB23_16:1x1:struct,
canonical_raw_root,data/raw/paderborn,data/raw/paderborn/KB23/N15_M07_F10_KB23_17.mat,N15_M07_F10_KB23_17.mat,.mat,8714904,matlab,True,N15_M07_F10,N15,M07,F10,KB23,17,damaged,KB,bearing_code_prefix,N15_M07_F10_KB23_17:1x1:struct,
canonical_raw_root,data/raw/paderborn,data/raw/paderborn/KB23/N15_M07_F10_KB23_18.mat,N15_M07_F10_KB23_18.mat,.mat,8717800,matlab,True,N15_M07_F10,N15,M07,F10,KB23,18,damaged,KB,bearing_code_prefix,N15_M07_F10_KB23_18:1x1:struct,
canonical_raw_root,data/raw/paderborn,data/raw/paderborn/KB23/N15_M07_F10_KB23_19.mat,N15_M07_F10_KB23_19.mat,.mat,8714904,matlab,True,N15_M07_F10,N15,M07,F10,KB23,19,damaged,KB,bearing_code_prefix,N15_M07_F10_KB23_19:1x1:struct,
canonical_raw_root,data/raw/paderborn,data/raw/paderborn/KB23/N15_M07_F10_KB23_2.mat,N15_M07_F10_KB23_2.mat,.mat,8714808,matlab,True,N15_M07_F10,N15,M07,F10,KB23,2,damaged,KB,bearing_code_prefix,N15_M07_F10_KB23_2:1x1:struct,
canonical_raw_root,data/raw/paderborn,data/raw/paderborn/KB23/N15_M07_F10_KB23_20.mat,N15_M07_F10_KB23_20.mat,.mat,8717880,matlab,True,N15_M07_F10,N15,M07,F10,KB23,20,damaged,KB,bearing_code_prefix,N15_M07_F10_KB23_20:1x1:struct,
canonical_raw_root,data/raw/paderborn,data/raw/paderborn/KB23/N15_M07_F10_KB23_3.mat,N15_M07_F10_KB23_3.mat,.mat,8717696,matlab,True,N15_M07_F10,N15,M07,F10,KB23,3,damaged,KB,bearing_code_prefix,N15_M07_F10_KB23_3:1x1:struct,
canonical_raw_root,data/raw/paderborn,data/raw/paderborn/KB23/N15_M07_F10_KB23_4.mat,N15_M07_F10_KB23_4.mat,.mat,8714872,matlab,True,N15_M07_F10,N15,M07,F10,KB23,4,damaged,KB,bearing_code_prefix,N15_M07_F10_KB23_4:1x1:struct,
canonical_raw_root,data/raw/paderborn,data/raw/paderborn/KB23/N15_M07_F10_KB23_5.mat,N15_M07_F10_KB23_5.mat,.mat,8714968,matlab,True,N15_M07_F10,N15,M07,F10,KB23,5,damaged,KB,bearing_code_prefix,N15_M07_F10_KB23_5:1x1:struct,
canonical_raw_root,data/raw/paderborn,data/raw/paderborn/KB23/N15_M07_F10_KB23_6.mat,N15_M07_F10_KB23_6.mat,.mat,8714904,matlab,True,N15_M07_F10,N15,M07,F10,KB23,6,damaged,KB,bearing_code_prefix,N15_M07_F10_KB23_6:1x1:struct,
canonical_raw_root,data/raw/paderborn,data/raw/paderborn/KB23/N15_M07_F10_KB23_7.mat,N15_M07_F10_KB23_7.mat,.mat,8714904,matlab,True,N15_M07_F10,N15,M07,F10,KB23,7,damaged,KB,bearing_code_prefix,N15_M07_F10_KB23_7:1x1:struct,
canonical_raw_root,data/raw/paderborn,data/raw/paderborn/KB23/N15_M07_F10_KB23_8.mat,N15_M07_F10_KB23_8.mat,.mat,8717864,matlab,True,N15_M07_F10,N15,M07,F10,KB23,8,damaged,KB,bearing_code_prefix,N15_M07_F10_KB23_8:1x1:struct,
canonical_raw_root,data/raw/paderborn,data/raw/paderborn/KB23/N15_M07_F10_KB23_9.mat,N15_M07_F10_KB23_9.mat,.mat,8744824,matlab,True,N15_M07_F10,N15,M07,F10,KB23,9,damaged,KB,bearing_code_prefix,N15_M07_F10_KB23_9:1x1:struct,
canonical_raw_root,data/raw/paderborn,data/raw/paderborn/KB24/KB24.pdf,KB24.pdf,.pdf,56852,pdf,False,,,,,KB24,,damaged,KB,bearing_code_prefix,,No metadata inspector is implemented for this extension
canonical_raw_root,data/raw/paderborn,data/raw/paderborn/KB24/measuring_log_KB24.pdf,measuring_log_KB24.pdf,.pdf,139041,pdf,False,,,,,KB24,,damaged,KB,bearing_code_prefix,,No metadata inspector is implemented for this extension
canonical_raw_root,data/raw/paderborn,data/raw/paderborn/KB24/N09_M07_F10_KB24_1.mat,N09_M07_F10_KB24_1.mat,.mat,8965400,matlab,True,N09_M07_F10,N09,M07,F10,KB24,1,damaged,KB,bearing_code_prefix,N09_M07_F10_KB24_1:1x1:struct,
canonical_raw_root,data/raw/paderborn,data/raw/paderborn/KB24/N09_M07_F10_KB24_10.mat,N09_M07_F10_KB24_10.mat,.mat,8717496,matlab,True,N09_M07_F10,N09,M07,F10,KB24,10,damaged,KB,bearing_code_prefix,N09_M07_F10_KB24_10:1x1:struct,
canonical_raw_root,data/raw/paderborn,data/raw/paderborn/KB24/N09_M07_F10_KB24_11.mat,N09_M07_F10_KB24_11.mat,.mat,8761400,matlab,True,N09_M07_F10,N09,M07,F10,KB24,11,damaged,KB,bearing_code_prefix,N09_M07_F10_KB24_11:1x1:struct,
canonical_raw_root,data/raw/paderborn,data/raw/paderborn/KB24/N09_M07_F10_KB24_12.mat,N09_M07_F10_KB24_12.mat,.mat,8714904,matlab,True,N09_M07_F10,N09,M07,F10,KB24,12,damaged,KB,bearing_code_prefix,N09_M07_F10_KB24_12:1x1:struct,
canonical_raw_root,data/raw/paderborn,data/raw/paderborn/KB24/N09_M07_F10_KB24_13.mat,N09_M07_F10_KB24_13.mat,.mat,8717784,matlab,True,N09_M07_F10,N09,M07,F10,KB24,13,damaged,KB,bearing_code_prefix,N09_M07_F10_KB24_13:1x1:struct,
canonical_raw_root,data/raw/paderborn,data/raw/paderborn/KB24/N09_M07_F10_KB24_14.mat,N09_M07_F10_KB24_14.mat,.mat,8714968,matlab,True,N09_M07_F10,N09,M07,F10,KB24,14,damaged,KB,bearing_code_prefix,N09_M07_F10_KB24_14:1x1:struct,
canonical_raw_root,data/raw/paderborn,data/raw/paderborn/KB24/N09_M07_F10_KB24_15.mat,N09_M07_F10_KB24_15.mat,.mat,8745888,matlab,True,N09_M07_F10,N09,M07,F10,KB24,15,damaged,KB,bearing_code_prefix,N09_M07_F10_KB24_15:1x1:struct,
canonical_raw_root,data/raw/paderborn,data/raw/paderborn/KB24/N09_M07_F10_KB24_16.mat,N09_M07_F10_KB24_16.mat,.mat,8717376,matlab,True,N09_M07_F10,N09,M07,F10,KB24,16,damaged,KB,bearing_code_prefix,N09_M07_F10_KB24_16:1x1:struct,
canonical_raw_root,data/raw/paderborn,data/raw/paderborn/KB24/N09_M07_F10_KB24_17.mat,N09_M07_F10_KB24_17.mat,.mat,8718360,matlab,True,N09_M07_F10,N09,M07,F10,KB24,17,damaged,KB,bearing_code_prefix,N09_M07_F10_KB24_17:1x1:struct,
canonical_raw_root,data/raw/paderborn,data/raw/paderborn/KB24/N09_M07_F10_KB24_18.mat,N09_M07_F10_KB24_18.mat,.mat,8730008,matlab,True,N09_M07_F10,N09,M07,F10,KB24,18,damaged,KB,bearing_code_prefix,N09_M07_F10_KB24_18:1x1:struct,
canonical_raw_root,data/raw/paderborn,data/raw/paderborn/KB24/N09_M07_F10_KB24_19.mat,N09_M07_F10_KB24_19.mat,.mat,8730624,matlab,True,N09_M07_F10,N09,M07,F10,KB24,19,damaged,KB,bearing_code_prefix,N09_M07_F10_KB24_19:1x1:struct,
canonical_raw_root,data/raw/paderborn,data/raw/paderborn/KB24/N09_M07_F10_KB24_2.mat,N09_M07_F10_KB24_2.mat,.mat,8729816,matlab,True,N09_M07_F10,N09,M07,F10,KB24,2,damaged,KB,bearing_code_prefix,N09_M07_F10_KB24_2:1x1:struct,
canonical_raw_root,data/raw/paderborn,data/raw/paderborn/KB24/N09_M07_F10_KB24_20.mat,N09_M07_F10_KB24_20.mat,.mat,8714904,matlab,True,N09_M07_F10,N09,M07,F10,KB24,20,damaged,KB,bearing_code_prefix,N09_M07_F10_KB24_20:1x1:struct,
canonical_raw_root,data/raw/paderborn,data/raw/paderborn/KB24/N09_M07_F10_KB24_3.mat,N09_M07_F10_KB24_3.mat,.mat,8732376,matlab,True,N09_M07_F10,N09,M07,F10,KB24,3,damaged,KB,bearing_code_prefix,N09_M07_F10_KB24_3:1x1:struct,
canonical_raw_root,data/raw/paderborn,data/raw/paderborn/KB24/N09_M07_F10_KB24_4.mat,N09_M07_F10_KB24_4.mat,.mat,8762040,matlab,True,N09_M07_F10,N09,M07,F10,KB24,4,damaged,KB,bearing_code_prefix,N09_M07_F10_KB24_4:1x1:struct,
canonical_raw_root,data/raw/paderborn,data/raw/paderborn/KB24/N09_M07_F10_KB24_5.mat,N09_M07_F10_KB24_5.mat,.mat,8714904,matlab,True,N09_M07_F10,N09,M07,F10,KB24,5,damaged,KB,bearing_code_prefix,N09_M07_F10_KB24_5:1x1:struct,
canonical_raw_root,data/raw/paderborn,data/raw/paderborn/KB24/N09_M07_F10_KB24_6.mat,N09_M07_F10_KB24_6.mat,.mat,8741472,matlab,True,N09_M07_F10,N09,M07,F10,KB24,6,damaged,KB,bearing_code_prefix,N09_M07_F10_KB24_6:1x1:struct,
canonical_raw_root,data/raw/paderborn,data/raw/paderborn/KB24/N09_M07_F10_KB24_7.mat,N09_M07_F10_KB24_7.mat,.mat,8750872,matlab,True,N09_M07_F10,N09,M07,F10,KB24,7,damaged,KB,bearing_code_prefix,N09_M07_F10_KB24_7:1x1:struct,
canonical_raw_root,data/raw/paderborn,data/raw/paderborn/KB24/N09_M07_F10_KB24_8.mat,N09_M07_F10_KB24_8.mat,.mat,8799320,matlab,True,N09_M07_F10,N09,M07,F10,KB24,8,damaged,KB,bearing_code_prefix,N09_M07_F10_KB24_8:1x1:struct,
canonical_raw_root,data/raw/paderborn,data/raw/paderborn/KB24/N09_M07_F10_KB24_9.mat,N09_M07_F10_KB24_9.mat,.mat,8714904,matlab,True,N09_M07_F10,N09,M07,F10,KB24,9,damaged,KB,bearing_code_prefix,N09_M07_F10_KB24_9:1x1:struct,
canonical_raw_root,data/raw/paderborn,data/raw/paderborn/KB24/N15_M01_F10_KB24_1.mat,N15_M01_F10_KB24_1.mat,.mat,8714872,matlab,True,N15_M01_F10,N15,M01,F10,KB24,1,damaged,KB,bearing_code_prefix,N15_M01_F10_KB24_1:1x1:struct,
canonical_raw_root,data/raw/paderborn,data/raw/paderborn/KB24/N15_M01_F10_KB24_10.mat,N15_M01_F10_KB24_10.mat,.mat,8714904,matlab,True,N15_M01_F10,N15,M01,F10,KB24,10,damaged,KB,bearing_code_prefix,N15_M01_F10_KB24_10:1x1:struct,
canonical_raw_root,data/raw/paderborn,data/raw/paderborn/KB24/N15_M01_F10_KB24_11.mat,N15_M01_F10_KB24_11.mat,.mat,8720952,matlab,True,N15_M01_F10,N15,M01,F10,KB24,11,damaged,KB,bearing_code_prefix,N15_M01_F10_KB24_11:1x1:struct,
canonical_raw_root,data/raw/paderborn,data/raw/paderborn/KB24/N15_M01_F10_KB24_12.mat,N15_M01_F10_KB24_12.mat,.mat,8714904,matlab,True,N15_M01_F10,N15,M01,F10,KB24,12,damaged,KB,bearing_code_prefix,N15_M01_F10_KB24_12:1x1:struct,
canonical_raw_root,data/raw/paderborn,data/raw/paderborn/KB24/N15_M01_F10_KB24_13.mat,N15_M01_F10_KB24_13.mat,.mat,8718552,matlab,True,N15_M01_F10,N15,M01,F10,KB24,13,damaged,KB,bearing_code_prefix,N15_M01_F10_KB24_13:1x1:struct,
canonical_raw_root,data/raw/paderborn,data/raw/paderborn/KB24/N15_M01_F10_KB24_14.mat,N15_M01_F10_KB24_14.mat,.mat,8714872,matlab,True,N15_M01_F10,N15,M01,F10,KB24,14,damaged,KB,bearing_code_prefix,N15_M01_F10_KB24_14:1x1:struct,
canonical_raw_root,data/raw/paderborn,data/raw/paderborn/KB24/N15_M01_F10_KB24_15.mat,N15_M01_F10_KB24_15.mat,.mat,8718968,matlab,True,N15_M01_F10,N15,M01,F10,KB24,15,damaged,KB,bearing_code_prefix,N15_M01_F10_KB24_15:1x1:struct,
canonical_raw_root,data/raw/paderborn,data/raw/paderborn/KB24/N15_M01_F10_KB24_16.mat,N15_M01_F10_KB24_16.mat,.mat,8740056,matlab,True,N15_M01_F10,N15,M01,F10,KB24,16,damaged,KB,bearing_code_prefix,N15_M01_F10_KB24_16:1x1:struct,
canonical_raw_root,data/raw/paderborn,data/raw/paderborn/KB24/N15_M01_F10_KB24_17.mat,N15_M01_F10_KB24_17.mat,.mat,8714904,matlab,True,N15_M01_F10,N15,M01,F10,KB24,17,damaged,KB,bearing_code_prefix,N15_M01_F10_KB24_17:1x1:struct,
canonical_raw_root,data/raw/paderborn,data/raw/paderborn/KB24/N15_M01_F10_KB24_18.mat,N15_M01_F10_KB24_18.mat,.mat,8956472,matlab,True,N15_M01_F10,N15,M01,F10,KB24,18,damaged,KB,bearing_code_prefix,N15_M01_F10_KB24_18:1x1:struct,
canonical_raw_root,data/raw/paderborn,data/raw/paderborn/KB24/N15_M01_F10_KB24_19.mat,N15_M01_F10_KB24_19.mat,.mat,8769144,matlab,True,N15_M01_F10,N15,M01,F10,KB24,19,damaged,KB,bearing_code_prefix,N15_M01_F10_KB24_19:1x1:struct,
canonical_raw_root,data/raw/paderborn,data/raw/paderborn/KB24/N15_M01_F10_KB24_2.mat,N15_M01_F10_KB24_2.mat,.mat,8717816,matlab,True,N15_M01_F10,N15,M01,F10,KB24,2,damaged,KB,bearing_code_prefix,N15_M01_F10_KB24_2:1x1:struct,
canonical_raw_root,data/raw/paderborn,data/raw/paderborn/KB24/N15_M01_F10_KB24_20.mat,N15_M01_F10_KB24_20.mat,.mat,8714904,matlab,True,N15_M01_F10,N15,M01,F10,KB24,20,damaged,KB,bearing_code_prefix,N15_M01_F10_KB24_20:1x1:struct,
canonical_raw_root,data/raw/paderborn,data/raw/paderborn/KB24/N15_M01_F10_KB24_3.mat,N15_M01_F10_KB24_3.mat,.mat,8714904,matlab,True,N15_M01_F10,N15,M01,F10,KB24,3,damaged,KB,bearing_code_prefix,N15_M01_F10_KB24_3:1x1:struct,
canonical_raw_root,data/raw/paderborn,data/raw/paderborn/KB24/N15_M01_F10_KB24_4.mat,N15_M01_F10_KB24_4.mat,.mat,8714904,matlab,True,N15_M01_F10,N15,M01,F10,KB24,4,damaged,KB,bearing_code_prefix,N15_M01_F10_KB24_4:1x1:struct,
canonical_raw_root,data/raw/paderborn,data/raw/paderborn/KB24/N15_M01_F10_KB24_5.mat,N15_M01_F10_KB24_5.mat,.mat,8747096,matlab,True,N15_M01_F10,N15,M01,F10,KB24,5,damaged,KB,bearing_code_prefix,N15_M01_F10_KB24_5:1x1:struct,
canonical_raw_root,data/raw/paderborn,data/raw/paderborn/KB24/N15_M01_F10_KB24_6.mat,N15_M01_F10_KB24_6.mat,.mat,8718080,matlab,True,N15_M01_F10,N15,M01,F10,KB24,6,damaged,KB,bearing_code_prefix,N15_M01_F10_KB24_6:1x1:struct,
canonical_raw_root,data/raw/paderborn,data/raw/paderborn/KB24/N15_M01_F10_KB24_7.mat,N15_M01_F10_KB24_7.mat,.mat,8717880,matlab,True,N15_M01_F10,N15,M01,F10,KB24,7,damaged,KB,bearing_code_prefix,N15_M01_F10_KB24_7:1x1:struct,
canonical_raw_root,data/raw/paderborn,data/raw/paderborn/KB24/N15_M01_F10_KB24_8.mat,N15_M01_F10_KB24_8.mat,.mat,8715576,matlab,True,N15_M01_F10,N15,M01,F10,KB24,8,damaged,KB,bearing_code_prefix,N15_M01_F10_KB24_8:1x1:struct,
canonical_raw_root,data/raw/paderborn,data/raw/paderborn/KB24/N15_M01_F10_KB24_9.mat,N15_M01_F10_KB24_9.mat,.mat,8718040,matlab,True,N15_M01_F10,N15,M01,F10,KB24,9,damaged,KB,bearing_code_prefix,N15_M01_F10_KB24_9:1x1:struct,
canonical_raw_root,data/raw/paderborn,data/raw/paderborn/KB24/N15_M07_F04_KB24_1.mat,N15_M07_F04_KB24_1.mat,.mat,8753656,matlab,True,N15_M07_F04,N15,M07,F04,KB24,1,damaged,KB,bearing_code_prefix,N15_M07_F04_KB24_1:1x1:struct,
canonical_raw_root,data/raw/paderborn,data/raw/paderborn/KB24/N15_M07_F04_KB24_10.mat,N15_M07_F04_KB24_10.mat,.mat,8718720,matlab,True,N15_M07_F04,N15,M07,F04,KB24,10,damaged,KB,bearing_code_prefix,N15_M07_F04_KB24_10:1x1:struct,
canonical_raw_root,data/raw/paderborn,data/raw/paderborn/KB24/N15_M07_F04_KB24_11.mat,N15_M07_F04_KB24_11.mat,.mat,8714904,matlab,True,N15_M07_F04,N15,M07,F04,KB24,11,damaged,KB,bearing_code_prefix,N15_M07_F04_KB24_11:1x1:struct,
canonical_raw_root,data/raw/paderborn,data/raw/paderborn/KB24/N15_M07_F04_KB24_12.mat,N15_M07_F04_KB24_12.mat,.mat,8714904,matlab,True,N15_M07_F04,N15,M07,F04,KB24,12,damaged,KB,bearing_code_prefix,N15_M07_F04_KB24_12:1x1:struct,
canonical_raw_root,data/raw/paderborn,data/raw/paderborn/KB24/N15_M07_F04_KB24_13.mat,N15_M07_F04_KB24_13.mat,.mat,8734368,matlab,True,N15_M07_F04,N15,M07,F04,KB24,13,damaged,KB,bearing_code_prefix,N15_M07_F04_KB24_13:1x1:struct,
canonical_raw_root,data/raw/paderborn,data/raw/paderborn/KB24/N15_M07_F04_KB24_14.mat,N15_M07_F04_KB24_14.mat,.mat,8744312,matlab,True,N15_M07_F04,N15,M07,F04,KB24,14,damaged,KB,bearing_code_prefix,N15_M07_F04_KB24_14:1x1:struct,
canonical_raw_root,data/raw/paderborn,data/raw/paderborn/KB24/N15_M07_F04_KB24_15.mat,N15_M07_F04_KB24_15.mat,.mat,8714904,matlab,True,N15_M07_F04,N15,M07,F04,KB24,15,damaged,KB,bearing_code_prefix,N15_M07_F04_KB24_15:1x1:struct,
canonical_raw_root,data/raw/paderborn,data/raw/paderborn/KB24/N15_M07_F04_KB24_16.mat,N15_M07_F04_KB24_16.mat,.mat,8714904,matlab,True,N15_M07_F04,N15,M07,F04,KB24,16,damaged,KB,bearing_code_prefix,N15_M07_F04_KB24_16:1x1:struct,
canonical_raw_root,data/raw/paderborn,data/raw/paderborn/KB24/N15_M07_F04_KB24_17.mat,N15_M07_F04_KB24_17.mat,.mat,8714936,matlab,True,N15_M07_F04,N15,M07,F04,KB24,17,damaged,KB,bearing_code_prefix,N15_M07_F04_KB24_17:1x1:struct,
canonical_raw_root,data/raw/paderborn,data/raw/paderborn/KB24/N15_M07_F04_KB24_18.mat,N15_M07_F04_KB24_18.mat,.mat,8725048,matlab,True,N15_M07_F04,N15,M07,F04,KB24,18,damaged,KB,bearing_code_prefix,N15_M07_F04_KB24_18:1x1:struct,
canonical_raw_root,data/raw/paderborn,data/raw/paderborn/KB24/N15_M07_F04_KB24_19.mat,N15_M07_F04_KB24_19.mat,.mat,8714904,matlab,True,N15_M07_F04,N15,M07,F04,KB24,19,damaged,KB,bearing_code_prefix,N15_M07_F04_KB24_19:1x1:struct,
canonical_raw_root,data/raw/paderborn,data/raw/paderborn/KB24/N15_M07_F04_KB24_2.mat,N15_M07_F04_KB24_2.mat,.mat,8867352,matlab,True,N15_M07_F04,N15,M07,F04,KB24,2,damaged,KB,bearing_code_prefix,N15_M07_F04_KB24_2:1x1:struct,
canonical_raw_root,data/raw/paderborn,data/raw/paderborn/KB24/N15_M07_F04_KB24_20.mat,N15_M07_F04_KB24_20.mat,.mat,8714872,matlab,True,N15_M07_F04,N15,M07,F04,KB24,20,damaged,KB,bearing_code_prefix,N15_M07_F04_KB24_20:1x1:struct,
canonical_raw_root,data/raw/paderborn,data/raw/paderborn/KB24/N15_M07_F04_KB24_3.mat,N15_M07_F04_KB24_3.mat,.mat,8718008,matlab,True,N15_M07_F04,N15,M07,F04,KB24,3,damaged,KB,bearing_code_prefix,N15_M07_F04_KB24_3:1x1:struct,
canonical_raw_root,data/raw/paderborn,data/raw/paderborn/KB24/N15_M07_F04_KB24_4.mat,N15_M07_F04_KB24_4.mat,.mat,8739384,matlab,True,N15_M07_F04,N15,M07,F04,KB24,4,damaged,KB,bearing_code_prefix,N15_M07_F04_KB24_4:1x1:struct,
canonical_raw_root,data/raw/paderborn,data/raw/paderborn/KB24/N15_M07_F04_KB24_5.mat,N15_M07_F04_KB24_5.mat,.mat,8717720,matlab,True,N15_M07_F04,N15,M07,F04,KB24,5,damaged,KB,bearing_code_prefix,N15_M07_F04_KB24_5:1x1:struct,
canonical_raw_root,data/raw/paderborn,data/raw/paderborn/KB24/N15_M07_F04_KB24_6.mat,N15_M07_F04_KB24_6.mat,.mat,8728856,matlab,True,N15_M07_F04,N15,M07,F04,KB24,6,damaged,KB,bearing_code_prefix,N15_M07_F04_KB24_6:1x1:struct,
canonical_raw_root,data/raw/paderborn,data/raw/paderborn/KB24/N15_M07_F04_KB24_7.mat,N15_M07_F04_KB24_7.mat,.mat,8714872,matlab,True,N15_M07_F04,N15,M07,F04,KB24,7,damaged,KB,bearing_code_prefix,N15_M07_F04_KB24_7:1x1:struct,
canonical_raw_root,data/raw/paderborn,data/raw/paderborn/KB24/N15_M07_F04_KB24_8.mat,N15_M07_F04_KB24_8.mat,.mat,8717856,matlab,True,N15_M07_F04,N15,M07,F04,KB24,8,damaged,KB,bearing_code_prefix,N15_M07_F04_KB24_8:1x1:struct,
canonical_raw_root,data/raw/paderborn,data/raw/paderborn/KB24/N15_M07_F04_KB24_9.mat,N15_M07_F04_KB24_9.mat,.mat,8714936,matlab,True,N15_M07_F04,N15,M07,F04,KB24,9,damaged,KB,bearing_code_prefix,N15_M07_F04_KB24_9:1x1:struct,
canonical_raw_root,data/raw/paderborn,data/raw/paderborn/KB24/N15_M07_F10_KB24_1.mat,N15_M07_F10_KB24_1.mat,.mat,8714872,matlab,True,N15_M07_F10,N15,M07,F10,KB24,1,damaged,KB,bearing_code_prefix,N15_M07_F10_KB24_1:1x1:struct,
canonical_raw_root,data/raw/paderborn,data/raw/paderborn/KB24/N15_M07_F10_KB24_10.mat,N15_M07_F10_KB24_10.mat,.mat,8718560,matlab,True,N15_M07_F10,N15,M07,F10,KB24,10,damaged,KB,bearing_code_prefix,N15_M07_F10_KB24_10:1x1:struct,
canonical_raw_root,data/raw/paderborn,data/raw/paderborn/KB24/N15_M07_F10_KB24_11.mat,N15_M07_F10_KB24_11.mat,.mat,8714904,matlab,True,N15_M07_F10,N15,M07,F10,KB24,11,damaged,KB,bearing_code_prefix,N15_M07_F10_KB24_11:1x1:struct,
canonical_raw_root,data/raw/paderborn,data/raw/paderborn/KB24/N15_M07_F10_KB24_12.mat,N15_M07_F10_KB24_12.mat,.mat,8724248,matlab,True,N15_M07_F10,N15,M07,F10,KB24,12,damaged,KB,bearing_code_prefix,N15_M07_F10_KB24_12:1x1:struct,
canonical_raw_root,data/raw/paderborn,data/raw/paderborn/KB24/N15_M07_F10_KB24_13.mat,N15_M07_F10_KB24_13.mat,.mat,8717848,matlab,True,N15_M07_F10,N15,M07,F10,KB24,13,damaged,KB,bearing_code_prefix,N15_M07_F10_KB24_13:1x1:struct,
canonical_raw_root,data/raw/paderborn,data/raw/paderborn/KB24/N15_M07_F10_KB24_14.mat,N15_M07_F10_KB24_14.mat,.mat,8732248,matlab,True,N15_M07_F10,N15,M07,F10,KB24,14,damaged,KB,bearing_code_prefix,N15_M07_F10_KB24_14:1x1:struct,
canonical_raw_root,data/raw/paderborn,data/raw/paderborn/KB24/N15_M07_F10_KB24_15.mat,N15_M07_F10_KB24_15.mat,.mat,8714968,matlab,True,N15_M07_F10,N15,M07,F10,KB24,15,damaged,KB,bearing_code_prefix,N15_M07_F10_KB24_15:1x1:struct,
canonical_raw_root,data/raw/paderborn,data/raw/paderborn/KB24/N15_M07_F10_KB24_16.mat,N15_M07_F10_KB24_16.mat,.mat,8717912,matlab,True,N15_M07_F10,N15,M07,F10,KB24,16,damaged,KB,bearing_code_prefix,N15_M07_F10_KB24_16:1x1:struct,
canonical_raw_root,data/raw/paderborn,data/raw/paderborn/KB24/N15_M07_F10_KB24_17.mat,N15_M07_F10_KB24_17.mat,.mat,8733816,matlab,True,N15_M07_F10,N15,M07,F10,KB24,17,damaged,KB,bearing_code_prefix,N15_M07_F10_KB24_17:1x1:struct,
canonical_raw_root,data/raw/paderborn,data/raw/paderborn/KB24/N15_M07_F10_KB24_18.mat,N15_M07_F10_KB24_18.mat,.mat,8718136,matlab,True,N15_M07_F10,N15,M07,F10,KB24,18,damaged,KB,bearing_code_prefix,N15_M07_F10_KB24_18:1x1:struct,
canonical_raw_root,data/raw/paderborn,data/raw/paderborn/KB24/N15_M07_F10_KB24_19.mat,N15_M07_F10_KB24_19.mat,.mat,8718424,matlab,True,N15_M07_F10,N15,M07,F10,KB24,19,damaged,KB,bearing_code_prefix,N15_M07_F10_KB24_19:1x1:struct,
canonical_raw_root,data/raw/paderborn,data/raw/paderborn/KB24/N15_M07_F10_KB24_2.mat,N15_M07_F10_KB24_2.mat,.mat,8714904,matlab,True,N15_M07_F10,N15,M07,F10,KB24,2,damaged,KB,bearing_code_prefix,N15_M07_F10_KB24_2:1x1:struct,
canonical_raw_root,data/raw/paderborn,data/raw/paderborn/KB24/N15_M07_F10_KB24_20.mat,N15_M07_F10_KB24_20.mat,.mat,8714904,matlab,True,N15_M07_F10,N15,M07,F10,KB24,20,damaged,KB,bearing_code_prefix,N15_M07_F10_KB24_20:1x1:struct,
canonical_raw_root,data/raw/paderborn,data/raw/paderborn/KB24/N15_M07_F10_KB24_3.mat,N15_M07_F10_KB24_3.mat,.mat,8909432,matlab,True,N15_M07_F10,N15,M07,F10,KB24,3,damaged,KB,bearing_code_prefix,N15_M07_F10_KB24_3:1x1:struct,
canonical_raw_root,data/raw/paderborn,data/raw/paderborn/KB24/N15_M07_F10_KB24_4.mat,N15_M07_F10_KB24_4.mat,.mat,8717560,matlab,True,N15_M07_F10,N15,M07,F10,KB24,4,damaged,KB,bearing_code_prefix,N15_M07_F10_KB24_4:1x1:struct,
canonical_raw_root,data/raw/paderborn,data/raw/paderborn/KB24/N15_M07_F10_KB24_5.mat,N15_M07_F10_KB24_5.mat,.mat,8738968,matlab,True,N15_M07_F10,N15,M07,F10,KB24,5,damaged,KB,bearing_code_prefix,N15_M07_F10_KB24_5:1x1:struct,
canonical_raw_root,data/raw/paderborn,data/raw/paderborn/KB24/N15_M07_F10_KB24_6.mat,N15_M07_F10_KB24_6.mat,.mat,8734040,matlab,True,N15_M07_F10,N15,M07,F10,KB24,6,damaged,KB,bearing_code_prefix,N15_M07_F10_KB24_6:1x1:struct,
canonical_raw_root,data/raw/paderborn,data/raw/paderborn/KB24/N15_M07_F10_KB24_7.mat,N15_M07_F10_KB24_7.mat,.mat,8728568,matlab,True,N15_M07_F10,N15,M07,F10,KB24,7,damaged,KB,bearing_code_prefix,N15_M07_F10_KB24_7:1x1:struct,
canonical_raw_root,data/raw/paderborn,data/raw/paderborn/KB24/N15_M07_F10_KB24_8.mat,N15_M07_F10_KB24_8.mat,.mat,8718200,matlab,True,N15_M07_F10,N15,M07,F10,KB24,8,damaged,KB,bearing_code_prefix,N15_M07_F10_KB24_8:1x1:struct,
canonical_raw_root,data/raw/paderborn,data/raw/paderborn/KB24/N15_M07_F10_KB24_9.mat,N15_M07_F10_KB24_9.mat,.mat,8714904,matlab,True,N15_M07_F10,N15,M07,F10,KB24,9,damaged,KB,bearing_code_prefix,N15_M07_F10_KB24_9:1x1:struct,
canonical_raw_root,data/raw/paderborn,data/raw/paderborn/KB27/KB27.pdf,KB27.pdf,.pdf,56876,pdf,False,,,,,KB27,,damaged,KB,bearing_code_prefix,,No metadata inspector is implemented for this extension
canonical_raw_root,data/raw/paderborn,data/raw/paderborn/KB27/measuring_log_KB27.pdf,measuring_log_KB27.pdf,.pdf,139045,pdf,False,,,,,KB27,,damaged,KB,bearing_code_prefix,,No metadata inspector is implemented for this extension
canonical_raw_root,data/raw/paderborn,data/raw/paderborn/KB27/N09_M07_F10_KB27_1.mat,N09_M07_F10_KB27_1.mat,.mat,8714904,matlab,True,N09_M07_F10,N09,M07,F10,KB27,1,damaged,KB,bearing_code_prefix,N09_M07_F10_KB27_1:1x1:struct,
canonical_raw_root,data/raw/paderborn,data/raw/paderborn/KB27/N09_M07_F10_KB27_10.mat,N09_M07_F10_KB27_10.mat,.mat,8715064,matlab,True,N09_M07_F10,N09,M07,F10,KB27,10,damaged,KB,bearing_code_prefix,N09_M07_F10_KB27_10:1x1:struct,
canonical_raw_root,data/raw/paderborn,data/raw/paderborn/KB27/N09_M07_F10_KB27_11.mat,N09_M07_F10_KB27_11.mat,.mat,8715000,matlab,True,N09_M07_F10,N09,M07,F10,KB27,11,damaged,KB,bearing_code_prefix,N09_M07_F10_KB27_11:1x1:struct,
canonical_raw_root,data/raw/paderborn,data/raw/paderborn/KB27/N09_M07_F10_KB27_12.mat,N09_M07_F10_KB27_12.mat,.mat,8717496,matlab,True,N09_M07_F10,N09,M07,F10,KB27,12,damaged,KB,bearing_code_prefix,N09_M07_F10_KB27_12:1x1:struct,
canonical_raw_root,data/raw/paderborn,data/raw/paderborn/KB27/N09_M07_F10_KB27_13.mat,N09_M07_F10_KB27_13.mat,.mat,8714904,matlab,True,N09_M07_F10,N09,M07,F10,KB27,13,damaged,KB,bearing_code_prefix,N09_M07_F10_KB27_13:1x1:struct,
canonical_raw_root,data/raw/paderborn,data/raw/paderborn/KB27/N09_M07_F10_KB27_14.mat,N09_M07_F10_KB27_14.mat,.mat,8714936,matlab,True,N09_M07_F10,N09,M07,F10,KB27,14,damaged,KB,bearing_code_prefix,N09_M07_F10_KB27_14:1x1:struct,
canonical_raw_root,data/raw/paderborn,data/raw/paderborn/KB27/N09_M07_F10_KB27_15.mat,N09_M07_F10_KB27_15.mat,.mat,9247512,matlab,True,N09_M07_F10,N09,M07,F10,KB27,15,damaged,KB,bearing_code_prefix,N09_M07_F10_KB27_15:1x1:struct,
canonical_raw_root,data/raw/paderborn,data/raw/paderborn/KB27/N09_M07_F10_KB27_16.mat,N09_M07_F10_KB27_16.mat,.mat,8714808,matlab,True,N09_M07_F10,N09,M07,F10,KB27,16,damaged,KB,bearing_code_prefix,N09_M07_F10_KB27_16:1x1:struct,
canonical_raw_root,data/raw/paderborn,data/raw/paderborn/KB27/N09_M07_F10_KB27_17.mat,N09_M07_F10_KB27_17.mat,.mat,8714936,matlab,True,N09_M07_F10,N09,M07,F10,KB27,17,damaged,KB,bearing_code_prefix,N09_M07_F10_KB27_17:1x1:struct,
canonical_raw_root,data/raw/paderborn,data/raw/paderborn/KB27/N09_M07_F10_KB27_18.mat,N09_M07_F10_KB27_18.mat,.mat,8733976,matlab,True,N09_M07_F10,N09,M07,F10,KB27,18,damaged,KB,bearing_code_prefix,N09_M07_F10_KB27_18:1x1:struct,
canonical_raw_root,data/raw/paderborn,data/raw/paderborn/KB27/N09_M07_F10_KB27_19.mat,N09_M07_F10_KB27_19.mat,.mat,8717800,matlab,True,N09_M07_F10,N09,M07,F10,KB27,19,damaged,KB,bearing_code_prefix,N09_M07_F10_KB27_19:1x1:struct,
canonical_raw_root,data/raw/paderborn,data/raw/paderborn/KB27/N09_M07_F10_KB27_2.mat,N09_M07_F10_KB27_2.mat,.mat,8717560,matlab,True,N09_M07_F10,N09,M07,F10,KB27,2,damaged,KB,bearing_code_prefix,N09_M07_F10_KB27_2:1x1:struct,
canonical_raw_root,data/raw/paderborn,data/raw/paderborn/KB27/N09_M07_F10_KB27_20.mat,N09_M07_F10_KB27_20.mat,.mat,8714904,matlab,True,N09_M07_F10,N09,M07,F10,KB27,20,damaged,KB,bearing_code_prefix,N09_M07_F10_KB27_20:1x1:struct,
canonical_raw_root,data/raw/paderborn,data/raw/paderborn/KB27/N09_M07_F10_KB27_3.mat,N09_M07_F10_KB27_3.mat,.mat,8714904,matlab,True,N09_M07_F10,N09,M07,F10,KB27,3,damaged,KB,bearing_code_prefix,N09_M07_F10_KB27_3:1x1:struct,
canonical_raw_root,data/raw/paderborn,data/raw/paderborn/KB27/N09_M07_F10_KB27_4.mat,N09_M07_F10_KB27_4.mat,.mat,8715000,matlab,True,N09_M07_F10,N09,M07,F10,KB27,4,damaged,KB,bearing_code_prefix,N09_M07_F10_KB27_4:1x1:struct,
canonical_raw_root,data/raw/paderborn,data/raw/paderborn/KB27/N09_M07_F10_KB27_5.mat,N09_M07_F10_KB27_5.mat,.mat,8740760,matlab,True,N09_M07_F10,N09,M07,F10,KB27,5,damaged,KB,bearing_code_prefix,N09_M07_F10_KB27_5:1x1:struct,
canonical_raw_root,data/raw/paderborn,data/raw/paderborn/KB27/N09_M07_F10_KB27_6.mat,N09_M07_F10_KB27_6.mat,.mat,8714904,matlab,True,N09_M07_F10,N09,M07,F10,KB27,6,damaged,KB,bearing_code_prefix,N09_M07_F10_KB27_6:1x1:struct,
canonical_raw_root,data/raw/paderborn,data/raw/paderborn/KB27/N09_M07_F10_KB27_7.mat,N09_M07_F10_KB27_7.mat,.mat,8968376,matlab,True,N09_M07_F10,N09,M07,F10,KB27,7,damaged,KB,bearing_code_prefix,N09_M07_F10_KB27_7:1x1:struct,
canonical_raw_root,data/raw/paderborn,data/raw/paderborn/KB27/N09_M07_F10_KB27_8.mat,N09_M07_F10_KB27_8.mat,.mat,8714904,matlab,True,N09_M07_F10,N09,M07,F10,KB27,8,damaged,KB,bearing_code_prefix,N09_M07_F10_KB27_8:1x1:struct,
canonical_raw_root,data/raw/paderborn,data/raw/paderborn/KB27/N09_M07_F10_KB27_9.mat,N09_M07_F10_KB27_9.mat,.mat,8715000,matlab,True,N09_M07_F10,N09,M07,F10,KB27,9,damaged,KB,bearing_code_prefix,N09_M07_F10_KB27_9:1x1:struct,
canonical_raw_root,data/raw/paderborn,data/raw/paderborn/KB27/N15_M01_F10_KB27_1.mat,N15_M01_F10_KB27_1.mat,.mat,8714904,matlab,True,N15_M01_F10,N15,M01,F10,KB27,1,damaged,KB,bearing_code_prefix,N15_M01_F10_KB27_1:1x1:struct,
canonical_raw_root,data/raw/paderborn,data/raw/paderborn/KB27/N15_M01_F10_KB27_10.mat,N15_M01_F10_KB27_10.mat,.mat,8714872,matlab,True,N15_M01_F10,N15,M01,F10,KB27,10,damaged,KB,bearing_code_prefix,N15_M01_F10_KB27_10:1x1:struct,
canonical_raw_root,data/raw/paderborn,data/raw/paderborn/KB27/N15_M01_F10_KB27_11.mat,N15_M01_F10_KB27_11.mat,.mat,8714904,matlab,True,N15_M01_F10,N15,M01,F10,KB27,11,damaged,KB,bearing_code_prefix,N15_M01_F10_KB27_11:1x1:struct,
canonical_raw_root,data/raw/paderborn,data/raw/paderborn/KB27/N15_M01_F10_KB27_12.mat,N15_M01_F10_KB27_12.mat,.mat,9803736,matlab,True,N15_M01_F10,N15,M01,F10,KB27,12,damaged,KB,bearing_code_prefix,N15_M01_F10_KB27_12:1x1:struct,
canonical_raw_root,data/raw/paderborn,data/raw/paderborn/KB27/N15_M01_F10_KB27_13.mat,N15_M01_F10_KB27_13.mat,.mat,8714936,matlab,True,N15_M01_F10,N15,M01,F10,KB27,13,damaged,KB,bearing_code_prefix,N15_M01_F10_KB27_13:1x1:struct,
canonical_raw_root,data/raw/paderborn,data/raw/paderborn/KB27/N15_M01_F10_KB27_14.mat,N15_M01_F10_KB27_14.mat,.mat,8714872,matlab,True,N15_M01_F10,N15,M01,F10,KB27,14,damaged,KB,bearing_code_prefix,N15_M01_F10_KB27_14:1x1:struct,
canonical_raw_root,data/raw/paderborn,data/raw/paderborn/KB27/N15_M01_F10_KB27_15.mat,N15_M01_F10_KB27_15.mat,.mat,8717704,matlab,True,N15_M01_F10,N15,M01,F10,KB27,15,damaged,KB,bearing_code_prefix,N15_M01_F10_KB27_15:1x1:struct,
canonical_raw_root,data/raw/paderborn,data/raw/paderborn/KB27/N15_M01_F10_KB27_16.mat,N15_M01_F10_KB27_16.mat,.mat,8720664,matlab,True,N15_M01_F10,N15,M01,F10,KB27,16,damaged,KB,bearing_code_prefix,N15_M01_F10_KB27_16:1x1:struct,
canonical_raw_root,data/raw/paderborn,data/raw/paderborn/KB27/N15_M01_F10_KB27_17.mat,N15_M01_F10_KB27_17.mat,.mat,8714904,matlab,True,N15_M01_F10,N15,M01,F10,KB27,17,damaged,KB,bearing_code_prefix,N15_M01_F10_KB27_17:1x1:struct,
canonical_raw_root,data/raw/paderborn,data/raw/paderborn/KB27/N15_M01_F10_KB27_18.mat,N15_M01_F10_KB27_18.mat,.mat,8714904,matlab,True,N15_M01_F10,N15,M01,F10,KB27,18,damaged,KB,bearing_code_prefix,N15_M01_F10_KB27_18:1x1:struct,
canonical_raw_root,data/raw/paderborn,data/raw/paderborn/KB27/N15_M01_F10_KB27_19.mat,N15_M01_F10_KB27_19.mat,.mat,8714872,matlab,True,N15_M01_F10,N15,M01,F10,KB27,19,damaged,KB,bearing_code_prefix,N15_M01_F10_KB27_19:1x1:struct,
canonical_raw_root,data/raw/paderborn,data/raw/paderborn/KB27/N15_M01_F10_KB27_2.mat,N15_M01_F10_KB27_2.mat,.mat,8810968,matlab,True,N15_M01_F10,N15,M01,F10,KB27,2,damaged,KB,bearing_code_prefix,N15_M01_F10_KB27_2:1x1:struct,
canonical_raw_root,data/raw/paderborn,data/raw/paderborn/KB27/N15_M01_F10_KB27_20.mat,N15_M01_F10_KB27_20.mat,.mat,8717928,matlab,True,N15_M01_F10,N15,M01,F10,KB27,20,damaged,KB,bearing_code_prefix,N15_M01_F10_KB27_20:1x1:struct,
canonical_raw_root,data/raw/paderborn,data/raw/paderborn/KB27/N15_M01_F10_KB27_3.mat,N15_M01_F10_KB27_3.mat,.mat,8714904,matlab,True,N15_M01_F10,N15,M01,F10,KB27,3,damaged,KB,bearing_code_prefix,N15_M01_F10_KB27_3:1x1:struct,
canonical_raw_root,data/raw/paderborn,data/raw/paderborn/KB27/N15_M01_F10_KB27_4.mat,N15_M01_F10_KB27_4.mat,.mat,8714904,matlab,True,N15_M01_F10,N15,M01,F10,KB27,4,damaged,KB,bearing_code_prefix,N15_M01_F10_KB27_4:1x1:struct,
canonical_raw_root,data/raw/paderborn,data/raw/paderborn/KB27/N15_M01_F10_KB27_5.mat,N15_M01_F10_KB27_5.mat,.mat,8714904,matlab,True,N15_M01_F10,N15,M01,F10,KB27,5,damaged,KB,bearing_code_prefix,N15_M01_F10_KB27_5:1x1:struct,
canonical_raw_root,data/raw/paderborn,data/raw/paderborn/KB27/N15_M01_F10_KB27_6.mat,N15_M01_F10_KB27_6.mat,.mat,8714872,matlab,True,N15_M01_F10,N15,M01,F10,KB27,6,damaged,KB,bearing_code_prefix,N15_M01_F10_KB27_6:1x1:struct,
canonical_raw_root,data/raw/paderborn,data/raw/paderborn/KB27/N15_M01_F10_KB27_7.mat,N15_M01_F10_KB27_7.mat,.mat,8717896,matlab,True,N15_M01_F10,N15,M01,F10,KB27,7,damaged,KB,bearing_code_prefix,N15_M01_F10_KB27_7:1x1:struct,
canonical_raw_root,data/raw/paderborn,data/raw/paderborn/KB27/N15_M01_F10_KB27_8.mat,N15_M01_F10_KB27_8.mat,.mat,9512184,matlab,True,N15_M01_F10,N15,M01,F10,KB27,8,damaged,KB,bearing_code_prefix,N15_M01_F10_KB27_8:1x1:struct,
canonical_raw_root,data/raw/paderborn,data/raw/paderborn/KB27/N15_M01_F10_KB27_9.mat,N15_M01_F10_KB27_9.mat,.mat,8714904,matlab,True,N15_M01_F10,N15,M01,F10,KB27,9,damaged,KB,bearing_code_prefix,N15_M01_F10_KB27_9:1x1:struct,
canonical_raw_root,data/raw/paderborn,data/raw/paderborn/KB27/N15_M07_F04_KB27_1.mat,N15_M07_F04_KB27_1.mat,.mat,8714904,matlab,True,N15_M07_F04,N15,M07,F04,KB27,1,damaged,KB,bearing_code_prefix,N15_M07_F04_KB27_1:1x1:struct,
canonical_raw_root,data/raw/paderborn,data/raw/paderborn/KB27/N15_M07_F04_KB27_10.mat,N15_M07_F04_KB27_10.mat,.mat,8754840,matlab,True,N15_M07_F04,N15,M07,F04,KB27,10,damaged,KB,bearing_code_prefix,N15_M07_F04_KB27_10:1x1:struct,
canonical_raw_root,data/raw/paderborn,data/raw/paderborn/KB27/N15_M07_F04_KB27_11.mat,N15_M07_F04_KB27_11.mat,.mat,8714808,matlab,True,N15_M07_F04,N15,M07,F04,KB27,11,damaged,KB,bearing_code_prefix,N15_M07_F04_KB27_11:1x1:struct,
canonical_raw_root,data/raw/paderborn,data/raw/paderborn/KB27/N15_M07_F04_KB27_12.mat,N15_M07_F04_KB27_12.mat,.mat,8717832,matlab,True,N15_M07_F04,N15,M07,F04,KB27,12,damaged,KB,bearing_code_prefix,N15_M07_F04_KB27_12:1x1:struct,
canonical_raw_root,data/raw/paderborn,data/raw/paderborn/KB27/N15_M07_F04_KB27_13.mat,N15_M07_F04_KB27_13.mat,.mat,8714936,matlab,True,N15_M07_F04,N15,M07,F04,KB27,13,damaged,KB,bearing_code_prefix,N15_M07_F04_KB27_13:1x1:struct,
canonical_raw_root,data/raw/paderborn,data/raw/paderborn/KB27/N15_M07_F04_KB27_14.mat,N15_M07_F04_KB27_14.mat,.mat,8717704,matlab,True,N15_M07_F04,N15,M07,F04,KB27,14,damaged,KB,bearing_code_prefix,N15_M07_F04_KB27_14:1x1:struct,
canonical_raw_root,data/raw/paderborn,data/raw/paderborn/KB27/N15_M07_F04_KB27_15.mat,N15_M07_F04_KB27_15.mat,.mat,8714936,matlab,True,N15_M07_F04,N15,M07,F04,KB27,15,damaged,KB,bearing_code_prefix,N15_M07_F04_KB27_15:1x1:struct,
canonical_raw_root,data/raw/paderborn,data/raw/paderborn/KB27/N15_M07_F04_KB27_16.mat,N15_M07_F04_KB27_16.mat,.mat,8714936,matlab,True,N15_M07_F04,N15,M07,F04,KB27,16,damaged,KB,bearing_code_prefix,N15_M07_F04_KB27_16:1x1:struct,
canonical_raw_root,data/raw/paderborn,data/raw/paderborn/KB27/N15_M07_F04_KB27_17.mat,N15_M07_F04_KB27_17.mat,.mat,8714936,matlab,True,N15_M07_F04,N15,M07,F04,KB27,17,damaged,KB,bearing_code_prefix,N15_M07_F04_KB27_17:1x1:struct,
canonical_raw_root,data/raw/paderborn,data/raw/paderborn/KB27/N15_M07_F04_KB27_18.mat,N15_M07_F04_KB27_18.mat,.mat,8714872,matlab,True,N15_M07_F04,N15,M07,F04,KB27,18,damaged,KB,bearing_code_prefix,N15_M07_F04_KB27_18:1x1:struct,
canonical_raw_root,data/raw/paderborn,data/raw/paderborn/KB27/N15_M07_F04_KB27_19.mat,N15_M07_F04_KB27_19.mat,.mat,8714904,matlab,True,N15_M07_F04,N15,M07,F04,KB27,19,damaged,KB,bearing_code_prefix,N15_M07_F04_KB27_19:1x1:struct,
canonical_raw_root,data/raw/paderborn,data/raw/paderborn/KB27/N15_M07_F04_KB27_2.mat,N15_M07_F04_KB27_2.mat,.mat,8717768,matlab,True,N15_M07_F04,N15,M07,F04,KB27,2,damaged,KB,bearing_code_prefix,N15_M07_F04_KB27_2:1x1:struct,
canonical_raw_root,data/raw/paderborn,data/raw/paderborn/KB27/N15_M07_F04_KB27_20.mat,N15_M07_F04_KB27_20.mat,.mat,8714904,matlab,True,N15_M07_F04,N15,M07,F04,KB27,20,damaged,KB,bearing_code_prefix,N15_M07_F04_KB27_20:1x1:struct,
canonical_raw_root,data/raw/paderborn,data/raw/paderborn/KB27/N15_M07_F04_KB27_3.mat,N15_M07_F04_KB27_3.mat,.mat,8714904,matlab,True,N15_M07_F04,N15,M07,F04,KB27,3,damaged,KB,bearing_code_prefix,N15_M07_F04_KB27_3:1x1:struct,
canonical_raw_root,data/raw/paderborn,data/raw/paderborn/KB27/N15_M07_F04_KB27_4.mat,N15_M07_F04_KB27_4.mat,.mat,8714904,matlab,True,N15_M07_F04,N15,M07,F04,KB27,4,damaged,KB,bearing_code_prefix,N15_M07_F04_KB27_4:1x1:struct,
canonical_raw_root,data/raw/paderborn,data/raw/paderborn/KB27/N15_M07_F04_KB27_5.mat,N15_M07_F04_KB27_5.mat,.mat,8714872,matlab,True,N15_M07_F04,N15,M07,F04,KB27,5,damaged,KB,bearing_code_prefix,N15_M07_F04_KB27_5:1x1:struct,
canonical_raw_root,data/raw/paderborn,data/raw/paderborn/KB27/N15_M07_F04_KB27_6.mat,N15_M07_F04_KB27_6.mat,.mat,8714968,matlab,True,N15_M07_F04,N15,M07,F04,KB27,6,damaged,KB,bearing_code_prefix,N15_M07_F04_KB27_6:1x1:struct,
canonical_raw_root,data/raw/paderborn,data/raw/paderborn/KB27/N15_M07_F04_KB27_7.mat,N15_M07_F04_KB27_7.mat,.mat,8718680,matlab,True,N15_M07_F04,N15,M07,F04,KB27,7,damaged,KB,bearing_code_prefix,N15_M07_F04_KB27_7:1x1:struct,
canonical_raw_root,data/raw/paderborn,data/raw/paderborn/KB27/N15_M07_F04_KB27_8.mat,N15_M07_F04_KB27_8.mat,.mat,8715320,matlab,True,N15_M07_F04,N15,M07,F04,KB27,8,damaged,KB,bearing_code_prefix,N15_M07_F04_KB27_8:1x1:struct,
canonical_raw_root,data/raw/paderborn,data/raw/paderborn/KB27/N15_M07_F04_KB27_9.mat,N15_M07_F04_KB27_9.mat,.mat,8714904,matlab,True,N15_M07_F04,N15,M07,F04,KB27,9,damaged,KB,bearing_code_prefix,N15_M07_F04_KB27_9:1x1:struct,
canonical_raw_root,data/raw/paderborn,data/raw/paderborn/KB27/N15_M07_F10_KB27_1.mat,N15_M07_F10_KB27_1.mat,.mat,8714904,matlab,True,N15_M07_F10,N15,M07,F10,KB27,1,damaged,KB,bearing_code_prefix,N15_M07_F10_KB27_1:1x1:struct,
canonical_raw_root,data/raw/paderborn,data/raw/paderborn/KB27/N15_M07_F10_KB27_10.mat,N15_M07_F10_KB27_10.mat,.mat,8714968,matlab,True,N15_M07_F10,N15,M07,F10,KB27,10,damaged,KB,bearing_code_prefix,N15_M07_F10_KB27_10:1x1:struct,
canonical_raw_root,data/raw/paderborn,data/raw/paderborn/KB27/N15_M07_F10_KB27_11.mat,N15_M07_F10_KB27_11.mat,.mat,8909784,matlab,True,N15_M07_F10,N15,M07,F10,KB27,11,damaged,KB,bearing_code_prefix,N15_M07_F10_KB27_11:1x1:struct,
canonical_raw_root,data/raw/paderborn,data/raw/paderborn/KB27/N15_M07_F10_KB27_12.mat,N15_M07_F10_KB27_12.mat,.mat,8717768,matlab,True,N15_M07_F10,N15,M07,F10,KB27,12,damaged,KB,bearing_code_prefix,N15_M07_F10_KB27_12:1x1:struct,
canonical_raw_root,data/raw/paderborn,data/raw/paderborn/KB27/N15_M07_F10_KB27_13.mat,N15_M07_F10_KB27_13.mat,.mat,8714872,matlab,True,N15_M07_F10,N15,M07,F10,KB27,13,damaged,KB,bearing_code_prefix,N15_M07_F10_KB27_13:1x1:struct,
canonical_raw_root,data/raw/paderborn,data/raw/paderborn/KB27/N15_M07_F10_KB27_14.mat,N15_M07_F10_KB27_14.mat,.mat,8715032,matlab,True,N15_M07_F10,N15,M07,F10,KB27,14,damaged,KB,bearing_code_prefix,N15_M07_F10_KB27_14:1x1:struct,
canonical_raw_root,data/raw/paderborn,data/raw/paderborn/KB27/N15_M07_F10_KB27_15.mat,N15_M07_F10_KB27_15.mat,.mat,8714872,matlab,True,N15_M07_F10,N15,M07,F10,KB27,15,damaged,KB,bearing_code_prefix,N15_M07_F10_KB27_15:1x1:struct,
canonical_raw_root,data/raw/paderborn,data/raw/paderborn/KB27/N15_M07_F10_KB27_16.mat,N15_M07_F10_KB27_16.mat,.mat,8714872,matlab,True,N15_M07_F10,N15,M07,F10,KB27,16,damaged,KB,bearing_code_prefix,N15_M07_F10_KB27_16:1x1:struct,
canonical_raw_root,data/raw/paderborn,data/raw/paderborn/KB27/N15_M07_F10_KB27_17.mat,N15_M07_F10_KB27_17.mat,.mat,8714872,matlab,True,N15_M07_F10,N15,M07,F10,KB27,17,damaged,KB,bearing_code_prefix,N15_M07_F10_KB27_17:1x1:struct,
canonical_raw_root,data/raw/paderborn,data/raw/paderborn/KB27/N15_M07_F10_KB27_18.mat,N15_M07_F10_KB27_18.mat,.mat,8714968,matlab,True,N15_M07_F10,N15,M07,F10,KB27,18,damaged,KB,bearing_code_prefix,N15_M07_F10_KB27_18:1x1:struct,
canonical_raw_root,data/raw/paderborn,data/raw/paderborn/KB27/N15_M07_F10_KB27_19.mat,N15_M07_F10_KB27_19.mat,.mat,8714904,matlab,True,N15_M07_F10,N15,M07,F10,KB27,19,damaged,KB,bearing_code_prefix,N15_M07_F10_KB27_19:1x1:struct,
canonical_raw_root,data/raw/paderborn,data/raw/paderborn/KB27/N15_M07_F10_KB27_2.mat,N15_M07_F10_KB27_2.mat,.mat,8714840,matlab,True,N15_M07_F10,N15,M07,F10,KB27,2,damaged,KB,bearing_code_prefix,N15_M07_F10_KB27_2:1x1:struct,
canonical_raw_root,data/raw/paderborn,data/raw/paderborn/KB27/N15_M07_F10_KB27_20.mat,N15_M07_F10_KB27_20.mat,.mat,8714872,matlab,True,N15_M07_F10,N15,M07,F10,KB27,20,damaged,KB,bearing_code_prefix,N15_M07_F10_KB27_20:1x1:struct,
canonical_raw_root,data/raw/paderborn,data/raw/paderborn/KB27/N15_M07_F10_KB27_3.mat,N15_M07_F10_KB27_3.mat,.mat,8714872,matlab,True,N15_M07_F10,N15,M07,F10,KB27,3,damaged,KB,bearing_code_prefix,N15_M07_F10_KB27_3:1x1:struct,
canonical_raw_root,data/raw/paderborn,data/raw/paderborn/KB27/N15_M07_F10_KB27_4.mat,N15_M07_F10_KB27_4.mat,.mat,8717928,matlab,True,N15_M07_F10,N15,M07,F10,KB27,4,damaged,KB,bearing_code_prefix,N15_M07_F10_KB27_4:1x1:struct,
canonical_raw_root,data/raw/paderborn,data/raw/paderborn/KB27/N15_M07_F10_KB27_5.mat,N15_M07_F10_KB27_5.mat,.mat,8717800,matlab,True,N15_M07_F10,N15,M07,F10,KB27,5,damaged,KB,bearing_code_prefix,N15_M07_F10_KB27_5:1x1:struct,
canonical_raw_root,data/raw/paderborn,data/raw/paderborn/KB27/N15_M07_F10_KB27_6.mat,N15_M07_F10_KB27_6.mat,.mat,8714872,matlab,True,N15_M07_F10,N15,M07,F10,KB27,6,damaged,KB,bearing_code_prefix,N15_M07_F10_KB27_6:1x1:struct,
canonical_raw_root,data/raw/paderborn,data/raw/paderborn/KB27/N15_M07_F10_KB27_7.mat,N15_M07_F10_KB27_7.mat,.mat,8717912,matlab,True,N15_M07_F10,N15,M07,F10,KB27,7,damaged,KB,bearing_code_prefix,N15_M07_F10_KB27_7:1x1:struct,
canonical_raw_root,data/raw/paderborn,data/raw/paderborn/KB27/N15_M07_F10_KB27_8.mat,N15_M07_F10_KB27_8.mat,.mat,8714904,matlab,True,N15_M07_F10,N15,M07,F10,KB27,8,damaged,KB,bearing_code_prefix,N15_M07_F10_KB27_8:1x1:struct,
canonical_raw_root,data/raw/paderborn,data/raw/paderborn/KB27/N15_M07_F10_KB27_9.mat,N15_M07_F10_KB27_9.mat,.mat,8717832,matlab,True,N15_M07_F10,N15,M07,F10,KB27,9,damaged,KB,bearing_code_prefix,N15_M07_F10_KB27_9:1x1:struct,
canonical_raw_root,data/raw/paderborn,data/raw/paderborn/KI01/KI01.pdf,KI01.pdf,.pdf,231232,pdf,False,,,,,KI01,,damaged,KI,bearing_code_prefix,,No metadata inspector is implemented for this extension
canonical_raw_root,data/raw/paderborn,data/raw/paderborn/KI01/measuring_log_KI01.pdf,measuring_log_KI01.pdf,.pdf,139051,pdf,False,,,,,KI01,,damaged,KI,bearing_code_prefix,,No metadata inspector is implemented for this extension
canonical_raw_root,data/raw/paderborn,data/raw/paderborn/KI01/N09_M07_F10_KI01_1.mat,N09_M07_F10_KI01_1.mat,.mat,8714904,matlab,True,N09_M07_F10,N09,M07,F10,KI01,1,damaged,KI,bearing_code_prefix,N09_M07_F10_KI01_1:1x1:struct,
canonical_raw_root,data/raw/paderborn,data/raw/paderborn/KI01/N09_M07_F10_KI01_10.mat,N09_M07_F10_KI01_10.mat,.mat,8739416,matlab,True,N09_M07_F10,N09,M07,F10,KI01,10,damaged,KI,bearing_code_prefix,N09_M07_F10_KI01_10:1x1:struct,
canonical_raw_root,data/raw/paderborn,data/raw/paderborn/KI01/N09_M07_F10_KI01_11.mat,N09_M07_F10_KI01_11.mat,.mat,8718392,matlab,True,N09_M07_F10,N09,M07,F10,KI01,11,damaged,KI,bearing_code_prefix,N09_M07_F10_KI01_11:1x1:struct,
canonical_raw_root,data/raw/paderborn,data/raw/paderborn/KI01/N09_M07_F10_KI01_12.mat,N09_M07_F10_KI01_12.mat,.mat,8717816,matlab,True,N09_M07_F10,N09,M07,F10,KI01,12,damaged,KI,bearing_code_prefix,N09_M07_F10_KI01_12:1x1:struct,
canonical_raw_root,data/raw/paderborn,data/raw/paderborn/KI01/N09_M07_F10_KI01_13.mat,N09_M07_F10_KI01_13.mat,.mat,8714872,matlab,True,N09_M07_F10,N09,M07,F10,KI01,13,damaged,KI,bearing_code_prefix,N09_M07_F10_KI01_13:1x1:struct,
canonical_raw_root,data/raw/paderborn,data/raw/paderborn/KI01/N09_M07_F10_KI01_14.mat,N09_M07_F10_KI01_14.mat,.mat,8770904,matlab,True,N09_M07_F10,N09,M07,F10,KI01,14,damaged,KI,bearing_code_prefix,N09_M07_F10_KI01_14:1x1:struct,
canonical_raw_root,data/raw/paderborn,data/raw/paderborn/KI01/N09_M07_F10_KI01_15.mat,N09_M07_F10_KI01_15.mat,.mat,8718328,matlab,True,N09_M07_F10,N09,M07,F10,KI01,15,damaged,KI,bearing_code_prefix,N09_M07_F10_KI01_15:1x1:struct,
canonical_raw_root,data/raw/paderborn,data/raw/paderborn/KI01/N09_M07_F10_KI01_16.mat,N09_M07_F10_KI01_16.mat,.mat,8714904,matlab,True,N09_M07_F10,N09,M07,F10,KI01,16,damaged,KI,bearing_code_prefix,N09_M07_F10_KI01_16:1x1:struct,
canonical_raw_root,data/raw/paderborn,data/raw/paderborn/KI01/N09_M07_F10_KI01_17.mat,N09_M07_F10_KI01_17.mat,.mat,8714904,matlab,True,N09_M07_F10,N09,M07,F10,KI01,17,damaged,KI,bearing_code_prefix,N09_M07_F10_KI01_17:1x1:struct,
canonical_raw_root,data/raw/paderborn,data/raw/paderborn/KI01/N09_M07_F10_KI01_18.mat,N09_M07_F10_KI01_18.mat,.mat,8717720,matlab,True,N09_M07_F10,N09,M07,F10,KI01,18,damaged,KI,bearing_code_prefix,N09_M07_F10_KI01_18:1x1:struct,
canonical_raw_root,data/raw/paderborn,data/raw/paderborn/KI01/N09_M07_F10_KI01_19.mat,N09_M07_F10_KI01_19.mat,.mat,8718328,matlab,True,N09_M07_F10,N09,M07,F10,KI01,19,damaged,KI,bearing_code_prefix,N09_M07_F10_KI01_19:1x1:struct,
canonical_raw_root,data/raw/paderborn,data/raw/paderborn/KI01/N09_M07_F10_KI01_2.mat,N09_M07_F10_KI01_2.mat,.mat,8714904,matlab,True,N09_M07_F10,N09,M07,F10,KI01,2,damaged,KI,bearing_code_prefix,N09_M07_F10_KI01_2:1x1:struct,
canonical_raw_root,data/raw/paderborn,data/raw/paderborn/KI01/N09_M07_F10_KI01_20.mat,N09_M07_F10_KI01_20.mat,.mat,8718680,matlab,True,N09_M07_F10,N09,M07,F10,KI01,20,damaged,KI,bearing_code_prefix,N09_M07_F10_KI01_20:1x1:struct,
canonical_raw_root,data/raw/paderborn,data/raw/paderborn/KI01/N09_M07_F10_KI01_3.mat,N09_M07_F10_KI01_3.mat,.mat,8714904,matlab,True,N09_M07_F10,N09,M07,F10,KI01,3,damaged,KI,bearing_code_prefix,N09_M07_F10_KI01_3:1x1:struct,
canonical_raw_root,data/raw/paderborn,data/raw/paderborn/KI01/N09_M07_F10_KI01_4.mat,N09_M07_F10_KI01_4.mat,.mat,8714904,matlab,True,N09_M07_F10,N09,M07,F10,KI01,4,damaged,KI,bearing_code_prefix,N09_M07_F10_KI01_4:1x1:struct,
canonical_raw_root,data/raw/paderborn,data/raw/paderborn/KI01/N09_M07_F10_KI01_5.mat,N09_M07_F10_KI01_5.mat,.mat,8714904,matlab,True,N09_M07_F10,N09,M07,F10,KI01,5,damaged,KI,bearing_code_prefix,N09_M07_F10_KI01_5:1x1:struct,
canonical_raw_root,data/raw/paderborn,data/raw/paderborn/KI01/N09_M07_F10_KI01_6.mat,N09_M07_F10_KI01_6.mat,.mat,8714904,matlab,True,N09_M07_F10,N09,M07,F10,KI01,6,damaged,KI,bearing_code_prefix,N09_M07_F10_KI01_6:1x1:struct,
canonical_raw_root,data/raw/paderborn,data/raw/paderborn/KI01/N09_M07_F10_KI01_7.mat,N09_M07_F10_KI01_7.mat,.mat,8714904,matlab,True,N09_M07_F10,N09,M07,F10,KI01,7,damaged,KI,bearing_code_prefix,N09_M07_F10_KI01_7:1x1:struct,
canonical_raw_root,data/raw/paderborn,data/raw/paderborn/KI01/N09_M07_F10_KI01_8.mat,N09_M07_F10_KI01_8.mat,.mat,8723032,matlab,True,N09_M07_F10,N09,M07,F10,KI01,8,damaged,KI,bearing_code_prefix,N09_M07_F10_KI01_8:1x1:struct,
canonical_raw_root,data/raw/paderborn,data/raw/paderborn/KI01/N09_M07_F10_KI01_9.mat,N09_M07_F10_KI01_9.mat,.mat,8714904,matlab,True,N09_M07_F10,N09,M07,F10,KI01,9,damaged,KI,bearing_code_prefix,N09_M07_F10_KI01_9:1x1:struct,
canonical_raw_root,data/raw/paderborn,data/raw/paderborn/KI01/N15_M01_F10_KI01_1.mat,N15_M01_F10_KI01_1.mat,.mat,8740728,matlab,True,N15_M01_F10,N15,M01,F10,KI01,1,damaged,KI,bearing_code_prefix,N15_M01_F10_KI01_1:1x1:struct,
canonical_raw_root,data/raw/paderborn,data/raw/paderborn/KI01/N15_M01_F10_KI01_10.mat,N15_M01_F10_KI01_10.mat,.mat,8799224,matlab,True,N15_M01_F10,N15,M01,F10,KI01,10,damaged,KI,bearing_code_prefix,N15_M01_F10_KI01_10:1x1:struct,
canonical_raw_root,data/raw/paderborn,data/raw/paderborn/KI01/N15_M01_F10_KI01_11.mat,N15_M01_F10_KI01_11.mat,.mat,8714904,matlab,True,N15_M01_F10,N15,M01,F10,KI01,11,damaged,KI,bearing_code_prefix,N15_M01_F10_KI01_11:1x1:struct,
canonical_raw_root,data/raw/paderborn,data/raw/paderborn/KI01/N15_M01_F10_KI01_12.mat,N15_M01_F10_KI01_12.mat,.mat,8717760,matlab,True,N15_M01_F10,N15,M01,F10,KI01,12,damaged,KI,bearing_code_prefix,N15_M01_F10_KI01_12:1x1:struct,
canonical_raw_root,data/raw/paderborn,data/raw/paderborn/KI01/N15_M01_F10_KI01_13.mat,N15_M01_F10_KI01_13.mat,.mat,8714904,matlab,True,N15_M01_F10,N15,M01,F10,KI01,13,damaged,KI,bearing_code_prefix,N15_M01_F10_KI01_13:1x1:struct,
canonical_raw_root,data/raw/paderborn,data/raw/paderborn/KI01/N15_M01_F10_KI01_14.mat,N15_M01_F10_KI01_14.mat,.mat,8750232,matlab,True,N15_M01_F10,N15,M01,F10,KI01,14,damaged,KI,bearing_code_prefix,N15_M01_F10_KI01_14:1x1:struct,
canonical_raw_root,data/raw/paderborn,data/raw/paderborn/KI01/N15_M01_F10_KI01_15.mat,N15_M01_F10_KI01_15.mat,.mat,8750840,matlab,True,N15_M01_F10,N15,M01,F10,KI01,15,damaged,KI,bearing_code_prefix,N15_M01_F10_KI01_15:1x1:struct,
canonical_raw_root,data/raw/paderborn,data/raw/paderborn/KI01/N15_M01_F10_KI01_16.mat,N15_M01_F10_KI01_16.mat,.mat,8756024,matlab,True,N15_M01_F10,N15,M01,F10,KI01,16,damaged,KI,bearing_code_prefix,N15_M01_F10_KI01_16:1x1:struct,
canonical_raw_root,data/raw/paderborn,data/raw/paderborn/KI01/N15_M01_F10_KI01_17.mat,N15_M01_F10_KI01_17.mat,.mat,8714904,matlab,True,N15_M01_F10,N15,M01,F10,KI01,17,damaged,KI,bearing_code_prefix,N15_M01_F10_KI01_17:1x1:struct,
canonical_raw_root,data/raw/paderborn,data/raw/paderborn/KI01/N15_M01_F10_KI01_18.mat,N15_M01_F10_KI01_18.mat,.mat,8732608,matlab,True,N15_M01_F10,N15,M01,F10,KI01,18,damaged,KI,bearing_code_prefix,N15_M01_F10_KI01_18:1x1:struct,
canonical_raw_root,data/raw/paderborn,data/raw/paderborn/KI01/N15_M01_F10_KI01_19.mat,N15_M01_F10_KI01_19.mat,.mat,8714904,matlab,True,N15_M01_F10,N15,M01,F10,KI01,19,damaged,KI,bearing_code_prefix,N15_M01_F10_KI01_19:1x1:struct,
canonical_raw_root,data/raw/paderborn,data/raw/paderborn/KI01/N15_M01_F10_KI01_2.mat,N15_M01_F10_KI01_2.mat,.mat,8714904,matlab,True,N15_M01_F10,N15,M01,F10,KI01,2,damaged,KI,bearing_code_prefix,N15_M01_F10_KI01_2:1x1:struct,
canonical_raw_root,data/raw/paderborn,data/raw/paderborn/KI01/N15_M01_F10_KI01_20.mat,N15_M01_F10_KI01_20.mat,.mat,8714904,matlab,True,N15_M01_F10,N15,M01,F10,KI01,20,damaged,KI,bearing_code_prefix,N15_M01_F10_KI01_20:1x1:struct,
canonical_raw_root,data/raw/paderborn,data/raw/paderborn/KI01/N15_M01_F10_KI01_3.mat,N15_M01_F10_KI01_3.mat,.mat,8717720,matlab,True,N15_M01_F10,N15,M01,F10,KI01,3,damaged,KI,bearing_code_prefix,N15_M01_F10_KI01_3:1x1:struct,
canonical_raw_root,data/raw/paderborn,data/raw/paderborn/KI01/N15_M01_F10_KI01_4.mat,N15_M01_F10_KI01_4.mat,.mat,8737528,matlab,True,N15_M01_F10,N15,M01,F10,KI01,4,damaged,KI,bearing_code_prefix,N15_M01_F10_KI01_4:1x1:struct,
canonical_raw_root,data/raw/paderborn,data/raw/paderborn/KI01/N15_M01_F10_KI01_5.mat,N15_M01_F10_KI01_5.mat,.mat,8718112,matlab,True,N15_M01_F10,N15,M01,F10,KI01,5,damaged,KI,bearing_code_prefix,N15_M01_F10_KI01_5:1x1:struct,
canonical_raw_root,data/raw/paderborn,data/raw/paderborn/KI01/N15_M01_F10_KI01_6.mat,N15_M01_F10_KI01_6.mat,.mat,8732088,matlab,True,N15_M01_F10,N15,M01,F10,KI01,6,damaged,KI,bearing_code_prefix,N15_M01_F10_KI01_6:1x1:struct,
canonical_raw_root,data/raw/paderborn,data/raw/paderborn/KI01/N15_M01_F10_KI01_7.mat,N15_M01_F10_KI01_7.mat,.mat,8719576,matlab,True,N15_M01_F10,N15,M01,F10,KI01,7,damaged,KI,bearing_code_prefix,N15_M01_F10_KI01_7:1x1:struct,
canonical_raw_root,data/raw/paderborn,data/raw/paderborn/KI01/N15_M01_F10_KI01_8.mat,N15_M01_F10_KI01_8.mat,.mat,8737240,matlab,True,N15_M01_F10,N15,M01,F10,KI01,8,damaged,KI,bearing_code_prefix,N15_M01_F10_KI01_8:1x1:struct,
canonical_raw_root,data/raw/paderborn,data/raw/paderborn/KI01/N15_M01_F10_KI01_9.mat,N15_M01_F10_KI01_9.mat,.mat,8718328,matlab,True,N15_M01_F10,N15,M01,F10,KI01,9,damaged,KI,bearing_code_prefix,N15_M01_F10_KI01_9:1x1:struct,
canonical_raw_root,data/raw/paderborn,data/raw/paderborn/KI01/N15_M07_F04_KI01_1.mat,N15_M07_F04_KI01_1.mat,.mat,8757400,matlab,True,N15_M07_F04,N15,M07,F04,KI01,1,damaged,KI,bearing_code_prefix,N15_M07_F04_KI01_1:1x1:struct,
canonical_raw_root,data/raw/paderborn,data/raw/paderborn/KI01/N15_M07_F04_KI01_10.mat,N15_M07_F04_KI01_10.mat,.mat,8744376,matlab,True,N15_M07_F04,N15,M07,F04,KI01,10,damaged,KI,bearing_code_prefix,N15_M07_F04_KI01_10:1x1:struct,
canonical_raw_root,data/raw/paderborn,data/raw/paderborn/KI01/N15_M07_F04_KI01_11.mat,N15_M07_F04_KI01_11.mat,.mat,8732120,matlab,True,N15_M07_F04,N15,M07,F04,KI01,11,damaged,KI,bearing_code_prefix,N15_M07_F04_KI01_11:1x1:struct,
canonical_raw_root,data/raw/paderborn,data/raw/paderborn/KI01/N15_M07_F04_KI01_12.mat,N15_M07_F04_KI01_12.mat,.mat,8714904,matlab,True,N15_M07_F04,N15,M07,F04,KI01,12,damaged,KI,bearing_code_prefix,N15_M07_F04_KI01_12:1x1:struct,
canonical_raw_root,data/raw/paderborn,data/raw/paderborn/KI01/N15_M07_F04_KI01_13.mat,N15_M07_F04_KI01_13.mat,.mat,8714904,matlab,True,N15_M07_F04,N15,M07,F04,KI01,13,damaged,KI,bearing_code_prefix,N15_M07_F04_KI01_13:1x1:struct,
canonical_raw_root,data/raw/paderborn,data/raw/paderborn/KI01/N15_M07_F04_KI01_14.mat,N15_M07_F04_KI01_14.mat,.mat,8714904,matlab,True,N15_M07_F04,N15,M07,F04,KI01,14,damaged,KI,bearing_code_prefix,N15_M07_F04_KI01_14:1x1:struct,
canonical_raw_root,data/raw/paderborn,data/raw/paderborn/KI01/N15_M07_F04_KI01_15.mat,N15_M07_F04_KI01_15.mat,.mat,8714904,matlab,True,N15_M07_F04,N15,M07,F04,KI01,15,damaged,KI,bearing_code_prefix,N15_M07_F04_KI01_15:1x1:struct,
canonical_raw_root,data/raw/paderborn,data/raw/paderborn/KI01/N15_M07_F04_KI01_16.mat,N15_M07_F04_KI01_16.mat,.mat,8717624,matlab,True,N15_M07_F04,N15,M07,F04,KI01,16,damaged,KI,bearing_code_prefix,N15_M07_F04_KI01_16:1x1:struct,
canonical_raw_root,data/raw/paderborn,data/raw/paderborn/KI01/N15_M07_F04_KI01_17.mat,N15_M07_F04_KI01_17.mat,.mat,8718264,matlab,True,N15_M07_F04,N15,M07,F04,KI01,17,damaged,KI,bearing_code_prefix,N15_M07_F04_KI01_17:1x1:struct,
canonical_raw_root,data/raw/paderborn,data/raw/paderborn/KI01/N15_M07_F04_KI01_18.mat,N15_M07_F04_KI01_18.mat,.mat,8714968,matlab,True,N15_M07_F04,N15,M07,F04,KI01,18,damaged,KI,bearing_code_prefix,N15_M07_F04_KI01_18:1x1:struct,
canonical_raw_root,data/raw/paderborn,data/raw/paderborn/KI01/N15_M07_F04_KI01_19.mat,N15_M07_F04_KI01_19.mat,.mat,8714904,matlab,True,N15_M07_F04,N15,M07,F04,KI01,19,damaged,KI,bearing_code_prefix,N15_M07_F04_KI01_19:1x1:struct,
canonical_raw_root,data/raw/paderborn,data/raw/paderborn/KI01/N15_M07_F04_KI01_2.mat,N15_M07_F04_KI01_2.mat,.mat,8745184,matlab,True,N15_M07_F04,N15,M07,F04,KI01,2,damaged,KI,bearing_code_prefix,N15_M07_F04_KI01_2:1x1:struct,
canonical_raw_root,data/raw/paderborn,data/raw/paderborn/KI01/N15_M07_F04_KI01_20.mat,N15_M07_F04_KI01_20.mat,.mat,8744056,matlab,True,N15_M07_F04,N15,M07,F04,KI01,20,damaged,KI,bearing_code_prefix,N15_M07_F04_KI01_20:1x1:struct,
canonical_raw_root,data/raw/paderborn,data/raw/paderborn/KI01/N15_M07_F04_KI01_3.mat,N15_M07_F04_KI01_3.mat,.mat,8717784,matlab,True,N15_M07_F04,N15,M07,F04,KI01,3,damaged,KI,bearing_code_prefix,N15_M07_F04_KI01_3:1x1:struct,
canonical_raw_root,data/raw/paderborn,data/raw/paderborn/KI01/N15_M07_F04_KI01_4.mat,N15_M07_F04_KI01_4.mat,.mat,8717752,matlab,True,N15_M07_F04,N15,M07,F04,KI01,4,damaged,KI,bearing_code_prefix,N15_M07_F04_KI01_4:1x1:struct,
canonical_raw_root,data/raw/paderborn,data/raw/paderborn/KI01/N15_M07_F04_KI01_5.mat,N15_M07_F04_KI01_5.mat,.mat,8717752,matlab,True,N15_M07_F04,N15,M07,F04,KI01,5,damaged,KI,bearing_code_prefix,N15_M07_F04_KI01_5:1x1:struct,
canonical_raw_root,data/raw/paderborn,data/raw/paderborn/KI01/N15_M07_F04_KI01_6.mat,N15_M07_F04_KI01_6.mat,.mat,8718200,matlab,True,N15_M07_F04,N15,M07,F04,KI01,6,damaged,KI,bearing_code_prefix,N15_M07_F04_KI01_6:1x1:struct,
canonical_raw_root,data/raw/paderborn,data/raw/paderborn/KI01/N15_M07_F04_KI01_7.mat,N15_M07_F04_KI01_7.mat,.mat,8717624,matlab,True,N15_M07_F04,N15,M07,F04,KI01,7,damaged,KI,bearing_code_prefix,N15_M07_F04_KI01_7:1x1:struct,
canonical_raw_root,data/raw/paderborn,data/raw/paderborn/KI01/N15_M07_F04_KI01_8.mat,N15_M07_F04_KI01_8.mat,.mat,8718008,matlab,True,N15_M07_F04,N15,M07,F04,KI01,8,damaged,KI,bearing_code_prefix,N15_M07_F04_KI01_8:1x1:struct,
canonical_raw_root,data/raw/paderborn,data/raw/paderborn/KI01/N15_M07_F04_KI01_9.mat,N15_M07_F04_KI01_9.mat,.mat,8722968,matlab,True,N15_M07_F04,N15,M07,F04,KI01,9,damaged,KI,bearing_code_prefix,N15_M07_F04_KI01_9:1x1:struct,
canonical_raw_root,data/raw/paderborn,data/raw/paderborn/KI01/N15_M07_F10_KI01_1.mat,N15_M07_F10_KI01_1.mat,.mat,8779128,matlab,True,N15_M07_F10,N15,M07,F10,KI01,1,damaged,KI,bearing_code_prefix,N15_M07_F10_KI01_1:1x1:struct,
canonical_raw_root,data/raw/paderborn,data/raw/paderborn/KI01/N15_M07_F10_KI01_10.mat,N15_M07_F10_KI01_10.mat,.mat,8714904,matlab,True,N15_M07_F10,N15,M07,F10,KI01,10,damaged,KI,bearing_code_prefix,N15_M07_F10_KI01_10:1x1:struct,
canonical_raw_root,data/raw/paderborn,data/raw/paderborn/KI01/N15_M07_F10_KI01_11.mat,N15_M07_F10_KI01_11.mat,.mat,8714904,matlab,True,N15_M07_F10,N15,M07,F10,KI01,11,damaged,KI,bearing_code_prefix,N15_M07_F10_KI01_11:1x1:struct,
canonical_raw_root,data/raw/paderborn,data/raw/paderborn/KI01/N15_M07_F10_KI01_12.mat,N15_M07_F10_KI01_12.mat,.mat,8714904,matlab,True,N15_M07_F10,N15,M07,F10,KI01,12,damaged,KI,bearing_code_prefix,N15_M07_F10_KI01_12:1x1:struct,
canonical_raw_root,data/raw/paderborn,data/raw/paderborn/KI01/N15_M07_F10_KI01_13.mat,N15_M07_F10_KI01_13.mat,.mat,8731384,matlab,True,N15_M07_F10,N15,M07,F10,KI01,13,damaged,KI,bearing_code_prefix,N15_M07_F10_KI01_13:1x1:struct,
canonical_raw_root,data/raw/paderborn,data/raw/paderborn/KI01/N15_M07_F10_KI01_14.mat,N15_M07_F10_KI01_14.mat,.mat,8714904,matlab,True,N15_M07_F10,N15,M07,F10,KI01,14,damaged,KI,bearing_code_prefix,N15_M07_F10_KI01_14:1x1:struct,
canonical_raw_root,data/raw/paderborn,data/raw/paderborn/KI01/N15_M07_F10_KI01_15.mat,N15_M07_F10_KI01_15.mat,.mat,8762168,matlab,True,N15_M07_F10,N15,M07,F10,KI01,15,damaged,KI,bearing_code_prefix,N15_M07_F10_KI01_15:1x1:struct,
canonical_raw_root,data/raw/paderborn,data/raw/paderborn/KI01/N15_M07_F10_KI01_16.mat,N15_M07_F10_KI01_16.mat,.mat,8718552,matlab,True,N15_M07_F10,N15,M07,F10,KI01,16,damaged,KI,bearing_code_prefix,N15_M07_F10_KI01_16:1x1:struct,
canonical_raw_root,data/raw/paderborn,data/raw/paderborn/KI01/N15_M07_F10_KI01_17.mat,N15_M07_F10_KI01_17.mat,.mat,8718104,matlab,True,N15_M07_F10,N15,M07,F10,KI01,17,damaged,KI,bearing_code_prefix,N15_M07_F10_KI01_17:1x1:struct,
canonical_raw_root,data/raw/paderborn,data/raw/paderborn/KI01/N15_M07_F10_KI01_18.mat,N15_M07_F10_KI01_18.mat,.mat,8717720,matlab,True,N15_M07_F10,N15,M07,F10,KI01,18,damaged,KI,bearing_code_prefix,N15_M07_F10_KI01_18:1x1:struct,
canonical_raw_root,data/raw/paderborn,data/raw/paderborn/KI01/N15_M07_F10_KI01_19.mat,N15_M07_F10_KI01_19.mat,.mat,8714904,matlab,True,N15_M07_F10,N15,M07,F10,KI01,19,damaged,KI,bearing_code_prefix,N15_M07_F10_KI01_19:1x1:struct,
canonical_raw_root,data/raw/paderborn,data/raw/paderborn/KI01/N15_M07_F10_KI01_2.mat,N15_M07_F10_KI01_2.mat,.mat,8748216,matlab,True,N15_M07_F10,N15,M07,F10,KI01,2,damaged,KI,bearing_code_prefix,N15_M07_F10_KI01_2:1x1:struct,
canonical_raw_root,data/raw/paderborn,data/raw/paderborn/KI01/N15_M07_F10_KI01_20.mat,N15_M07_F10_KI01_20.mat,.mat,8719264,matlab,True,N15_M07_F10,N15,M07,F10,KI01,20,damaged,KI,bearing_code_prefix,N15_M07_F10_KI01_20:1x1:struct,
canonical_raw_root,data/raw/paderborn,data/raw/paderborn/KI01/N15_M07_F10_KI01_3.mat,N15_M07_F10_KI01_3.mat,.mat,8739264,matlab,True,N15_M07_F10,N15,M07,F10,KI01,3,damaged,KI,bearing_code_prefix,N15_M07_F10_KI01_3:1x1:struct,
canonical_raw_root,data/raw/paderborn,data/raw/paderborn/KI01/N15_M07_F10_KI01_4.mat,N15_M07_F10_KI01_4.mat,.mat,8714904,matlab,True,N15_M07_F10,N15,M07,F10,KI01,4,damaged,KI,bearing_code_prefix,N15_M07_F10_KI01_4:1x1:struct,
canonical_raw_root,data/raw/paderborn,data/raw/paderborn/KI01/N15_M07_F10_KI01_5.mat,N15_M07_F10_KI01_5.mat,.mat,8730488,matlab,True,N15_M07_F10,N15,M07,F10,KI01,5,damaged,KI,bearing_code_prefix,N15_M07_F10_KI01_5:1x1:struct,
canonical_raw_root,data/raw/paderborn,data/raw/paderborn/KI01/N15_M07_F10_KI01_6.mat,N15_M07_F10_KI01_6.mat,.mat,8718272,matlab,True,N15_M07_F10,N15,M07,F10,KI01,6,damaged,KI,bearing_code_prefix,N15_M07_F10_KI01_6:1x1:struct,
canonical_raw_root,data/raw/paderborn,data/raw/paderborn/KI01/N15_M07_F10_KI01_7.mat,N15_M07_F10_KI01_7.mat,.mat,8714904,matlab,True,N15_M07_F10,N15,M07,F10,KI01,7,damaged,KI,bearing_code_prefix,N15_M07_F10_KI01_7:1x1:struct,
canonical_raw_root,data/raw/paderborn,data/raw/paderborn/KI01/N15_M07_F10_KI01_8.mat,N15_M07_F10_KI01_8.mat,.mat,8714904,matlab,True,N15_M07_F10,N15,M07,F10,KI01,8,damaged,KI,bearing_code_prefix,N15_M07_F10_KI01_8:1x1:struct,
canonical_raw_root,data/raw/paderborn,data/raw/paderborn/KI01/N15_M07_F10_KI01_9.mat,N15_M07_F10_KI01_9.mat,.mat,8714904,matlab,True,N15_M07_F10,N15,M07,F10,KI01,9,damaged,KI,bearing_code_prefix,N15_M07_F10_KI01_9:1x1:struct,
canonical_raw_root,data/raw/paderborn,data/raw/paderborn/KI03/KI03.pdf,KI03.pdf,.pdf,231377,pdf,False,,,,,KI03,,damaged,KI,bearing_code_prefix,,No metadata inspector is implemented for this extension
canonical_raw_root,data/raw/paderborn,data/raw/paderborn/KI03/measuring_log_KI03.pdf,measuring_log_KI03.pdf,.pdf,138863,pdf,False,,,,,KI03,,damaged,KI,bearing_code_prefix,,No metadata inspector is implemented for this extension
canonical_raw_root,data/raw/paderborn,data/raw/paderborn/KI03/N09_M07_F10_KI03_1.mat,N09_M07_F10_KI03_1.mat,.mat,8717592,matlab,True,N09_M07_F10,N09,M07,F10,KI03,1,damaged,KI,bearing_code_prefix,N09_M07_F10_KI03_1:1x1:struct,
canonical_raw_root,data/raw/paderborn,data/raw/paderborn/KI03/N09_M07_F10_KI03_10.mat,N09_M07_F10_KI03_10.mat,.mat,8714968,matlab,True,N09_M07_F10,N09,M07,F10,KI03,10,damaged,KI,bearing_code_prefix,N09_M07_F10_KI03_10:1x1:struct,
canonical_raw_root,data/raw/paderborn,data/raw/paderborn/KI03/N09_M07_F10_KI03_11.mat,N09_M07_F10_KI03_11.mat,.mat,8714904,matlab,True,N09_M07_F10,N09,M07,F10,KI03,11,damaged,KI,bearing_code_prefix,N09_M07_F10_KI03_11:1x1:struct,
canonical_raw_root,data/raw/paderborn,data/raw/paderborn/KI03/N09_M07_F10_KI03_12.mat,N09_M07_F10_KI03_12.mat,.mat,8714904,matlab,True,N09_M07_F10,N09,M07,F10,KI03,12,damaged,KI,bearing_code_prefix,N09_M07_F10_KI03_12:1x1:struct,
canonical_raw_root,data/raw/paderborn,data/raw/paderborn/KI03/N09_M07_F10_KI03_13.mat,N09_M07_F10_KI03_13.mat,.mat,8714872,matlab,True,N09_M07_F10,N09,M07,F10,KI03,13,damaged,KI,bearing_code_prefix,N09_M07_F10_KI03_13:1x1:struct,
canonical_raw_root,data/raw/paderborn,data/raw/paderborn/KI03/N09_M07_F10_KI03_14.mat,N09_M07_F10_KI03_14.mat,.mat,8714904,matlab,True,N09_M07_F10,N09,M07,F10,KI03,14,damaged,KI,bearing_code_prefix,N09_M07_F10_KI03_14:1x1:struct,
canonical_raw_root,data/raw/paderborn,data/raw/paderborn/KI03/N09_M07_F10_KI03_15.mat,N09_M07_F10_KI03_15.mat,.mat,8717768,matlab,True,N09_M07_F10,N09,M07,F10,KI03,15,damaged,KI,bearing_code_prefix,N09_M07_F10_KI03_15:1x1:struct,
canonical_raw_root,data/raw/paderborn,data/raw/paderborn/KI03/N09_M07_F10_KI03_16.mat,N09_M07_F10_KI03_16.mat,.mat,8714904,matlab,True,N09_M07_F10,N09,M07,F10,KI03,16,damaged,KI,bearing_code_prefix,N09_M07_F10_KI03_16:1x1:struct,
canonical_raw_root,data/raw/paderborn,data/raw/paderborn/KI03/N09_M07_F10_KI03_17.mat,N09_M07_F10_KI03_17.mat,.mat,8714904,matlab,True,N09_M07_F10,N09,M07,F10,KI03,17,damaged,KI,bearing_code_prefix,N09_M07_F10_KI03_17:1x1:struct,
canonical_raw_root,data/raw/paderborn,data/raw/paderborn/KI03/N09_M07_F10_KI03_18.mat,N09_M07_F10_KI03_18.mat,.mat,8714840,matlab,True,N09_M07_F10,N09,M07,F10,KI03,18,damaged,KI,bearing_code_prefix,N09_M07_F10_KI03_18:1x1:struct,
canonical_raw_root,data/raw/paderborn,data/raw/paderborn/KI03/N09_M07_F10_KI03_19.mat,N09_M07_F10_KI03_19.mat,.mat,8714840,matlab,True,N09_M07_F10,N09,M07,F10,KI03,19,damaged,KI,bearing_code_prefix,N09_M07_F10_KI03_19:1x1:struct,
canonical_raw_root,data/raw/paderborn,data/raw/paderborn/KI03/N09_M07_F10_KI03_2.mat,N09_M07_F10_KI03_2.mat,.mat,8725240,matlab,True,N09_M07_F10,N09,M07,F10,KI03,2,damaged,KI,bearing_code_prefix,N09_M07_F10_KI03_2:1x1:struct,
canonical_raw_root,data/raw/paderborn,data/raw/paderborn/KI03/N09_M07_F10_KI03_20.mat,N09_M07_F10_KI03_20.mat,.mat,8714872,matlab,True,N09_M07_F10,N09,M07,F10,KI03,20,damaged,KI,bearing_code_prefix,N09_M07_F10_KI03_20:1x1:struct,
canonical_raw_root,data/raw/paderborn,data/raw/paderborn/KI03/N09_M07_F10_KI03_3.mat,N09_M07_F10_KI03_3.mat,.mat,8714968,matlab,True,N09_M07_F10,N09,M07,F10,KI03,3,damaged,KI,bearing_code_prefix,N09_M07_F10_KI03_3:1x1:struct,
canonical_raw_root,data/raw/paderborn,data/raw/paderborn/KI03/N09_M07_F10_KI03_4.mat,N09_M07_F10_KI03_4.mat,.mat,8714904,matlab,True,N09_M07_F10,N09,M07,F10,KI03,4,damaged,KI,bearing_code_prefix,N09_M07_F10_KI03_4:1x1:struct,
canonical_raw_root,data/raw/paderborn,data/raw/paderborn/KI03/N09_M07_F10_KI03_5.mat,N09_M07_F10_KI03_5.mat,.mat,8714904,matlab,True,N09_M07_F10,N09,M07,F10,KI03,5,damaged,KI,bearing_code_prefix,N09_M07_F10_KI03_5:1x1:struct,
canonical_raw_root,data/raw/paderborn,data/raw/paderborn/KI03/N09_M07_F10_KI03_6.mat,N09_M07_F10_KI03_6.mat,.mat,8714968,matlab,True,N09_M07_F10,N09,M07,F10,KI03,6,damaged,KI,bearing_code_prefix,N09_M07_F10_KI03_6:1x1:struct,
canonical_raw_root,data/raw/paderborn,data/raw/paderborn/KI03/N09_M07_F10_KI03_7.mat,N09_M07_F10_KI03_7.mat,.mat,8715192,matlab,True,N09_M07_F10,N09,M07,F10,KI03,7,damaged,KI,bearing_code_prefix,N09_M07_F10_KI03_7:1x1:struct,
canonical_raw_root,data/raw/paderborn,data/raw/paderborn/KI03/N09_M07_F10_KI03_8.mat,N09_M07_F10_KI03_8.mat,.mat,8717736,matlab,True,N09_M07_F10,N09,M07,F10,KI03,8,damaged,KI,bearing_code_prefix,N09_M07_F10_KI03_8:1x1:struct,
canonical_raw_root,data/raw/paderborn,data/raw/paderborn/KI03/N09_M07_F10_KI03_9.mat,N09_M07_F10_KI03_9.mat,.mat,8714904,matlab,True,N09_M07_F10,N09,M07,F10,KI03,9,damaged,KI,bearing_code_prefix,N09_M07_F10_KI03_9:1x1:struct,
canonical_raw_root,data/raw/paderborn,data/raw/paderborn/KI03/N15_M01_F10_KI03_1.mat,N15_M01_F10_KI03_1.mat,.mat,8717768,matlab,True,N15_M01_F10,N15,M01,F10,KI03,1,damaged,KI,bearing_code_prefix,N15_M01_F10_KI03_1:1x1:struct,
canonical_raw_root,data/raw/paderborn,data/raw/paderborn/KI03/N15_M01_F10_KI03_10.mat,N15_M01_F10_KI03_10.mat,.mat,8913208,matlab,True,N15_M01_F10,N15,M01,F10,KI03,10,damaged,KI,bearing_code_prefix,N15_M01_F10_KI03_10:1x1:struct,
canonical_raw_root,data/raw/paderborn,data/raw/paderborn/KI03/N15_M01_F10_KI03_11.mat,N15_M01_F10_KI03_11.mat,.mat,8715000,matlab,True,N15_M01_F10,N15,M01,F10,KI03,11,damaged,KI,bearing_code_prefix,N15_M01_F10_KI03_11:1x1:struct,
canonical_raw_root,data/raw/paderborn,data/raw/paderborn/KI03/N15_M01_F10_KI03_12.mat,N15_M01_F10_KI03_12.mat,.mat,9248888,matlab,True,N15_M01_F10,N15,M01,F10,KI03,12,damaged,KI,bearing_code_prefix,N15_M01_F10_KI03_12:1x1:struct,
canonical_raw_root,data/raw/paderborn,data/raw/paderborn/KI03/N15_M01_F10_KI03_13.mat,N15_M01_F10_KI03_13.mat,.mat,8714840,matlab,True,N15_M01_F10,N15,M01,F10,KI03,13,damaged,KI,bearing_code_prefix,N15_M01_F10_KI03_13:1x1:struct,
canonical_raw_root,data/raw/paderborn,data/raw/paderborn/KI03/N15_M01_F10_KI03_14.mat,N15_M01_F10_KI03_14.mat,.mat,8717896,matlab,True,N15_M01_F10,N15,M01,F10,KI03,14,damaged,KI,bearing_code_prefix,N15_M01_F10_KI03_14:1x1:struct,
canonical_raw_root,data/raw/paderborn,data/raw/paderborn/KI03/N15_M01_F10_KI03_15.mat,N15_M01_F10_KI03_15.mat,.mat,8714936,matlab,True,N15_M01_F10,N15,M01,F10,KI03,15,damaged,KI,bearing_code_prefix,N15_M01_F10_KI03_15:1x1:struct,
canonical_raw_root,data/raw/paderborn,data/raw/paderborn/KI03/N15_M01_F10_KI03_16.mat,N15_M01_F10_KI03_16.mat,.mat,8717800,matlab,True,N15_M01_F10,N15,M01,F10,KI03,16,damaged,KI,bearing_code_prefix,N15_M01_F10_KI03_16:1x1:struct,
canonical_raw_root,data/raw/paderborn,data/raw/paderborn/KI03/N15_M01_F10_KI03_17.mat,N15_M01_F10_KI03_17.mat,.mat,8714904,matlab,True,N15_M01_F10,N15,M01,F10,KI03,17,damaged,KI,bearing_code_prefix,N15_M01_F10_KI03_17:1x1:struct,
canonical_raw_root,data/raw/paderborn,data/raw/paderborn/KI03/N15_M01_F10_KI03_18.mat,N15_M01_F10_KI03_18.mat,.mat,8718120,matlab,True,N15_M01_F10,N15,M01,F10,KI03,18,damaged,KI,bearing_code_prefix,N15_M01_F10_KI03_18:1x1:struct,
canonical_raw_root,data/raw/paderborn,data/raw/paderborn/KI03/N15_M01_F10_KI03_19.mat,N15_M01_F10_KI03_19.mat,.mat,8714904,matlab,True,N15_M01_F10,N15,M01,F10,KI03,19,damaged,KI,bearing_code_prefix,N15_M01_F10_KI03_19:1x1:struct,
canonical_raw_root,data/raw/paderborn,data/raw/paderborn/KI03/N15_M01_F10_KI03_2.mat,N15_M01_F10_KI03_2.mat,.mat,8714904,matlab,True,N15_M01_F10,N15,M01,F10,KI03,2,damaged,KI,bearing_code_prefix,N15_M01_F10_KI03_2:1x1:struct,
canonical_raw_root,data/raw/paderborn,data/raw/paderborn/KI03/N15_M01_F10_KI03_20.mat,N15_M01_F10_KI03_20.mat,.mat,8714904,matlab,True,N15_M01_F10,N15,M01,F10,KI03,20,damaged,KI,bearing_code_prefix,N15_M01_F10_KI03_20:1x1:struct,
canonical_raw_root,data/raw/paderborn,data/raw/paderborn/KI03/N15_M01_F10_KI03_3.mat,N15_M01_F10_KI03_3.mat,.mat,8718168,matlab,True,N15_M01_F10,N15,M01,F10,KI03,3,damaged,KI,bearing_code_prefix,N15_M01_F10_KI03_3:1x1:struct,
canonical_raw_root,data/raw/paderborn,data/raw/paderborn/KI03/N15_M01_F10_KI03_4.mat,N15_M01_F10_KI03_4.mat,.mat,8715192,matlab,True,N15_M01_F10,N15,M01,F10,KI03,4,damaged,KI,bearing_code_prefix,N15_M01_F10_KI03_4:1x1:struct,
canonical_raw_root,data/raw/paderborn,data/raw/paderborn/KI03/N15_M01_F10_KI03_5.mat,N15_M01_F10_KI03_5.mat,.mat,8714936,matlab,True,N15_M01_F10,N15,M01,F10,KI03,5,damaged,KI,bearing_code_prefix,N15_M01_F10_KI03_5:1x1:struct,
canonical_raw_root,data/raw/paderborn,data/raw/paderborn/KI03/N15_M01_F10_KI03_6.mat,N15_M01_F10_KI03_6.mat,.mat,8717928,matlab,True,N15_M01_F10,N15,M01,F10,KI03,6,damaged,KI,bearing_code_prefix,N15_M01_F10_KI03_6:1x1:struct,
canonical_raw_root,data/raw/paderborn,data/raw/paderborn/KI03/N15_M01_F10_KI03_7.mat,N15_M01_F10_KI03_7.mat,.mat,8714936,matlab,True,N15_M01_F10,N15,M01,F10,KI03,7,damaged,KI,bearing_code_prefix,N15_M01_F10_KI03_7:1x1:struct,
canonical_raw_root,data/raw/paderborn,data/raw/paderborn/KI03/N15_M01_F10_KI03_8.mat,N15_M01_F10_KI03_8.mat,.mat,8714904,matlab,True,N15_M01_F10,N15,M01,F10,KI03,8,damaged,KI,bearing_code_prefix,N15_M01_F10_KI03_8:1x1:struct,
canonical_raw_root,data/raw/paderborn,data/raw/paderborn/KI03/N15_M01_F10_KI03_9.mat,N15_M01_F10_KI03_9.mat,.mat,8714840,matlab,True,N15_M01_F10,N15,M01,F10,KI03,9,damaged,KI,bearing_code_prefix,N15_M01_F10_KI03_9:1x1:struct,
canonical_raw_root,data/raw/paderborn,data/raw/paderborn/KI03/N15_M07_F04_KI03_1.mat,N15_M07_F04_KI03_1.mat,.mat,8714904,matlab,True,N15_M07_F04,N15,M07,F04,KI03,1,damaged,KI,bearing_code_prefix,N15_M07_F04_KI03_1:1x1:struct,
canonical_raw_root,data/raw/paderborn,data/raw/paderborn/KI03/N15_M07_F04_KI03_10.mat,N15_M07_F04_KI03_10.mat,.mat,8714904,matlab,True,N15_M07_F04,N15,M07,F04,KI03,10,damaged,KI,bearing_code_prefix,N15_M07_F04_KI03_10:1x1:struct,
canonical_raw_root,data/raw/paderborn,data/raw/paderborn/KI03/N15_M07_F04_KI03_11.mat,N15_M07_F04_KI03_11.mat,.mat,8714872,matlab,True,N15_M07_F04,N15,M07,F04,KI03,11,damaged,KI,bearing_code_prefix,N15_M07_F04_KI03_11:1x1:struct,
canonical_raw_root,data/raw/paderborn,data/raw/paderborn/KI03/N15_M07_F04_KI03_12.mat,N15_M07_F04_KI03_12.mat,.mat,8719576,matlab,True,N15_M07_F04,N15,M07,F04,KI03,12,damaged,KI,bearing_code_prefix,N15_M07_F04_KI03_12:1x1:struct,
canonical_raw_root,data/raw/paderborn,data/raw/paderborn/KI03/N15_M07_F04_KI03_13.mat,N15_M07_F04_KI03_13.mat,.mat,8714904,matlab,True,N15_M07_F04,N15,M07,F04,KI03,13,damaged,KI,bearing_code_prefix,N15_M07_F04_KI03_13:1x1:struct,
canonical_raw_root,data/raw/paderborn,data/raw/paderborn/KI03/N15_M07_F04_KI03_14.mat,N15_M07_F04_KI03_14.mat,.mat,8714904,matlab,True,N15_M07_F04,N15,M07,F04,KI03,14,damaged,KI,bearing_code_prefix,N15_M07_F04_KI03_14:1x1:struct,
canonical_raw_root,data/raw/paderborn,data/raw/paderborn/KI03/N15_M07_F04_KI03_15.mat,N15_M07_F04_KI03_15.mat,.mat,8714936,matlab,True,N15_M07_F04,N15,M07,F04,KI03,15,damaged,KI,bearing_code_prefix,N15_M07_F04_KI03_15:1x1:struct,
canonical_raw_root,data/raw/paderborn,data/raw/paderborn/KI03/N15_M07_F04_KI03_16.mat,N15_M07_F04_KI03_16.mat,.mat,8714936,matlab,True,N15_M07_F04,N15,M07,F04,KI03,16,damaged,KI,bearing_code_prefix,N15_M07_F04_KI03_16:1x1:struct,
canonical_raw_root,data/raw/paderborn,data/raw/paderborn/KI03/N15_M07_F04_KI03_17.mat,N15_M07_F04_KI03_17.mat,.mat,8714904,matlab,True,N15_M07_F04,N15,M07,F04,KI03,17,damaged,KI,bearing_code_prefix,N15_M07_F04_KI03_17:1x1:struct,
canonical_raw_root,data/raw/paderborn,data/raw/paderborn/KI03/N15_M07_F04_KI03_18.mat,N15_M07_F04_KI03_18.mat,.mat,8714936,matlab,True,N15_M07_F04,N15,M07,F04,KI03,18,damaged,KI,bearing_code_prefix,N15_M07_F04_KI03_18:1x1:struct,
canonical_raw_root,data/raw/paderborn,data/raw/paderborn/KI03/N15_M07_F04_KI03_19.mat,N15_M07_F04_KI03_19.mat,.mat,8798392,matlab,True,N15_M07_F04,N15,M07,F04,KI03,19,damaged,KI,bearing_code_prefix,N15_M07_F04_KI03_19:1x1:struct,
canonical_raw_root,data/raw/paderborn,data/raw/paderborn/KI03/N15_M07_F04_KI03_2.mat,N15_M07_F04_KI03_2.mat,.mat,8714904,matlab,True,N15_M07_F04,N15,M07,F04,KI03,2,damaged,KI,bearing_code_prefix,N15_M07_F04_KI03_2:1x1:struct,
canonical_raw_root,data/raw/paderborn,data/raw/paderborn/KI03/N15_M07_F04_KI03_20.mat,N15_M07_F04_KI03_20.mat,.mat,8714872,matlab,True,N15_M07_F04,N15,M07,F04,KI03,20,damaged,KI,bearing_code_prefix,N15_M07_F04_KI03_20:1x1:struct,
canonical_raw_root,data/raw/paderborn,data/raw/paderborn/KI03/N15_M07_F04_KI03_3.mat,N15_M07_F04_KI03_3.mat,.mat,9587864,matlab,True,N15_M07_F04,N15,M07,F04,KI03,3,damaged,KI,bearing_code_prefix,N15_M07_F04_KI03_3:1x1:struct,
canonical_raw_root,data/raw/paderborn,data/raw/paderborn/KI03/N15_M07_F04_KI03_4.mat,N15_M07_F04_KI03_4.mat,.mat,8826200,matlab,True,N15_M07_F04,N15,M07,F04,KI03,4,damaged,KI,bearing_code_prefix,N15_M07_F04_KI03_4:1x1:struct,
canonical_raw_root,data/raw/paderborn,data/raw/paderborn/KI03/N15_M07_F04_KI03_5.mat,N15_M07_F04_KI03_5.mat,.mat,8714904,matlab,True,N15_M07_F04,N15,M07,F04,KI03,5,damaged,KI,bearing_code_prefix,N15_M07_F04_KI03_5:1x1:struct,
canonical_raw_root,data/raw/paderborn,data/raw/paderborn/KI03/N15_M07_F04_KI03_6.mat,N15_M07_F04_KI03_6.mat,.mat,8714936,matlab,True,N15_M07_F04,N15,M07,F04,KI03,6,damaged,KI,bearing_code_prefix,N15_M07_F04_KI03_6:1x1:struct,
canonical_raw_root,data/raw/paderborn,data/raw/paderborn/KI03/N15_M07_F04_KI03_7.mat,N15_M07_F04_KI03_7.mat,.mat,8714968,matlab,True,N15_M07_F04,N15,M07,F04,KI03,7,damaged,KI,bearing_code_prefix,N15_M07_F04_KI03_7:1x1:struct,
canonical_raw_root,data/raw/paderborn,data/raw/paderborn/KI03/N15_M07_F04_KI03_8.mat,N15_M07_F04_KI03_8.mat,.mat,8714936,matlab,True,N15_M07_F04,N15,M07,F04,KI03,8,damaged,KI,bearing_code_prefix,N15_M07_F04_KI03_8:1x1:struct,
canonical_raw_root,data/raw/paderborn,data/raw/paderborn/KI03/N15_M07_F04_KI03_9.mat,N15_M07_F04_KI03_9.mat,.mat,8714904,matlab,True,N15_M07_F04,N15,M07,F04,KI03,9,damaged,KI,bearing_code_prefix,N15_M07_F04_KI03_9:1x1:struct,
canonical_raw_root,data/raw/paderborn,data/raw/paderborn/KI03/N15_M07_F10_KI03_1.mat,N15_M07_F10_KI03_1.mat,.mat,8717912,matlab,True,N15_M07_F10,N15,M07,F10,KI03,1,damaged,KI,bearing_code_prefix,N15_M07_F10_KI03_1:1x1:struct,
canonical_raw_root,data/raw/paderborn,data/raw/paderborn/KI03/N15_M07_F10_KI03_10.mat,N15_M07_F10_KI03_10.mat,.mat,8714872,matlab,True,N15_M07_F10,N15,M07,F10,KI03,10,damaged,KI,bearing_code_prefix,N15_M07_F10_KI03_10:1x1:struct,
canonical_raw_root,data/raw/paderborn,data/raw/paderborn/KI03/N15_M07_F10_KI03_11.mat,N15_M07_F10_KI03_11.mat,.mat,8717864,matlab,True,N15_M07_F10,N15,M07,F10,KI03,11,damaged,KI,bearing_code_prefix,N15_M07_F10_KI03_11:1x1:struct,
canonical_raw_root,data/raw/paderborn,data/raw/paderborn/KI03/N15_M07_F10_KI03_12.mat,N15_M07_F10_KI03_12.mat,.mat,8714904,matlab,True,N15_M07_F10,N15,M07,F10,KI03,12,damaged,KI,bearing_code_prefix,N15_M07_F10_KI03_12:1x1:struct,
canonical_raw_root,data/raw/paderborn,data/raw/paderborn/KI03/N15_M07_F10_KI03_13.mat,N15_M07_F10_KI03_13.mat,.mat,8718216,matlab,True,N15_M07_F10,N15,M07,F10,KI03,13,damaged,KI,bearing_code_prefix,N15_M07_F10_KI03_13:1x1:struct,
canonical_raw_root,data/raw/paderborn,data/raw/paderborn/KI03/N15_M07_F10_KI03_14.mat,N15_M07_F10_KI03_14.mat,.mat,8714904,matlab,True,N15_M07_F10,N15,M07,F10,KI03,14,damaged,KI,bearing_code_prefix,N15_M07_F10_KI03_14:1x1:struct,
canonical_raw_root,data/raw/paderborn,data/raw/paderborn/KI03/N15_M07_F10_KI03_15.mat,N15_M07_F10_KI03_15.mat,.mat,8714904,matlab,True,N15_M07_F10,N15,M07,F10,KI03,15,damaged,KI,bearing_code_prefix,N15_M07_F10_KI03_15:1x1:struct,
canonical_raw_root,data/raw/paderborn,data/raw/paderborn/KI03/N15_M07_F10_KI03_16.mat,N15_M07_F10_KI03_16.mat,.mat,8714904,matlab,True,N15_M07_F10,N15,M07,F10,KI03,16,damaged,KI,bearing_code_prefix,N15_M07_F10_KI03_16:1x1:struct,
canonical_raw_root,data/raw/paderborn,data/raw/paderborn/KI03/N15_M07_F10_KI03_17.mat,N15_M07_F10_KI03_17.mat,.mat,8714936,matlab,True,N15_M07_F10,N15,M07,F10,KI03,17,damaged,KI,bearing_code_prefix,N15_M07_F10_KI03_17:1x1:struct,
canonical_raw_root,data/raw/paderborn,data/raw/paderborn/KI03/N15_M07_F10_KI03_18.mat,N15_M07_F10_KI03_18.mat,.mat,8714872,matlab,True,N15_M07_F10,N15,M07,F10,KI03,18,damaged,KI,bearing_code_prefix,N15_M07_F10_KI03_18:1x1:struct,
canonical_raw_root,data/raw/paderborn,data/raw/paderborn/KI03/N15_M07_F10_KI03_19.mat,N15_M07_F10_KI03_19.mat,.mat,8717800,matlab,True,N15_M07_F10,N15,M07,F10,KI03,19,damaged,KI,bearing_code_prefix,N15_M07_F10_KI03_19:1x1:struct,
canonical_raw_root,data/raw/paderborn,data/raw/paderborn/KI03/N15_M07_F10_KI03_2.mat,N15_M07_F10_KI03_2.mat,.mat,8714904,matlab,True,N15_M07_F10,N15,M07,F10,KI03,2,damaged,KI,bearing_code_prefix,N15_M07_F10_KI03_2:1x1:struct,
canonical_raw_root,data/raw/paderborn,data/raw/paderborn/KI03/N15_M07_F10_KI03_20.mat,N15_M07_F10_KI03_20.mat,.mat,8921752,matlab,True,N15_M07_F10,N15,M07,F10,KI03,20,damaged,KI,bearing_code_prefix,N15_M07_F10_KI03_20:1x1:struct,
canonical_raw_root,data/raw/paderborn,data/raw/paderborn/KI03/N15_M07_F10_KI03_3.mat,N15_M07_F10_KI03_3.mat,.mat,8717992,matlab,True,N15_M07_F10,N15,M07,F10,KI03,3,damaged,KI,bearing_code_prefix,N15_M07_F10_KI03_3:1x1:struct,
canonical_raw_root,data/raw/paderborn,data/raw/paderborn/KI03/N15_M07_F10_KI03_4.mat,N15_M07_F10_KI03_4.mat,.mat,8717928,matlab,True,N15_M07_F10,N15,M07,F10,KI03,4,damaged,KI,bearing_code_prefix,N15_M07_F10_KI03_4:1x1:struct,
canonical_raw_root,data/raw/paderborn,data/raw/paderborn/KI03/N15_M07_F10_KI03_5.mat,N15_M07_F10_KI03_5.mat,.mat,8714872,matlab,True,N15_M07_F10,N15,M07,F10,KI03,5,damaged,KI,bearing_code_prefix,N15_M07_F10_KI03_5:1x1:struct,
canonical_raw_root,data/raw/paderborn,data/raw/paderborn/KI03/N15_M07_F10_KI03_6.mat,N15_M07_F10_KI03_6.mat,.mat,8717768,matlab,True,N15_M07_F10,N15,M07,F10,KI03,6,damaged,KI,bearing_code_prefix,N15_M07_F10_KI03_6:1x1:struct,
canonical_raw_root,data/raw/paderborn,data/raw/paderborn/KI03/N15_M07_F10_KI03_7.mat,N15_M07_F10_KI03_7.mat,.mat,8714872,matlab,True,N15_M07_F10,N15,M07,F10,KI03,7,damaged,KI,bearing_code_prefix,N15_M07_F10_KI03_7:1x1:struct,
canonical_raw_root,data/raw/paderborn,data/raw/paderborn/KI03/N15_M07_F10_KI03_8.mat,N15_M07_F10_KI03_8.mat,.mat,8714968,matlab,True,N15_M07_F10,N15,M07,F10,KI03,8,damaged,KI,bearing_code_prefix,N15_M07_F10_KI03_8:1x1:struct,
canonical_raw_root,data/raw/paderborn,data/raw/paderborn/KI03/N15_M07_F10_KI03_9.mat,N15_M07_F10_KI03_9.mat,.mat,8717448,matlab,True,N15_M07_F10,N15,M07,F10,KI03,9,damaged,KI,bearing_code_prefix,N15_M07_F10_KI03_9:1x1:struct,
canonical_raw_root,data/raw/paderborn,data/raw/paderborn/KI04/KI04.pdf,KI04.pdf,.pdf,56607,pdf,False,,,,,KI04,,damaged,KI,bearing_code_prefix,,No metadata inspector is implemented for this extension
canonical_raw_root,data/raw/paderborn,data/raw/paderborn/KI04/measuring_log_KI04.pdf,measuring_log_KI04.pdf,.pdf,211800,pdf,False,,,,,KI04,,damaged,KI,bearing_code_prefix,,No metadata inspector is implemented for this extension
canonical_raw_root,data/raw/paderborn,data/raw/paderborn/KI04/N09_M07_F10_KI04_1.mat,N09_M07_F10_KI04_1.mat,.mat,8717816,matlab,True,N09_M07_F10,N09,M07,F10,KI04,1,damaged,KI,bearing_code_prefix,N09_M07_F10_KI04_1:1x1:struct,
canonical_raw_root,data/raw/paderborn,data/raw/paderborn/KI04/N09_M07_F10_KI04_10.mat,N09_M07_F10_KI04_10.mat,.mat,8848184,matlab,True,N09_M07_F10,N09,M07,F10,KI04,10,damaged,KI,bearing_code_prefix,N09_M07_F10_KI04_10:1x1:struct,
canonical_raw_root,data/raw/paderborn,data/raw/paderborn/KI04/N09_M07_F10_KI04_11.mat,N09_M07_F10_KI04_11.mat,.mat,8867128,matlab,True,N09_M07_F10,N09,M07,F10,KI04,11,damaged,KI,bearing_code_prefix,N09_M07_F10_KI04_11:1x1:struct,
canonical_raw_root,data/raw/paderborn,data/raw/paderborn/KI04/N09_M07_F10_KI04_12.mat,N09_M07_F10_KI04_12.mat,.mat,8714904,matlab,True,N09_M07_F10,N09,M07,F10,KI04,12,damaged,KI,bearing_code_prefix,N09_M07_F10_KI04_12:1x1:struct,
canonical_raw_root,data/raw/paderborn,data/raw/paderborn/KI04/N09_M07_F10_KI04_13.mat,N09_M07_F10_KI04_13.mat,.mat,8714904,matlab,True,N09_M07_F10,N09,M07,F10,KI04,13,damaged,KI,bearing_code_prefix,N09_M07_F10_KI04_13:1x1:struct,
canonical_raw_root,data/raw/paderborn,data/raw/paderborn/KI04/N09_M07_F10_KI04_14.mat,N09_M07_F10_KI04_14.mat,.mat,8717400,matlab,True,N09_M07_F10,N09,M07,F10,KI04,14,damaged,KI,bearing_code_prefix,N09_M07_F10_KI04_14:1x1:struct,
canonical_raw_root,data/raw/paderborn,data/raw/paderborn/KI04/N09_M07_F10_KI04_15.mat,N09_M07_F10_KI04_15.mat,.mat,8912376,matlab,True,N09_M07_F10,N09,M07,F10,KI04,15,damaged,KI,bearing_code_prefix,N09_M07_F10_KI04_15:1x1:struct,
canonical_raw_root,data/raw/paderborn,data/raw/paderborn/KI04/N09_M07_F10_KI04_16.mat,N09_M07_F10_KI04_16.mat,.mat,8904760,matlab,True,N09_M07_F10,N09,M07,F10,KI04,16,damaged,KI,bearing_code_prefix,N09_M07_F10_KI04_16:1x1:struct,
canonical_raw_root,data/raw/paderborn,data/raw/paderborn/KI04/N09_M07_F10_KI04_17.mat,N09_M07_F10_KI04_17.mat,.mat,8714904,matlab,True,N09_M07_F10,N09,M07,F10,KI04,17,damaged,KI,bearing_code_prefix,N09_M07_F10_KI04_17:1x1:struct,
canonical_raw_root,data/raw/paderborn,data/raw/paderborn/KI04/N09_M07_F10_KI04_18.mat,N09_M07_F10_KI04_18.mat,.mat,8714872,matlab,True,N09_M07_F10,N09,M07,F10,KI04,18,damaged,KI,bearing_code_prefix,N09_M07_F10_KI04_18:1x1:struct,
canonical_raw_root,data/raw/paderborn,data/raw/paderborn/KI04/N09_M07_F10_KI04_19.mat,N09_M07_F10_KI04_19.mat,.mat,8714904,matlab,True,N09_M07_F10,N09,M07,F10,KI04,19,damaged,KI,bearing_code_prefix,N09_M07_F10_KI04_19:1x1:struct,
canonical_raw_root,data/raw/paderborn,data/raw/paderborn/KI04/N09_M07_F10_KI04_2.mat,N09_M07_F10_KI04_2.mat,.mat,8717888,matlab,True,N09_M07_F10,N09,M07,F10,KI04,2,damaged,KI,bearing_code_prefix,N09_M07_F10_KI04_2:1x1:struct,
canonical_raw_root,data/raw/paderborn,data/raw/paderborn/KI04/N09_M07_F10_KI04_20.mat,N09_M07_F10_KI04_20.mat,.mat,8714904,matlab,True,N09_M07_F10,N09,M07,F10,KI04,20,damaged,KI,bearing_code_prefix,N09_M07_F10_KI04_20:1x1:struct,
canonical_raw_root,data/raw/paderborn,data/raw/paderborn/KI04/N09_M07_F10_KI04_3.mat,N09_M07_F10_KI04_3.mat,.mat,8714904,matlab,True,N09_M07_F10,N09,M07,F10,KI04,3,damaged,KI,bearing_code_prefix,N09_M07_F10_KI04_3:1x1:struct,
canonical_raw_root,data/raw/paderborn,data/raw/paderborn/KI04/N09_M07_F10_KI04_4.mat,N09_M07_F10_KI04_4.mat,.mat,8717816,matlab,True,N09_M07_F10,N09,M07,F10,KI04,4,damaged,KI,bearing_code_prefix,N09_M07_F10_KI04_4:1x1:struct,
canonical_raw_root,data/raw/paderborn,data/raw/paderborn/KI04/N09_M07_F10_KI04_5.mat,N09_M07_F10_KI04_5.mat,.mat,8714904,matlab,True,N09_M07_F10,N09,M07,F10,KI04,5,damaged,KI,bearing_code_prefix,N09_M07_F10_KI04_5:1x1:struct,
canonical_raw_root,data/raw/paderborn,data/raw/paderborn/KI04/N09_M07_F10_KI04_6.mat,N09_M07_F10_KI04_6.mat,.mat,8717496,matlab,True,N09_M07_F10,N09,M07,F10,KI04,6,damaged,KI,bearing_code_prefix,N09_M07_F10_KI04_6:1x1:struct,
canonical_raw_root,data/raw/paderborn,data/raw/paderborn/KI04/N09_M07_F10_KI04_7.mat,N09_M07_F10_KI04_7.mat,.mat,8714904,matlab,True,N09_M07_F10,N09,M07,F10,KI04,7,damaged,KI,bearing_code_prefix,N09_M07_F10_KI04_7:1x1:struct,
canonical_raw_root,data/raw/paderborn,data/raw/paderborn/KI04/N09_M07_F10_KI04_8.mat,N09_M07_F10_KI04_8.mat,.mat,8717664,matlab,True,N09_M07_F10,N09,M07,F10,KI04,8,damaged,KI,bearing_code_prefix,N09_M07_F10_KI04_8:1x1:struct,
canonical_raw_root,data/raw/paderborn,data/raw/paderborn/KI04/N09_M07_F10_KI04_9.mat,N09_M07_F10_KI04_9.mat,.mat,8714904,matlab,True,N09_M07_F10,N09,M07,F10,KI04,9,damaged,KI,bearing_code_prefix,N09_M07_F10_KI04_9:1x1:struct,
canonical_raw_root,data/raw/paderborn,data/raw/paderborn/KI04/N15_M01_F10_KI04_1.mat,N15_M01_F10_KI04_1.mat,.mat,8738456,matlab,True,N15_M01_F10,N15,M01,F10,KI04,1,damaged,KI,bearing_code_prefix,N15_M01_F10_KI04_1:1x1:struct,
canonical_raw_root,data/raw/paderborn,data/raw/paderborn/KI04/N15_M01_F10_KI04_10.mat,N15_M01_F10_KI04_10.mat,.mat,8714904,matlab,True,N15_M01_F10,N15,M01,F10,KI04,10,damaged,KI,bearing_code_prefix,N15_M01_F10_KI04_10:1x1:struct,
canonical_raw_root,data/raw/paderborn,data/raw/paderborn/KI04/N15_M01_F10_KI04_11.mat,N15_M01_F10_KI04_11.mat,.mat,8714904,matlab,True,N15_M01_F10,N15,M01,F10,KI04,11,damaged,KI,bearing_code_prefix,N15_M01_F10_KI04_11:1x1:struct,
canonical_raw_root,data/raw/paderborn,data/raw/paderborn/KI04/N15_M01_F10_KI04_12.mat,N15_M01_F10_KI04_12.mat,.mat,8714904,matlab,True,N15_M01_F10,N15,M01,F10,KI04,12,damaged,KI,bearing_code_prefix,N15_M01_F10_KI04_12:1x1:struct,
canonical_raw_root,data/raw/paderborn,data/raw/paderborn/KI04/N15_M01_F10_KI04_13.mat,N15_M01_F10_KI04_13.mat,.mat,8714904,matlab,True,N15_M01_F10,N15,M01,F10,KI04,13,damaged,KI,bearing_code_prefix,N15_M01_F10_KI04_13:1x1:struct,
canonical_raw_root,data/raw/paderborn,data/raw/paderborn/KI04/N15_M01_F10_KI04_14.mat,N15_M01_F10_KI04_14.mat,.mat,8714904,matlab,True,N15_M01_F10,N15,M01,F10,KI04,14,damaged,KI,bearing_code_prefix,N15_M01_F10_KI04_14:1x1:struct,
canonical_raw_root,data/raw/paderborn,data/raw/paderborn/KI04/N15_M01_F10_KI04_15.mat,N15_M01_F10_KI04_15.mat,.mat,8714904,matlab,True,N15_M01_F10,N15,M01,F10,KI04,15,damaged,KI,bearing_code_prefix,N15_M01_F10_KI04_15:1x1:struct,
canonical_raw_root,data/raw/paderborn,data/raw/paderborn/KI04/N15_M01_F10_KI04_16.mat,N15_M01_F10_KI04_16.mat,.mat,8714904,matlab,True,N15_M01_F10,N15,M01,F10,KI04,16,damaged,KI,bearing_code_prefix,N15_M01_F10_KI04_16:1x1:struct,
canonical_raw_root,data/raw/paderborn,data/raw/paderborn/KI04/N15_M01_F10_KI04_17.mat,N15_M01_F10_KI04_17.mat,.mat,8717728,matlab,True,N15_M01_F10,N15,M01,F10,KI04,17,damaged,KI,bearing_code_prefix,N15_M01_F10_KI04_17:1x1:struct,
canonical_raw_root,data/raw/paderborn,data/raw/paderborn/KI04/N15_M01_F10_KI04_18.mat,N15_M01_F10_KI04_18.mat,.mat,8714904,matlab,True,N15_M01_F10,N15,M01,F10,KI04,18,damaged,KI,bearing_code_prefix,N15_M01_F10_KI04_18:1x1:struct,
canonical_raw_root,data/raw/paderborn,data/raw/paderborn/KI04/N15_M01_F10_KI04_19.mat,N15_M01_F10_KI04_19.mat,.mat,8714904,matlab,True,N15_M01_F10,N15,M01,F10,KI04,19,damaged,KI,bearing_code_prefix,N15_M01_F10_KI04_19:1x1:struct,
canonical_raw_root,data/raw/paderborn,data/raw/paderborn/KI04/N15_M01_F10_KI04_2.mat,N15_M01_F10_KI04_2.mat,.mat,8714904,matlab,True,N15_M01_F10,N15,M01,F10,KI04,2,damaged,KI,bearing_code_prefix,N15_M01_F10_KI04_2:1x1:struct,
canonical_raw_root,data/raw/paderborn,data/raw/paderborn/KI04/N15_M01_F10_KI04_20.mat,N15_M01_F10_KI04_20.mat,.mat,8714904,matlab,True,N15_M01_F10,N15,M01,F10,KI04,20,damaged,KI,bearing_code_prefix,N15_M01_F10_KI04_20:1x1:struct,
canonical_raw_root,data/raw/paderborn,data/raw/paderborn/KI04/N15_M01_F10_KI04_3.mat,N15_M01_F10_KI04_3.mat,.mat,8714904,matlab,True,N15_M01_F10,N15,M01,F10,KI04,3,damaged,KI,bearing_code_prefix,N15_M01_F10_KI04_3:1x1:struct,
canonical_raw_root,data/raw/paderborn,data/raw/paderborn/KI04/N15_M01_F10_KI04_4.mat,N15_M01_F10_KI04_4.mat,.mat,8714904,matlab,True,N15_M01_F10,N15,M01,F10,KI04,4,damaged,KI,bearing_code_prefix,N15_M01_F10_KI04_4:1x1:struct,
canonical_raw_root,data/raw/paderborn,data/raw/paderborn/KI04/N15_M01_F10_KI04_5.mat,N15_M01_F10_KI04_5.mat,.mat,8714904,matlab,True,N15_M01_F10,N15,M01,F10,KI04,5,damaged,KI,bearing_code_prefix,N15_M01_F10_KI04_5:1x1:struct,
canonical_raw_root,data/raw/paderborn,data/raw/paderborn/KI04/N15_M01_F10_KI04_6.mat,N15_M01_F10_KI04_6.mat,.mat,8714904,matlab,True,N15_M01_F10,N15,M01,F10,KI04,6,damaged,KI,bearing_code_prefix,N15_M01_F10_KI04_6:1x1:struct,
canonical_raw_root,data/raw/paderborn,data/raw/paderborn/KI04/N15_M01_F10_KI04_7.mat,N15_M01_F10_KI04_7.mat,.mat,8714904,matlab,True,N15_M01_F10,N15,M01,F10,KI04,7,damaged,KI,bearing_code_prefix,N15_M01_F10_KI04_7:1x1:struct,
canonical_raw_root,data/raw/paderborn,data/raw/paderborn/KI04/N15_M01_F10_KI04_8.mat,N15_M01_F10_KI04_8.mat,.mat,8714904,matlab,True,N15_M01_F10,N15,M01,F10,KI04,8,damaged,KI,bearing_code_prefix,N15_M01_F10_KI04_8:1x1:struct,
canonical_raw_root,data/raw/paderborn,data/raw/paderborn/KI04/N15_M01_F10_KI04_9.mat,N15_M01_F10_KI04_9.mat,.mat,8714904,matlab,True,N15_M01_F10,N15,M01,F10,KI04,9,damaged,KI,bearing_code_prefix,N15_M01_F10_KI04_9:1x1:struct,
canonical_raw_root,data/raw/paderborn,data/raw/paderborn/KI04/N15_M07_F04_KI04_1.mat,N15_M07_F04_KI04_1.mat,.mat,8715000,matlab,True,N15_M07_F04,N15,M07,F04,KI04,1,damaged,KI,bearing_code_prefix,N15_M07_F04_KI04_1:1x1:struct,
canonical_raw_root,data/raw/paderborn,data/raw/paderborn/KI04/N15_M07_F04_KI04_10.mat,N15_M07_F04_KI04_10.mat,.mat,8717688,matlab,True,N15_M07_F04,N15,M07,F04,KI04,10,damaged,KI,bearing_code_prefix,N15_M07_F04_KI04_10:1x1:struct,
canonical_raw_root,data/raw/paderborn,data/raw/paderborn/KI04/N15_M07_F04_KI04_11.mat,N15_M07_F04_KI04_11.mat,.mat,8717976,matlab,True,N15_M07_F04,N15,M07,F04,KI04,11,damaged,KI,bearing_code_prefix,N15_M07_F04_KI04_11:1x1:struct,
canonical_raw_root,data/raw/paderborn,data/raw/paderborn/KI04/N15_M07_F04_KI04_12.mat,N15_M07_F04_KI04_12.mat,.mat,8717912,matlab,True,N15_M07_F04,N15,M07,F04,KI04,12,damaged,KI,bearing_code_prefix,N15_M07_F04_KI04_12:1x1:struct,
canonical_raw_root,data/raw/paderborn,data/raw/paderborn/KI04/N15_M07_F04_KI04_13.mat,N15_M07_F04_KI04_13.mat,.mat,8717912,matlab,True,N15_M07_F04,N15,M07,F04,KI04,13,damaged,KI,bearing_code_prefix,N15_M07_F04_KI04_13:1x1:struct,
canonical_raw_root,data/raw/paderborn,data/raw/paderborn/KI04/N15_M07_F04_KI04_14.mat,N15_M07_F04_KI04_14.mat,.mat,8714904,matlab,True,N15_M07_F04,N15,M07,F04,KI04,14,damaged,KI,bearing_code_prefix,N15_M07_F04_KI04_14:1x1:struct,
canonical_raw_root,data/raw/paderborn,data/raw/paderborn/KI04/N15_M07_F04_KI04_15.mat,N15_M07_F04_KI04_15.mat,.mat,8714904,matlab,True,N15_M07_F04,N15,M07,F04,KI04,15,damaged,KI,bearing_code_prefix,N15_M07_F04_KI04_15:1x1:struct,
canonical_raw_root,data/raw/paderborn,data/raw/paderborn/KI04/N15_M07_F04_KI04_16.mat,N15_M07_F04_KI04_16.mat,.mat,8714904,matlab,True,N15_M07_F04,N15,M07,F04,KI04,16,damaged,KI,bearing_code_prefix,N15_M07_F04_KI04_16:1x1:struct,
canonical_raw_root,data/raw/paderborn,data/raw/paderborn/KI04/N15_M07_F04_KI04_17.mat,N15_M07_F04_KI04_17.mat,.mat,8717856,matlab,True,N15_M07_F04,N15,M07,F04,KI04,17,damaged,KI,bearing_code_prefix,N15_M07_F04_KI04_17:1x1:struct,
canonical_raw_root,data/raw/paderborn,data/raw/paderborn/KI04/N15_M07_F04_KI04_18.mat,N15_M07_F04_KI04_18.mat,.mat,8714936,matlab,True,N15_M07_F04,N15,M07,F04,KI04,18,damaged,KI,bearing_code_prefix,N15_M07_F04_KI04_18:1x1:struct,
canonical_raw_root,data/raw/paderborn,data/raw/paderborn/KI04/N15_M07_F04_KI04_19.mat,N15_M07_F04_KI04_19.mat,.mat,8888280,matlab,True,N15_M07_F04,N15,M07,F04,KI04,19,damaged,KI,bearing_code_prefix,N15_M07_F04_KI04_19:1x1:struct,
canonical_raw_root,data/raw/paderborn,data/raw/paderborn/KI04/N15_M07_F04_KI04_2.mat,N15_M07_F04_KI04_2.mat,.mat,8717656,matlab,True,N15_M07_F04,N15,M07,F04,KI04,2,damaged,KI,bearing_code_prefix,N15_M07_F04_KI04_2:1x1:struct,
canonical_raw_root,data/raw/paderborn,data/raw/paderborn/KI04/N15_M07_F04_KI04_20.mat,N15_M07_F04_KI04_20.mat,.mat,8717976,matlab,True,N15_M07_F04,N15,M07,F04,KI04,20,damaged,KI,bearing_code_prefix,N15_M07_F04_KI04_20:1x1:struct,
canonical_raw_root,data/raw/paderborn,data/raw/paderborn/KI04/N15_M07_F04_KI04_3.mat,N15_M07_F04_KI04_3.mat,.mat,8714904,matlab,True,N15_M07_F04,N15,M07,F04,KI04,3,damaged,KI,bearing_code_prefix,N15_M07_F04_KI04_3:1x1:struct,
canonical_raw_root,data/raw/paderborn,data/raw/paderborn/KI04/N15_M07_F04_KI04_4.mat,N15_M07_F04_KI04_4.mat,.mat,8745112,matlab,True,N15_M07_F04,N15,M07,F04,KI04,4,damaged,KI,bearing_code_prefix,N15_M07_F04_KI04_4:1x1:struct,
canonical_raw_root,data/raw/paderborn,data/raw/paderborn/KI04/N15_M07_F04_KI04_5.mat,N15_M07_F04_KI04_5.mat,.mat,8727704,matlab,True,N15_M07_F04,N15,M07,F04,KI04,5,damaged,KI,bearing_code_prefix,N15_M07_F04_KI04_5:1x1:struct,
canonical_raw_root,data/raw/paderborn,data/raw/paderborn/KI04/N15_M07_F04_KI04_6.mat,N15_M07_F04_KI04_6.mat,.mat,8734936,matlab,True,N15_M07_F04,N15,M07,F04,KI04,6,damaged,KI,bearing_code_prefix,N15_M07_F04_KI04_6:1x1:struct,
canonical_raw_root,data/raw/paderborn,data/raw/paderborn/KI04/N15_M07_F04_KI04_7.mat,N15_M07_F04_KI04_7.mat,.mat,8714904,matlab,True,N15_M07_F04,N15,M07,F04,KI04,7,damaged,KI,bearing_code_prefix,N15_M07_F04_KI04_7:1x1:struct,
canonical_raw_root,data/raw/paderborn,data/raw/paderborn/KI04/N15_M07_F04_KI04_8.mat,N15_M07_F04_KI04_8.mat,.mat,8714904,matlab,True,N15_M07_F04,N15,M07,F04,KI04,8,damaged,KI,bearing_code_prefix,N15_M07_F04_KI04_8:1x1:struct,
canonical_raw_root,data/raw/paderborn,data/raw/paderborn/KI04/N15_M07_F04_KI04_9.mat,N15_M07_F04_KI04_9.mat,.mat,8726488,matlab,True,N15_M07_F04,N15,M07,F04,KI04,9,damaged,KI,bearing_code_prefix,N15_M07_F04_KI04_9:1x1:struct,
canonical_raw_root,data/raw/paderborn,data/raw/paderborn/KI04/N15_M07_F10_KI04_1.mat,N15_M07_F10_KI04_1.mat,.mat,8714904,matlab,True,N15_M07_F10,N15,M07,F10,KI04,1,damaged,KI,bearing_code_prefix,N15_M07_F10_KI04_1:1x1:struct,
canonical_raw_root,data/raw/paderborn,data/raw/paderborn/KI04/N15_M07_F10_KI04_10.mat,N15_M07_F10_KI04_10.mat,.mat,8714904,matlab,True,N15_M07_F10,N15,M07,F10,KI04,10,damaged,KI,bearing_code_prefix,N15_M07_F10_KI04_10:1x1:struct,
canonical_raw_root,data/raw/paderborn,data/raw/paderborn/KI04/N15_M07_F10_KI04_11.mat,N15_M07_F10_KI04_11.mat,.mat,8714904,matlab,True,N15_M07_F10,N15,M07,F10,KI04,11,damaged,KI,bearing_code_prefix,N15_M07_F10_KI04_11:1x1:struct,
canonical_raw_root,data/raw/paderborn,data/raw/paderborn/KI04/N15_M07_F10_KI04_12.mat,N15_M07_F10_KI04_12.mat,.mat,8714904,matlab,True,N15_M07_F10,N15,M07,F10,KI04,12,damaged,KI,bearing_code_prefix,N15_M07_F10_KI04_12:1x1:struct,
canonical_raw_root,data/raw/paderborn,data/raw/paderborn/KI04/N15_M07_F10_KI04_13.mat,N15_M07_F10_KI04_13.mat,.mat,8714904,matlab,True,N15_M07_F10,N15,M07,F10,KI04,13,damaged,KI,bearing_code_prefix,N15_M07_F10_KI04_13:1x1:struct,
canonical_raw_root,data/raw/paderborn,data/raw/paderborn/KI04/N15_M07_F10_KI04_14.mat,N15_M07_F10_KI04_14.mat,.mat,8717592,matlab,True,N15_M07_F10,N15,M07,F10,KI04,14,damaged,KI,bearing_code_prefix,N15_M07_F10_KI04_14:1x1:struct,
canonical_raw_root,data/raw/paderborn,data/raw/paderborn/KI04/N15_M07_F10_KI04_15.mat,N15_M07_F10_KI04_15.mat,.mat,8717688,matlab,True,N15_M07_F10,N15,M07,F10,KI04,15,damaged,KI,bearing_code_prefix,N15_M07_F10_KI04_15:1x1:struct,
canonical_raw_root,data/raw/paderborn,data/raw/paderborn/KI04/N15_M07_F10_KI04_16.mat,N15_M07_F10_KI04_16.mat,.mat,8714904,matlab,True,N15_M07_F10,N15,M07,F10,KI04,16,damaged,KI,bearing_code_prefix,N15_M07_F10_KI04_16:1x1:struct,
canonical_raw_root,data/raw/paderborn,data/raw/paderborn/KI04/N15_M07_F10_KI04_17.mat,N15_M07_F10_KI04_17.mat,.mat,8762656,matlab,True,N15_M07_F10,N15,M07,F10,KI04,17,damaged,KI,bearing_code_prefix,N15_M07_F10_KI04_17:1x1:struct,
canonical_raw_root,data/raw/paderborn,data/raw/paderborn/KI04/N15_M07_F10_KI04_18.mat,N15_M07_F10_KI04_18.mat,.mat,8714904,matlab,True,N15_M07_F10,N15,M07,F10,KI04,18,damaged,KI,bearing_code_prefix,N15_M07_F10_KI04_18:1x1:struct,
canonical_raw_root,data/raw/paderborn,data/raw/paderborn/KI04/N15_M07_F10_KI04_19.mat,N15_M07_F10_KI04_19.mat,.mat,8714968,matlab,True,N15_M07_F10,N15,M07,F10,KI04,19,damaged,KI,bearing_code_prefix,N15_M07_F10_KI04_19:1x1:struct,
canonical_raw_root,data/raw/paderborn,data/raw/paderborn/KI04/N15_M07_F10_KI04_2.mat,N15_M07_F10_KI04_2.mat,.mat,8714904,matlab,True,N15_M07_F10,N15,M07,F10,KI04,2,damaged,KI,bearing_code_prefix,N15_M07_F10_KI04_2:1x1:struct,
canonical_raw_root,data/raw/paderborn,data/raw/paderborn/KI04/N15_M07_F10_KI04_20.mat,N15_M07_F10_KI04_20.mat,.mat,8719352,matlab,True,N15_M07_F10,N15,M07,F10,KI04,20,damaged,KI,bearing_code_prefix,N15_M07_F10_KI04_20:1x1:struct,
canonical_raw_root,data/raw/paderborn,data/raw/paderborn/KI04/N15_M07_F10_KI04_3.mat,N15_M07_F10_KI04_3.mat,.mat,8714904,matlab,True,N15_M07_F10,N15,M07,F10,KI04,3,damaged,KI,bearing_code_prefix,N15_M07_F10_KI04_3:1x1:struct,
canonical_raw_root,data/raw/paderborn,data/raw/paderborn/KI04/N15_M07_F10_KI04_4.mat,N15_M07_F10_KI04_4.mat,.mat,8741056,matlab,True,N15_M07_F10,N15,M07,F10,KI04,4,damaged,KI,bearing_code_prefix,N15_M07_F10_KI04_4:1x1:struct,
canonical_raw_root,data/raw/paderborn,data/raw/paderborn/KI04/N15_M07_F10_KI04_5.mat,N15_M07_F10_KI04_5.mat,.mat,8717880,matlab,True,N15_M07_F10,N15,M07,F10,KI04,5,damaged,KI,bearing_code_prefix,N15_M07_F10_KI04_5:1x1:struct,
canonical_raw_root,data/raw/paderborn,data/raw/paderborn/KI04/N15_M07_F10_KI04_6.mat,N15_M07_F10_KI04_6.mat,.mat,8714904,matlab,True,N15_M07_F10,N15,M07,F10,KI04,6,damaged,KI,bearing_code_prefix,N15_M07_F10_KI04_6:1x1:struct,
canonical_raw_root,data/raw/paderborn,data/raw/paderborn/KI04/N15_M07_F10_KI04_7.mat,N15_M07_F10_KI04_7.mat,.mat,8714904,matlab,True,N15_M07_F10,N15,M07,F10,KI04,7,damaged,KI,bearing_code_prefix,N15_M07_F10_KI04_7:1x1:struct,
canonical_raw_root,data/raw/paderborn,data/raw/paderborn/KI04/N15_M07_F10_KI04_8.mat,N15_M07_F10_KI04_8.mat,.mat,8742040,matlab,True,N15_M07_F10,N15,M07,F10,KI04,8,damaged,KI,bearing_code_prefix,N15_M07_F10_KI04_8:1x1:struct,
canonical_raw_root,data/raw/paderborn,data/raw/paderborn/KI04/N15_M07_F10_KI04_9.mat,N15_M07_F10_KI04_9.mat,.mat,8717624,matlab,True,N15_M07_F10,N15,M07,F10,KI04,9,damaged,KI,bearing_code_prefix,N15_M07_F10_KI04_9:1x1:struct,
canonical_raw_root,data/raw/paderborn,data/raw/paderborn/KI05/KI05.pdf,KI05.pdf,.pdf,55752,pdf,False,,,,,KI05,,damaged,KI,bearing_code_prefix,,No metadata inspector is implemented for this extension
canonical_raw_root,data/raw/paderborn,data/raw/paderborn/KI05/measuring_log_KI05.pdf,measuring_log_KI05.pdf,.pdf,138900,pdf,False,,,,,KI05,,damaged,KI,bearing_code_prefix,,No metadata inspector is implemented for this extension
canonical_raw_root,data/raw/paderborn,data/raw/paderborn/KI05/N09_M07_F10_KI05_1.mat,N09_M07_F10_KI05_1.mat,.mat,8717600,matlab,True,N09_M07_F10,N09,M07,F10,KI05,1,damaged,KI,bearing_code_prefix,N09_M07_F10_KI05_1:1x1:struct,
canonical_raw_root,data/raw/paderborn,data/raw/paderborn/KI05/N09_M07_F10_KI05_10.mat,N09_M07_F10_KI05_10.mat,.mat,8714904,matlab,True,N09_M07_F10,N09,M07,F10,KI05,10,damaged,KI,bearing_code_prefix,N09_M07_F10_KI05_10:1x1:struct,
canonical_raw_root,data/raw/paderborn,data/raw/paderborn/KI05/N09_M07_F10_KI05_11.mat,N09_M07_F10_KI05_11.mat,.mat,8717832,matlab,True,N09_M07_F10,N09,M07,F10,KI05,11,damaged,KI,bearing_code_prefix,N09_M07_F10_KI05_11:1x1:struct,
canonical_raw_root,data/raw/paderborn,data/raw/paderborn/KI05/N09_M07_F10_KI05_12.mat,N09_M07_F10_KI05_12.mat,.mat,8714904,matlab,True,N09_M07_F10,N09,M07,F10,KI05,12,damaged,KI,bearing_code_prefix,N09_M07_F10_KI05_12:1x1:struct,
canonical_raw_root,data/raw/paderborn,data/raw/paderborn/KI05/N09_M07_F10_KI05_13.mat,N09_M07_F10_KI05_13.mat,.mat,8714872,matlab,True,N09_M07_F10,N09,M07,F10,KI05,13,damaged,KI,bearing_code_prefix,N09_M07_F10_KI05_13:1x1:struct,
canonical_raw_root,data/raw/paderborn,data/raw/paderborn/KI05/N09_M07_F10_KI05_14.mat,N09_M07_F10_KI05_14.mat,.mat,8714904,matlab,True,N09_M07_F10,N09,M07,F10,KI05,14,damaged,KI,bearing_code_prefix,N09_M07_F10_KI05_14:1x1:struct,
canonical_raw_root,data/raw/paderborn,data/raw/paderborn/KI05/N09_M07_F10_KI05_15.mat,N09_M07_F10_KI05_15.mat,.mat,8714872,matlab,True,N09_M07_F10,N09,M07,F10,KI05,15,damaged,KI,bearing_code_prefix,N09_M07_F10_KI05_15:1x1:struct,
canonical_raw_root,data/raw/paderborn,data/raw/paderborn/KI05/N09_M07_F10_KI05_16.mat,N09_M07_F10_KI05_16.mat,.mat,8717848,matlab,True,N09_M07_F10,N09,M07,F10,KI05,16,damaged,KI,bearing_code_prefix,N09_M07_F10_KI05_16:1x1:struct,
canonical_raw_root,data/raw/paderborn,data/raw/paderborn/KI05/N09_M07_F10_KI05_17.mat,N09_M07_F10_KI05_17.mat,.mat,8714872,matlab,True,N09_M07_F10,N09,M07,F10,KI05,17,damaged,KI,bearing_code_prefix,N09_M07_F10_KI05_17:1x1:struct,
canonical_raw_root,data/raw/paderborn,data/raw/paderborn/KI05/N09_M07_F10_KI05_18.mat,N09_M07_F10_KI05_18.mat,.mat,8717368,matlab,True,N09_M07_F10,N09,M07,F10,KI05,18,damaged,KI,bearing_code_prefix,N09_M07_F10_KI05_18:1x1:struct,
canonical_raw_root,data/raw/paderborn,data/raw/paderborn/KI05/N09_M07_F10_KI05_19.mat,N09_M07_F10_KI05_19.mat,.mat,8715032,matlab,True,N09_M07_F10,N09,M07,F10,KI05,19,damaged,KI,bearing_code_prefix,N09_M07_F10_KI05_19:1x1:struct,
canonical_raw_root,data/raw/paderborn,data/raw/paderborn/KI05/N09_M07_F10_KI05_2.mat,N09_M07_F10_KI05_2.mat,.mat,8714904,matlab,True,N09_M07_F10,N09,M07,F10,KI05,2,damaged,KI,bearing_code_prefix,N09_M07_F10_KI05_2:1x1:struct,
canonical_raw_root,data/raw/paderborn,data/raw/paderborn/KI05/N09_M07_F10_KI05_20.mat,N09_M07_F10_KI05_20.mat,.mat,8714840,matlab,True,N09_M07_F10,N09,M07,F10,KI05,20,damaged,KI,bearing_code_prefix,N09_M07_F10_KI05_20:1x1:struct,
canonical_raw_root,data/raw/paderborn,data/raw/paderborn/KI05/N09_M07_F10_KI05_3.mat,N09_M07_F10_KI05_3.mat,.mat,8714904,matlab,True,N09_M07_F10,N09,M07,F10,KI05,3,damaged,KI,bearing_code_prefix,N09_M07_F10_KI05_3:1x1:struct,
canonical_raw_root,data/raw/paderborn,data/raw/paderborn/KI05/N09_M07_F10_KI05_4.mat,N09_M07_F10_KI05_4.mat,.mat,8714904,matlab,True,N09_M07_F10,N09,M07,F10,KI05,4,damaged,KI,bearing_code_prefix,N09_M07_F10_KI05_4:1x1:struct,
canonical_raw_root,data/raw/paderborn,data/raw/paderborn/KI05/N09_M07_F10_KI05_5.mat,N09_M07_F10_KI05_5.mat,.mat,8714904,matlab,True,N09_M07_F10,N09,M07,F10,KI05,5,damaged,KI,bearing_code_prefix,N09_M07_F10_KI05_5:1x1:struct,
canonical_raw_root,data/raw/paderborn,data/raw/paderborn/KI05/N09_M07_F10_KI05_6.mat,N09_M07_F10_KI05_6.mat,.mat,8714904,matlab,True,N09_M07_F10,N09,M07,F10,KI05,6,damaged,KI,bearing_code_prefix,N09_M07_F10_KI05_6:1x1:struct,
canonical_raw_root,data/raw/paderborn,data/raw/paderborn/KI05/N09_M07_F10_KI05_7.mat,N09_M07_F10_KI05_7.mat,.mat,8822200,matlab,True,N09_M07_F10,N09,M07,F10,KI05,7,damaged,KI,bearing_code_prefix,N09_M07_F10_KI05_7:1x1:struct,
canonical_raw_root,data/raw/paderborn,data/raw/paderborn/KI05/N09_M07_F10_KI05_8.mat,N09_M07_F10_KI05_8.mat,.mat,8714904,matlab,True,N09_M07_F10,N09,M07,F10,KI05,8,damaged,KI,bearing_code_prefix,N09_M07_F10_KI05_8:1x1:struct,
canonical_raw_root,data/raw/paderborn,data/raw/paderborn/KI05/N09_M07_F10_KI05_9.mat,N09_M07_F10_KI05_9.mat,.mat,8717536,matlab,True,N09_M07_F10,N09,M07,F10,KI05,9,damaged,KI,bearing_code_prefix,N09_M07_F10_KI05_9:1x1:struct,
canonical_raw_root,data/raw/paderborn,data/raw/paderborn/KI05/N15_M01_F10_KI05_1.mat,N15_M01_F10_KI05_1.mat,.mat,8714936,matlab,True,N15_M01_F10,N15,M01,F10,KI05,1,damaged,KI,bearing_code_prefix,N15_M01_F10_KI05_1:1x1:struct,
canonical_raw_root,data/raw/paderborn,data/raw/paderborn/KI05/N15_M01_F10_KI05_10.mat,N15_M01_F10_KI05_10.mat,.mat,8717752,matlab,True,N15_M01_F10,N15,M01,F10,KI05,10,damaged,KI,bearing_code_prefix,N15_M01_F10_KI05_10:1x1:struct,
canonical_raw_root,data/raw/paderborn,data/raw/paderborn/KI05/N15_M01_F10_KI05_11.mat,N15_M01_F10_KI05_11.mat,.mat,8714872,matlab,True,N15_M01_F10,N15,M01,F10,KI05,11,damaged,KI,bearing_code_prefix,N15_M01_F10_KI05_11:1x1:struct,
canonical_raw_root,data/raw/paderborn,data/raw/paderborn/KI05/N15_M01_F10_KI05_12.mat,N15_M01_F10_KI05_12.mat,.mat,8718392,matlab,True,N15_M01_F10,N15,M01,F10,KI05,12,damaged,KI,bearing_code_prefix,N15_M01_F10_KI05_12:1x1:struct,
canonical_raw_root,data/raw/paderborn,data/raw/paderborn/KI05/N15_M01_F10_KI05_13.mat,N15_M01_F10_KI05_13.mat,.mat,8714904,matlab,True,N15_M01_F10,N15,M01,F10,KI05,13,damaged,KI,bearing_code_prefix,N15_M01_F10_KI05_13:1x1:struct,
canonical_raw_root,data/raw/paderborn,data/raw/paderborn/KI05/N15_M01_F10_KI05_14.mat,N15_M01_F10_KI05_14.mat,.mat,8714904,matlab,True,N15_M01_F10,N15,M01,F10,KI05,14,damaged,KI,bearing_code_prefix,N15_M01_F10_KI05_14:1x1:struct,
canonical_raw_root,data/raw/paderborn,data/raw/paderborn/KI05/N15_M01_F10_KI05_15.mat,N15_M01_F10_KI05_15.mat,.mat,8714904,matlab,True,N15_M01_F10,N15,M01,F10,KI05,15,damaged,KI,bearing_code_prefix,N15_M01_F10_KI05_15:1x1:struct,
canonical_raw_root,data/raw/paderborn,data/raw/paderborn/KI05/N15_M01_F10_KI05_16.mat,N15_M01_F10_KI05_16.mat,.mat,8717784,matlab,True,N15_M01_F10,N15,M01,F10,KI05,16,damaged,KI,bearing_code_prefix,N15_M01_F10_KI05_16:1x1:struct,
canonical_raw_root,data/raw/paderborn,data/raw/paderborn/KI05/N15_M01_F10_KI05_17.mat,N15_M01_F10_KI05_17.mat,.mat,8714904,matlab,True,N15_M01_F10,N15,M01,F10,KI05,17,damaged,KI,bearing_code_prefix,N15_M01_F10_KI05_17:1x1:struct,
canonical_raw_root,data/raw/paderborn,data/raw/paderborn/KI05/N15_M01_F10_KI05_18.mat,N15_M01_F10_KI05_18.mat,.mat,8714808,matlab,True,N15_M01_F10,N15,M01,F10,KI05,18,damaged,KI,bearing_code_prefix,N15_M01_F10_KI05_18:1x1:struct,
canonical_raw_root,data/raw/paderborn,data/raw/paderborn/KI05/N15_M01_F10_KI05_19.mat,N15_M01_F10_KI05_19.mat,.mat,8717752,matlab,True,N15_M01_F10,N15,M01,F10,KI05,19,damaged,KI,bearing_code_prefix,N15_M01_F10_KI05_19:1x1:struct,
canonical_raw_root,data/raw/paderborn,data/raw/paderborn/KI05/N15_M01_F10_KI05_2.mat,N15_M01_F10_KI05_2.mat,.mat,8714904,matlab,True,N15_M01_F10,N15,M01,F10,KI05,2,damaged,KI,bearing_code_prefix,N15_M01_F10_KI05_2:1x1:struct,
canonical_raw_root,data/raw/paderborn,data/raw/paderborn/KI05/N15_M01_F10_KI05_20.mat,N15_M01_F10_KI05_20.mat,.mat,8714936,matlab,True,N15_M01_F10,N15,M01,F10,KI05,20,damaged,KI,bearing_code_prefix,N15_M01_F10_KI05_20:1x1:struct,
canonical_raw_root,data/raw/paderborn,data/raw/paderborn/KI05/N15_M01_F10_KI05_3.mat,N15_M01_F10_KI05_3.mat,.mat,8714872,matlab,True,N15_M01_F10,N15,M01,F10,KI05,3,damaged,KI,bearing_code_prefix,N15_M01_F10_KI05_3:1x1:struct,
canonical_raw_root,data/raw/paderborn,data/raw/paderborn/KI05/N15_M01_F10_KI05_4.mat,N15_M01_F10_KI05_4.mat,.mat,8714904,matlab,True,N15_M01_F10,N15,M01,F10,KI05,4,damaged,KI,bearing_code_prefix,N15_M01_F10_KI05_4:1x1:struct,
canonical_raw_root,data/raw/paderborn,data/raw/paderborn/KI05/N15_M01_F10_KI05_5.mat,N15_M01_F10_KI05_5.mat,.mat,8718104,matlab,True,N15_M01_F10,N15,M01,F10,KI05,5,damaged,KI,bearing_code_prefix,N15_M01_F10_KI05_5:1x1:struct,
canonical_raw_root,data/raw/paderborn,data/raw/paderborn/KI05/N15_M01_F10_KI05_6.mat,N15_M01_F10_KI05_6.mat,.mat,8714904,matlab,True,N15_M01_F10,N15,M01,F10,KI05,6,damaged,KI,bearing_code_prefix,N15_M01_F10_KI05_6:1x1:struct,
canonical_raw_root,data/raw/paderborn,data/raw/paderborn/KI05/N15_M01_F10_KI05_7.mat,N15_M01_F10_KI05_7.mat,.mat,8714904,matlab,True,N15_M01_F10,N15,M01,F10,KI05,7,damaged,KI,bearing_code_prefix,N15_M01_F10_KI05_7:1x1:struct,
canonical_raw_root,data/raw/paderborn,data/raw/paderborn/KI05/N15_M01_F10_KI05_8.mat,N15_M01_F10_KI05_8.mat,.mat,8717944,matlab,True,N15_M01_F10,N15,M01,F10,KI05,8,damaged,KI,bearing_code_prefix,N15_M01_F10_KI05_8:1x1:struct,
canonical_raw_root,data/raw/paderborn,data/raw/paderborn/KI05/N15_M01_F10_KI05_9.mat,N15_M01_F10_KI05_9.mat,.mat,8714872,matlab,True,N15_M01_F10,N15,M01,F10,KI05,9,damaged,KI,bearing_code_prefix,N15_M01_F10_KI05_9:1x1:struct,
canonical_raw_root,data/raw/paderborn,data/raw/paderborn/KI05/N15_M07_F04_KI05_1.mat,N15_M07_F04_KI05_1.mat,.mat,8717736,matlab,True,N15_M07_F04,N15,M07,F04,KI05,1,damaged,KI,bearing_code_prefix,N15_M07_F04_KI05_1:1x1:struct,
canonical_raw_root,data/raw/paderborn,data/raw/paderborn/KI05/N15_M07_F04_KI05_10.mat,N15_M07_F04_KI05_10.mat,.mat,8717864,matlab,True,N15_M07_F04,N15,M07,F04,KI05,10,damaged,KI,bearing_code_prefix,N15_M07_F04_KI05_10:1x1:struct,
canonical_raw_root,data/raw/paderborn,data/raw/paderborn/KI05/N15_M07_F04_KI05_11.mat,N15_M07_F04_KI05_11.mat,.mat,8717384,matlab,True,N15_M07_F04,N15,M07,F04,KI05,11,damaged,KI,bearing_code_prefix,N15_M07_F04_KI05_11:1x1:struct,
canonical_raw_root,data/raw/paderborn,data/raw/paderborn/KI05/N15_M07_F04_KI05_12.mat,N15_M07_F04_KI05_12.mat,.mat,8921976,matlab,True,N15_M07_F04,N15,M07,F04,KI05,12,damaged,KI,bearing_code_prefix,N15_M07_F04_KI05_12:1x1:struct,
canonical_raw_root,data/raw/paderborn,data/raw/paderborn/KI05/N15_M07_F04_KI05_13.mat,N15_M07_F04_KI05_13.mat,.mat,8714904,matlab,True,N15_M07_F04,N15,M07,F04,KI05,13,damaged,KI,bearing_code_prefix,N15_M07_F04_KI05_13:1x1:struct,
canonical_raw_root,data/raw/paderborn,data/raw/paderborn/KI05/N15_M07_F04_KI05_14.mat,N15_M07_F04_KI05_14.mat,.mat,8714904,matlab,True,N15_M07_F04,N15,M07,F04,KI05,14,damaged,KI,bearing_code_prefix,N15_M07_F04_KI05_14:1x1:struct,
canonical_raw_root,data/raw/paderborn,data/raw/paderborn/KI05/N15_M07_F04_KI05_15.mat,N15_M07_F04_KI05_15.mat,.mat,8717592,matlab,True,N15_M07_F04,N15,M07,F04,KI05,15,damaged,KI,bearing_code_prefix,N15_M07_F04_KI05_15:1x1:struct,
canonical_raw_root,data/raw/paderborn,data/raw/paderborn/KI05/N15_M07_F04_KI05_16.mat,N15_M07_F04_KI05_16.mat,.mat,8714904,matlab,True,N15_M07_F04,N15,M07,F04,KI05,16,damaged,KI,bearing_code_prefix,N15_M07_F04_KI05_16:1x1:struct,
canonical_raw_root,data/raw/paderborn,data/raw/paderborn/KI05/N15_M07_F04_KI05_17.mat,N15_M07_F04_KI05_17.mat,.mat,8714872,matlab,True,N15_M07_F04,N15,M07,F04,KI05,17,damaged,KI,bearing_code_prefix,N15_M07_F04_KI05_17:1x1:struct,
canonical_raw_root,data/raw/paderborn,data/raw/paderborn/KI05/N15_M07_F04_KI05_18.mat,N15_M07_F04_KI05_18.mat,.mat,8714904,matlab,True,N15_M07_F04,N15,M07,F04,KI05,18,damaged,KI,bearing_code_prefix,N15_M07_F04_KI05_18:1x1:struct,
canonical_raw_root,data/raw/paderborn,data/raw/paderborn/KI05/N15_M07_F04_KI05_19.mat,N15_M07_F04_KI05_19.mat,.mat,8718472,matlab,True,N15_M07_F04,N15,M07,F04,KI05,19,damaged,KI,bearing_code_prefix,N15_M07_F04_KI05_19:1x1:struct,
canonical_raw_root,data/raw/paderborn,data/raw/paderborn/KI05/N15_M07_F04_KI05_2.mat,N15_M07_F04_KI05_2.mat,.mat,9321240,matlab,True,N15_M07_F04,N15,M07,F04,KI05,2,damaged,KI,bearing_code_prefix,N15_M07_F04_KI05_2:1x1:struct,
canonical_raw_root,data/raw/paderborn,data/raw/paderborn/KI05/N15_M07_F04_KI05_20.mat,N15_M07_F04_KI05_20.mat,.mat,8714904,matlab,True,N15_M07_F04,N15,M07,F04,KI05,20,damaged,KI,bearing_code_prefix,N15_M07_F04_KI05_20:1x1:struct,
canonical_raw_root,data/raw/paderborn,data/raw/paderborn/KI05/N15_M07_F04_KI05_3.mat,N15_M07_F04_KI05_3.mat,.mat,8714904,matlab,True,N15_M07_F04,N15,M07,F04,KI05,3,damaged,KI,bearing_code_prefix,N15_M07_F04_KI05_3:1x1:struct,
canonical_raw_root,data/raw/paderborn,data/raw/paderborn/KI05/N15_M07_F04_KI05_4.mat,N15_M07_F04_KI05_4.mat,.mat,8718056,matlab,True,N15_M07_F04,N15,M07,F04,KI05,4,damaged,KI,bearing_code_prefix,N15_M07_F04_KI05_4:1x1:struct,
canonical_raw_root,data/raw/paderborn,data/raw/paderborn/KI05/N15_M07_F04_KI05_5.mat,N15_M07_F04_KI05_5.mat,.mat,8714936,matlab,True,N15_M07_F04,N15,M07,F04,KI05,5,damaged,KI,bearing_code_prefix,N15_M07_F04_KI05_5:1x1:struct,
canonical_raw_root,data/raw/paderborn,data/raw/paderborn/KI05/N15_M07_F04_KI05_6.mat,N15_M07_F04_KI05_6.mat,.mat,8714872,matlab,True,N15_M07_F04,N15,M07,F04,KI05,6,damaged,KI,bearing_code_prefix,N15_M07_F04_KI05_6:1x1:struct,
canonical_raw_root,data/raw/paderborn,data/raw/paderborn/KI05/N15_M07_F04_KI05_7.mat,N15_M07_F04_KI05_7.mat,.mat,9366136,matlab,True,N15_M07_F04,N15,M07,F04,KI05,7,damaged,KI,bearing_code_prefix,N15_M07_F04_KI05_7:1x1:struct,
canonical_raw_root,data/raw/paderborn,data/raw/paderborn/KI05/N15_M07_F04_KI05_8.mat,N15_M07_F04_KI05_8.mat,.mat,8935032,matlab,True,N15_M07_F04,N15,M07,F04,KI05,8,damaged,KI,bearing_code_prefix,N15_M07_F04_KI05_8:1x1:struct,
canonical_raw_root,data/raw/paderborn,data/raw/paderborn/KI05/N15_M07_F04_KI05_9.mat,N15_M07_F04_KI05_9.mat,.mat,9145848,matlab,True,N15_M07_F04,N15,M07,F04,KI05,9,damaged,KI,bearing_code_prefix,N15_M07_F04_KI05_9:1x1:struct,
canonical_raw_root,data/raw/paderborn,data/raw/paderborn/KI05/N15_M07_F10_KI05_1.mat,N15_M07_F10_KI05_1.mat,.mat,8781912,matlab,True,N15_M07_F10,N15,M07,F10,KI05,1,damaged,KI,bearing_code_prefix,N15_M07_F10_KI05_1:1x1:struct,
canonical_raw_root,data/raw/paderborn,data/raw/paderborn/KI05/N15_M07_F10_KI05_10.mat,N15_M07_F10_KI05_10.mat,.mat,8717560,matlab,True,N15_M07_F10,N15,M07,F10,KI05,10,damaged,KI,bearing_code_prefix,N15_M07_F10_KI05_10:1x1:struct,
canonical_raw_root,data/raw/paderborn,data/raw/paderborn/KI05/N15_M07_F10_KI05_11.mat,N15_M07_F10_KI05_11.mat,.mat,8717592,matlab,True,N15_M07_F10,N15,M07,F10,KI05,11,damaged,KI,bearing_code_prefix,N15_M07_F10_KI05_11:1x1:struct,
canonical_raw_root,data/raw/paderborn,data/raw/paderborn/KI05/N15_M07_F10_KI05_12.mat,N15_M07_F10_KI05_12.mat,.mat,8714904,matlab,True,N15_M07_F10,N15,M07,F10,KI05,12,damaged,KI,bearing_code_prefix,N15_M07_F10_KI05_12:1x1:struct,
canonical_raw_root,data/raw/paderborn,data/raw/paderborn/KI05/N15_M07_F10_KI05_13.mat,N15_M07_F10_KI05_13.mat,.mat,8714904,matlab,True,N15_M07_F10,N15,M07,F10,KI05,13,damaged,KI,bearing_code_prefix,N15_M07_F10_KI05_13:1x1:struct,
canonical_raw_root,data/raw/paderborn,data/raw/paderborn/KI05/N15_M07_F10_KI05_14.mat,N15_M07_F10_KI05_14.mat,.mat,8717864,matlab,True,N15_M07_F10,N15,M07,F10,KI05,14,damaged,KI,bearing_code_prefix,N15_M07_F10_KI05_14:1x1:struct,
canonical_raw_root,data/raw/paderborn,data/raw/paderborn/KI05/N15_M07_F10_KI05_15.mat,N15_M07_F10_KI05_15.mat,.mat,8714904,matlab,True,N15_M07_F10,N15,M07,F10,KI05,15,damaged,KI,bearing_code_prefix,N15_M07_F10_KI05_15:1x1:struct,
canonical_raw_root,data/raw/paderborn,data/raw/paderborn/KI05/N15_M07_F10_KI05_16.mat,N15_M07_F10_KI05_16.mat,.mat,8715064,matlab,True,N15_M07_F10,N15,M07,F10,KI05,16,damaged,KI,bearing_code_prefix,N15_M07_F10_KI05_16:1x1:struct,
canonical_raw_root,data/raw/paderborn,data/raw/paderborn/KI05/N15_M07_F10_KI05_17.mat,N15_M07_F10_KI05_17.mat,.mat,8714904,matlab,True,N15_M07_F10,N15,M07,F10,KI05,17,damaged,KI,bearing_code_prefix,N15_M07_F10_KI05_17:1x1:struct,
canonical_raw_root,data/raw/paderborn,data/raw/paderborn/KI05/N15_M07_F10_KI05_18.mat,N15_M07_F10_KI05_18.mat,.mat,8714904,matlab,True,N15_M07_F10,N15,M07,F10,KI05,18,damaged,KI,bearing_code_prefix,N15_M07_F10_KI05_18:1x1:struct,
canonical_raw_root,data/raw/paderborn,data/raw/paderborn/KI05/N15_M07_F10_KI05_19.mat,N15_M07_F10_KI05_19.mat,.mat,8717864,matlab,True,N15_M07_F10,N15,M07,F10,KI05,19,damaged,KI,bearing_code_prefix,N15_M07_F10_KI05_19:1x1:struct,
canonical_raw_root,data/raw/paderborn,data/raw/paderborn/KI05/N15_M07_F10_KI05_2.mat,N15_M07_F10_KI05_2.mat,.mat,8714904,matlab,True,N15_M07_F10,N15,M07,F10,KI05,2,damaged,KI,bearing_code_prefix,N15_M07_F10_KI05_2:1x1:struct,
canonical_raw_root,data/raw/paderborn,data/raw/paderborn/KI05/N15_M07_F10_KI05_20.mat,N15_M07_F10_KI05_20.mat,.mat,8714904,matlab,True,N15_M07_F10,N15,M07,F10,KI05,20,damaged,KI,bearing_code_prefix,N15_M07_F10_KI05_20:1x1:struct,
canonical_raw_root,data/raw/paderborn,data/raw/paderborn/KI05/N15_M07_F10_KI05_3.mat,N15_M07_F10_KI05_3.mat,.mat,8717592,matlab,True,N15_M07_F10,N15,M07,F10,KI05,3,damaged,KI,bearing_code_prefix,N15_M07_F10_KI05_3:1x1:struct,
canonical_raw_root,data/raw/paderborn,data/raw/paderborn/KI05/N15_M07_F10_KI05_4.mat,N15_M07_F10_KI05_4.mat,.mat,8722200,matlab,True,N15_M07_F10,N15,M07,F10,KI05,4,damaged,KI,bearing_code_prefix,N15_M07_F10_KI05_4:1x1:struct,
canonical_raw_root,data/raw/paderborn,data/raw/paderborn/KI05/N15_M07_F10_KI05_5.mat,N15_M07_F10_KI05_5.mat,.mat,8714968,matlab,True,N15_M07_F10,N15,M07,F10,KI05,5,damaged,KI,bearing_code_prefix,N15_M07_F10_KI05_5:1x1:struct,
canonical_raw_root,data/raw/paderborn,data/raw/paderborn/KI05/N15_M07_F10_KI05_6.mat,N15_M07_F10_KI05_6.mat,.mat,8717720,matlab,True,N15_M07_F10,N15,M07,F10,KI05,6,damaged,KI,bearing_code_prefix,N15_M07_F10_KI05_6:1x1:struct,
canonical_raw_root,data/raw/paderborn,data/raw/paderborn/KI05/N15_M07_F10_KI05_7.mat,N15_M07_F10_KI05_7.mat,.mat,8714872,matlab,True,N15_M07_F10,N15,M07,F10,KI05,7,damaged,KI,bearing_code_prefix,N15_M07_F10_KI05_7:1x1:struct,
canonical_raw_root,data/raw/paderborn,data/raw/paderborn/KI05/N15_M07_F10_KI05_8.mat,N15_M07_F10_KI05_8.mat,.mat,8714872,matlab,True,N15_M07_F10,N15,M07,F10,KI05,8,damaged,KI,bearing_code_prefix,N15_M07_F10_KI05_8:1x1:struct,
canonical_raw_root,data/raw/paderborn,data/raw/paderborn/KI05/N15_M07_F10_KI05_9.mat,N15_M07_F10_KI05_9.mat,.mat,8731672,matlab,True,N15_M07_F10,N15,M07,F10,KI05,9,damaged,KI,bearing_code_prefix,N15_M07_F10_KI05_9:1x1:struct,
canonical_raw_root,data/raw/paderborn,data/raw/paderborn/KI07/KI07.pdf,KI07.pdf,.pdf,231465,pdf,False,,,,,KI07,,damaged,KI,bearing_code_prefix,,No metadata inspector is implemented for this extension
canonical_raw_root,data/raw/paderborn,data/raw/paderborn/KI07/measuring_log_KI07.pdf,measuring_log_KI07.pdf,.pdf,138898,pdf,False,,,,,KI07,,damaged,KI,bearing_code_prefix,,No metadata inspector is implemented for this extension
canonical_raw_root,data/raw/paderborn,data/raw/paderborn/KI07/N09_M07_F10_KI07_1.mat,N09_M07_F10_KI07_1.mat,.mat,8714904,matlab,True,N09_M07_F10,N09,M07,F10,KI07,1,damaged,KI,bearing_code_prefix,N09_M07_F10_KI07_1:1x1:struct,
canonical_raw_root,data/raw/paderborn,data/raw/paderborn/KI07/N09_M07_F10_KI07_10.mat,N09_M07_F10_KI07_10.mat,.mat,8714936,matlab,True,N09_M07_F10,N09,M07,F10,KI07,10,damaged,KI,bearing_code_prefix,N09_M07_F10_KI07_10:1x1:struct,
canonical_raw_root,data/raw/paderborn,data/raw/paderborn/KI07/N09_M07_F10_KI07_11.mat,N09_M07_F10_KI07_11.mat,.mat,8714872,matlab,True,N09_M07_F10,N09,M07,F10,KI07,11,damaged,KI,bearing_code_prefix,N09_M07_F10_KI07_11:1x1:struct,
canonical_raw_root,data/raw/paderborn,data/raw/paderborn/KI07/N09_M07_F10_KI07_12.mat,N09_M07_F10_KI07_12.mat,.mat,8714904,matlab,True,N09_M07_F10,N09,M07,F10,KI07,12,damaged,KI,bearing_code_prefix,N09_M07_F10_KI07_12:1x1:struct,
canonical_raw_root,data/raw/paderborn,data/raw/paderborn/KI07/N09_M07_F10_KI07_13.mat,N09_M07_F10_KI07_13.mat,.mat,8714904,matlab,True,N09_M07_F10,N09,M07,F10,KI07,13,damaged,KI,bearing_code_prefix,N09_M07_F10_KI07_13:1x1:struct,
canonical_raw_root,data/raw/paderborn,data/raw/paderborn/KI07/N09_M07_F10_KI07_14.mat,N09_M07_F10_KI07_14.mat,.mat,8714904,matlab,True,N09_M07_F10,N09,M07,F10,KI07,14,damaged,KI,bearing_code_prefix,N09_M07_F10_KI07_14:1x1:struct,
canonical_raw_root,data/raw/paderborn,data/raw/paderborn/KI07/N09_M07_F10_KI07_15.mat,N09_M07_F10_KI07_15.mat,.mat,8714904,matlab,True,N09_M07_F10,N09,M07,F10,KI07,15,damaged,KI,bearing_code_prefix,N09_M07_F10_KI07_15:1x1:struct,
canonical_raw_root,data/raw/paderborn,data/raw/paderborn/KI07/N09_M07_F10_KI07_16.mat,N09_M07_F10_KI07_16.mat,.mat,8714872,matlab,True,N09_M07_F10,N09,M07,F10,KI07,16,damaged,KI,bearing_code_prefix,N09_M07_F10_KI07_16:1x1:struct,
canonical_raw_root,data/raw/paderborn,data/raw/paderborn/KI07/N09_M07_F10_KI07_17.mat,N09_M07_F10_KI07_17.mat,.mat,8714904,matlab,True,N09_M07_F10,N09,M07,F10,KI07,17,damaged,KI,bearing_code_prefix,N09_M07_F10_KI07_17:1x1:struct,
canonical_raw_root,data/raw/paderborn,data/raw/paderborn/KI07/N09_M07_F10_KI07_18.mat,N09_M07_F10_KI07_18.mat,.mat,8714872,matlab,True,N09_M07_F10,N09,M07,F10,KI07,18,damaged,KI,bearing_code_prefix,N09_M07_F10_KI07_18:1x1:struct,
canonical_raw_root,data/raw/paderborn,data/raw/paderborn/KI07/N09_M07_F10_KI07_19.mat,N09_M07_F10_KI07_19.mat,.mat,8714872,matlab,True,N09_M07_F10,N09,M07,F10,KI07,19,damaged,KI,bearing_code_prefix,N09_M07_F10_KI07_19:1x1:struct,
canonical_raw_root,data/raw/paderborn,data/raw/paderborn/KI07/N09_M07_F10_KI07_2.mat,N09_M07_F10_KI07_2.mat,.mat,9457880,matlab,True,N09_M07_F10,N09,M07,F10,KI07,2,damaged,KI,bearing_code_prefix,N09_M07_F10_KI07_2:1x1:struct,
canonical_raw_root,data/raw/paderborn,data/raw/paderborn/KI07/N09_M07_F10_KI07_20.mat,N09_M07_F10_KI07_20.mat,.mat,8714904,matlab,True,N09_M07_F10,N09,M07,F10,KI07,20,damaged,KI,bearing_code_prefix,N09_M07_F10_KI07_20:1x1:struct,
canonical_raw_root,data/raw/paderborn,data/raw/paderborn/KI07/N09_M07_F10_KI07_3.mat,N09_M07_F10_KI07_3.mat,.mat,8714872,matlab,True,N09_M07_F10,N09,M07,F10,KI07,3,damaged,KI,bearing_code_prefix,N09_M07_F10_KI07_3:1x1:struct,
canonical_raw_root,data/raw/paderborn,data/raw/paderborn/KI07/N09_M07_F10_KI07_4.mat,N09_M07_F10_KI07_4.mat,.mat,8714872,matlab,True,N09_M07_F10,N09,M07,F10,KI07,4,damaged,KI,bearing_code_prefix,N09_M07_F10_KI07_4:1x1:struct,
canonical_raw_root,data/raw/paderborn,data/raw/paderborn/KI07/N09_M07_F10_KI07_5.mat,N09_M07_F10_KI07_5.mat,.mat,8714904,matlab,True,N09_M07_F10,N09,M07,F10,KI07,5,damaged,KI,bearing_code_prefix,N09_M07_F10_KI07_5:1x1:struct,
canonical_raw_root,data/raw/paderborn,data/raw/paderborn/KI07/N09_M07_F10_KI07_6.mat,N09_M07_F10_KI07_6.mat,.mat,8714904,matlab,True,N09_M07_F10,N09,M07,F10,KI07,6,damaged,KI,bearing_code_prefix,N09_M07_F10_KI07_6:1x1:struct,
canonical_raw_root,data/raw/paderborn,data/raw/paderborn/KI07/N09_M07_F10_KI07_7.mat,N09_M07_F10_KI07_7.mat,.mat,8714904,matlab,True,N09_M07_F10,N09,M07,F10,KI07,7,damaged,KI,bearing_code_prefix,N09_M07_F10_KI07_7:1x1:struct,
canonical_raw_root,data/raw/paderborn,data/raw/paderborn/KI07/N09_M07_F10_KI07_8.mat,N09_M07_F10_KI07_8.mat,.mat,8714904,matlab,True,N09_M07_F10,N09,M07,F10,KI07,8,damaged,KI,bearing_code_prefix,N09_M07_F10_KI07_8:1x1:struct,
canonical_raw_root,data/raw/paderborn,data/raw/paderborn/KI07/N09_M07_F10_KI07_9.mat,N09_M07_F10_KI07_9.mat,.mat,8714936,matlab,True,N09_M07_F10,N09,M07,F10,KI07,9,damaged,KI,bearing_code_prefix,N09_M07_F10_KI07_9:1x1:struct,
canonical_raw_root,data/raw/paderborn,data/raw/paderborn/KI07/N15_M01_F10_KI07_1.mat,N15_M01_F10_KI07_1.mat,.mat,8714872,matlab,True,N15_M01_F10,N15,M01,F10,KI07,1,damaged,KI,bearing_code_prefix,N15_M01_F10_KI07_1:1x1:struct,
canonical_raw_root,data/raw/paderborn,data/raw/paderborn/KI07/N15_M01_F10_KI07_10.mat,N15_M01_F10_KI07_10.mat,.mat,8714904,matlab,True,N15_M01_F10,N15,M01,F10,KI07,10,damaged,KI,bearing_code_prefix,N15_M01_F10_KI07_10:1x1:struct,
canonical_raw_root,data/raw/paderborn,data/raw/paderborn/KI07/N15_M01_F10_KI07_11.mat,N15_M01_F10_KI07_11.mat,.mat,8714904,matlab,True,N15_M01_F10,N15,M01,F10,KI07,11,damaged,KI,bearing_code_prefix,N15_M01_F10_KI07_11:1x1:struct,
canonical_raw_root,data/raw/paderborn,data/raw/paderborn/KI07/N15_M01_F10_KI07_12.mat,N15_M01_F10_KI07_12.mat,.mat,8714872,matlab,True,N15_M01_F10,N15,M01,F10,KI07,12,damaged,KI,bearing_code_prefix,N15_M01_F10_KI07_12:1x1:struct,
canonical_raw_root,data/raw/paderborn,data/raw/paderborn/KI07/N15_M01_F10_KI07_13.mat,N15_M01_F10_KI07_13.mat,.mat,8714904,matlab,True,N15_M01_F10,N15,M01,F10,KI07,13,damaged,KI,bearing_code_prefix,N15_M01_F10_KI07_13:1x1:struct,
canonical_raw_root,data/raw/paderborn,data/raw/paderborn/KI07/N15_M01_F10_KI07_14.mat,N15_M01_F10_KI07_14.mat,.mat,8714904,matlab,True,N15_M01_F10,N15,M01,F10,KI07,14,damaged,KI,bearing_code_prefix,N15_M01_F10_KI07_14:1x1:struct,
canonical_raw_root,data/raw/paderborn,data/raw/paderborn/KI07/N15_M01_F10_KI07_15.mat,N15_M01_F10_KI07_15.mat,.mat,8798360,matlab,True,N15_M01_F10,N15,M01,F10,KI07,15,damaged,KI,bearing_code_prefix,N15_M01_F10_KI07_15:1x1:struct,
canonical_raw_root,data/raw/paderborn,data/raw/paderborn/KI07/N15_M01_F10_KI07_16.mat,N15_M01_F10_KI07_16.mat,.mat,8714904,matlab,True,N15_M01_F10,N15,M01,F10,KI07,16,damaged,KI,bearing_code_prefix,N15_M01_F10_KI07_16:1x1:struct,
canonical_raw_root,data/raw/paderborn,data/raw/paderborn/KI07/N15_M01_F10_KI07_17.mat,N15_M01_F10_KI07_17.mat,.mat,8714872,matlab,True,N15_M01_F10,N15,M01,F10,KI07,17,damaged,KI,bearing_code_prefix,N15_M01_F10_KI07_17:1x1:struct,
canonical_raw_root,data/raw/paderborn,data/raw/paderborn/KI07/N15_M01_F10_KI07_18.mat,N15_M01_F10_KI07_18.mat,.mat,8714904,matlab,True,N15_M01_F10,N15,M01,F10,KI07,18,damaged,KI,bearing_code_prefix,N15_M01_F10_KI07_18:1x1:struct,
canonical_raw_root,data/raw/paderborn,data/raw/paderborn/KI07/N15_M01_F10_KI07_19.mat,N15_M01_F10_KI07_19.mat,.mat,8714968,matlab,True,N15_M01_F10,N15,M01,F10,KI07,19,damaged,KI,bearing_code_prefix,N15_M01_F10_KI07_19:1x1:struct,
canonical_raw_root,data/raw/paderborn,data/raw/paderborn/KI07/N15_M01_F10_KI07_2.mat,N15_M01_F10_KI07_2.mat,.mat,8714872,matlab,True,N15_M01_F10,N15,M01,F10,KI07,2,damaged,KI,bearing_code_prefix,N15_M01_F10_KI07_2:1x1:struct,
canonical_raw_root,data/raw/paderborn,data/raw/paderborn/KI07/N15_M01_F10_KI07_20.mat,N15_M01_F10_KI07_20.mat,.mat,8714904,matlab,True,N15_M01_F10,N15,M01,F10,KI07,20,damaged,KI,bearing_code_prefix,N15_M01_F10_KI07_20:1x1:struct,
canonical_raw_root,data/raw/paderborn,data/raw/paderborn/KI07/N15_M01_F10_KI07_3.mat,N15_M01_F10_KI07_3.mat,.mat,8714904,matlab,True,N15_M01_F10,N15,M01,F10,KI07,3,damaged,KI,bearing_code_prefix,N15_M01_F10_KI07_3:1x1:struct,
canonical_raw_root,data/raw/paderborn,data/raw/paderborn/KI07/N15_M01_F10_KI07_4.mat,N15_M01_F10_KI07_4.mat,.mat,8714936,matlab,True,N15_M01_F10,N15,M01,F10,KI07,4,damaged,KI,bearing_code_prefix,N15_M01_F10_KI07_4:1x1:struct,
canonical_raw_root,data/raw/paderborn,data/raw/paderborn/KI07/N15_M01_F10_KI07_5.mat,N15_M01_F10_KI07_5.mat,.mat,8714776,matlab,True,N15_M01_F10,N15,M01,F10,KI07,5,damaged,KI,bearing_code_prefix,N15_M01_F10_KI07_5:1x1:struct,
canonical_raw_root,data/raw/paderborn,data/raw/paderborn/KI07/N15_M01_F10_KI07_6.mat,N15_M01_F10_KI07_6.mat,.mat,8714904,matlab,True,N15_M01_F10,N15,M01,F10,KI07,6,damaged,KI,bearing_code_prefix,N15_M01_F10_KI07_6:1x1:struct,
canonical_raw_root,data/raw/paderborn,data/raw/paderborn/KI07/N15_M01_F10_KI07_7.mat,N15_M01_F10_KI07_7.mat,.mat,9328152,matlab,True,N15_M01_F10,N15,M01,F10,KI07,7,damaged,KI,bearing_code_prefix,N15_M01_F10_KI07_7:1x1:struct,
canonical_raw_root,data/raw/paderborn,data/raw/paderborn/KI07/N15_M01_F10_KI07_8.mat,N15_M01_F10_KI07_8.mat,.mat,8714904,matlab,True,N15_M01_F10,N15,M01,F10,KI07,8,damaged,KI,bearing_code_prefix,N15_M01_F10_KI07_8:1x1:struct,
canonical_raw_root,data/raw/paderborn,data/raw/paderborn/KI07/N15_M01_F10_KI07_9.mat,N15_M01_F10_KI07_9.mat,.mat,8714904,matlab,True,N15_M01_F10,N15,M01,F10,KI07,9,damaged,KI,bearing_code_prefix,N15_M01_F10_KI07_9:1x1:struct,
canonical_raw_root,data/raw/paderborn,data/raw/paderborn/KI07/N15_M07_F04_KI07_1.mat,N15_M07_F04_KI07_1.mat,.mat,8715096,matlab,True,N15_M07_F04,N15,M07,F04,KI07,1,damaged,KI,bearing_code_prefix,N15_M07_F04_KI07_1:1x1:struct,
canonical_raw_root,data/raw/paderborn,data/raw/paderborn/KI07/N15_M07_F04_KI07_10.mat,N15_M07_F04_KI07_10.mat,.mat,8714936,matlab,True,N15_M07_F04,N15,M07,F04,KI07,10,damaged,KI,bearing_code_prefix,N15_M07_F04_KI07_10:1x1:struct,
canonical_raw_root,data/raw/paderborn,data/raw/paderborn/KI07/N15_M07_F04_KI07_11.mat,N15_M07_F04_KI07_11.mat,.mat,8714904,matlab,True,N15_M07_F04,N15,M07,F04,KI07,11,damaged,KI,bearing_code_prefix,N15_M07_F04_KI07_11:1x1:struct,
canonical_raw_root,data/raw/paderborn,data/raw/paderborn/KI07/N15_M07_F04_KI07_12.mat,N15_M07_F04_KI07_12.mat,.mat,8714904,matlab,True,N15_M07_F04,N15,M07,F04,KI07,12,damaged,KI,bearing_code_prefix,N15_M07_F04_KI07_12:1x1:struct,
canonical_raw_root,data/raw/paderborn,data/raw/paderborn/KI07/N15_M07_F04_KI07_13.mat,N15_M07_F04_KI07_13.mat,.mat,8714904,matlab,True,N15_M07_F04,N15,M07,F04,KI07,13,damaged,KI,bearing_code_prefix,N15_M07_F04_KI07_13:1x1:struct,
canonical_raw_root,data/raw/paderborn,data/raw/paderborn/KI07/N15_M07_F04_KI07_14.mat,N15_M07_F04_KI07_14.mat,.mat,8714968,matlab,True,N15_M07_F04,N15,M07,F04,KI07,14,damaged,KI,bearing_code_prefix,N15_M07_F04_KI07_14:1x1:struct,
canonical_raw_root,data/raw/paderborn,data/raw/paderborn/KI07/N15_M07_F04_KI07_15.mat,N15_M07_F04_KI07_15.mat,.mat,8714872,matlab,True,N15_M07_F04,N15,M07,F04,KI07,15,damaged,KI,bearing_code_prefix,N15_M07_F04_KI07_15:1x1:struct,
canonical_raw_root,data/raw/paderborn,data/raw/paderborn/KI07/N15_M07_F04_KI07_16.mat,N15_M07_F04_KI07_16.mat,.mat,8714904,matlab,True,N15_M07_F04,N15,M07,F04,KI07,16,damaged,KI,bearing_code_prefix,N15_M07_F04_KI07_16:1x1:struct,
canonical_raw_root,data/raw/paderborn,data/raw/paderborn/KI07/N15_M07_F04_KI07_17.mat,N15_M07_F04_KI07_17.mat,.mat,8714968,matlab,True,N15_M07_F04,N15,M07,F04,KI07,17,damaged,KI,bearing_code_prefix,N15_M07_F04_KI07_17:1x1:struct,
canonical_raw_root,data/raw/paderborn,data/raw/paderborn/KI07/N15_M07_F04_KI07_18.mat,N15_M07_F04_KI07_18.mat,.mat,8714968,matlab,True,N15_M07_F04,N15,M07,F04,KI07,18,damaged,KI,bearing_code_prefix,N15_M07_F04_KI07_18:1x1:struct,
canonical_raw_root,data/raw/paderborn,data/raw/paderborn/KI07/N15_M07_F04_KI07_19.mat,N15_M07_F04_KI07_19.mat,.mat,8714904,matlab,True,N15_M07_F04,N15,M07,F04,KI07,19,damaged,KI,bearing_code_prefix,N15_M07_F04_KI07_19:1x1:struct,
canonical_raw_root,data/raw/paderborn,data/raw/paderborn/KI07/N15_M07_F04_KI07_2.mat,N15_M07_F04_KI07_2.mat,.mat,8789656,matlab,True,N15_M07_F04,N15,M07,F04,KI07,2,damaged,KI,bearing_code_prefix,N15_M07_F04_KI07_2:1x1:struct,
canonical_raw_root,data/raw/paderborn,data/raw/paderborn/KI07/N15_M07_F04_KI07_20.mat,N15_M07_F04_KI07_20.mat,.mat,8714936,matlab,True,N15_M07_F04,N15,M07,F04,KI07,20,damaged,KI,bearing_code_prefix,N15_M07_F04_KI07_20:1x1:struct,
canonical_raw_root,data/raw/paderborn,data/raw/paderborn/KI07/N15_M07_F04_KI07_3.mat,N15_M07_F04_KI07_3.mat,.mat,8714904,matlab,True,N15_M07_F04,N15,M07,F04,KI07,3,damaged,KI,bearing_code_prefix,N15_M07_F04_KI07_3:1x1:struct,
canonical_raw_root,data/raw/paderborn,data/raw/paderborn/KI07/N15_M07_F04_KI07_4.mat,N15_M07_F04_KI07_4.mat,.mat,8714968,matlab,True,N15_M07_F04,N15,M07,F04,KI07,4,damaged,KI,bearing_code_prefix,N15_M07_F04_KI07_4:1x1:struct,
canonical_raw_root,data/raw/paderborn,data/raw/paderborn/KI07/N15_M07_F04_KI07_5.mat,N15_M07_F04_KI07_5.mat,.mat,8714904,matlab,True,N15_M07_F04,N15,M07,F04,KI07,5,damaged,KI,bearing_code_prefix,N15_M07_F04_KI07_5:1x1:struct,
canonical_raw_root,data/raw/paderborn,data/raw/paderborn/KI07/N15_M07_F04_KI07_6.mat,N15_M07_F04_KI07_6.mat,.mat,8714904,matlab,True,N15_M07_F04,N15,M07,F04,KI07,6,damaged,KI,bearing_code_prefix,N15_M07_F04_KI07_6:1x1:struct,
canonical_raw_root,data/raw/paderborn,data/raw/paderborn/KI07/N15_M07_F04_KI07_7.mat,N15_M07_F04_KI07_7.mat,.mat,8714904,matlab,True,N15_M07_F04,N15,M07,F04,KI07,7,damaged,KI,bearing_code_prefix,N15_M07_F04_KI07_7:1x1:struct,
canonical_raw_root,data/raw/paderborn,data/raw/paderborn/KI07/N15_M07_F04_KI07_8.mat,N15_M07_F04_KI07_8.mat,.mat,8714872,matlab,True,N15_M07_F04,N15,M07,F04,KI07,8,damaged,KI,bearing_code_prefix,N15_M07_F04_KI07_8:1x1:struct,
canonical_raw_root,data/raw/paderborn,data/raw/paderborn/KI07/N15_M07_F04_KI07_9.mat,N15_M07_F04_KI07_9.mat,.mat,8714936,matlab,True,N15_M07_F04,N15,M07,F04,KI07,9,damaged,KI,bearing_code_prefix,N15_M07_F04_KI07_9:1x1:struct,
canonical_raw_root,data/raw/paderborn,data/raw/paderborn/KI07/N15_M07_F10_KI07_1.mat,N15_M07_F10_KI07_1.mat,.mat,8714872,matlab,True,N15_M07_F10,N15,M07,F10,KI07,1,damaged,KI,bearing_code_prefix,N15_M07_F10_KI07_1:1x1:struct,
canonical_raw_root,data/raw/paderborn,data/raw/paderborn/KI07/N15_M07_F10_KI07_10.mat,N15_M07_F10_KI07_10.mat,.mat,8714904,matlab,True,N15_M07_F10,N15,M07,F10,KI07,10,damaged,KI,bearing_code_prefix,N15_M07_F10_KI07_10:1x1:struct,
canonical_raw_root,data/raw/paderborn,data/raw/paderborn/KI07/N15_M07_F10_KI07_11.mat,N15_M07_F10_KI07_11.mat,.mat,8714904,matlab,True,N15_M07_F10,N15,M07,F10,KI07,11,damaged,KI,bearing_code_prefix,N15_M07_F10_KI07_11:1x1:struct,
canonical_raw_root,data/raw/paderborn,data/raw/paderborn/KI07/N15_M07_F10_KI07_12.mat,N15_M07_F10_KI07_12.mat,.mat,8714904,matlab,True,N15_M07_F10,N15,M07,F10,KI07,12,damaged,KI,bearing_code_prefix,N15_M07_F10_KI07_12:1x1:struct,
canonical_raw_root,data/raw/paderborn,data/raw/paderborn/KI07/N15_M07_F10_KI07_13.mat,N15_M07_F10_KI07_13.mat,.mat,8714968,matlab,True,N15_M07_F10,N15,M07,F10,KI07,13,damaged,KI,bearing_code_prefix,N15_M07_F10_KI07_13:1x1:struct,
canonical_raw_root,data/raw/paderborn,data/raw/paderborn/KI07/N15_M07_F10_KI07_14.mat,N15_M07_F10_KI07_14.mat,.mat,8714904,matlab,True,N15_M07_F10,N15,M07,F10,KI07,14,damaged,KI,bearing_code_prefix,N15_M07_F10_KI07_14:1x1:struct,
canonical_raw_root,data/raw/paderborn,data/raw/paderborn/KI07/N15_M07_F10_KI07_15.mat,N15_M07_F10_KI07_15.mat,.mat,8714872,matlab,True,N15_M07_F10,N15,M07,F10,KI07,15,damaged,KI,bearing_code_prefix,N15_M07_F10_KI07_15:1x1:struct,
canonical_raw_root,data/raw/paderborn,data/raw/paderborn/KI07/N15_M07_F10_KI07_16.mat,N15_M07_F10_KI07_16.mat,.mat,8714904,matlab,True,N15_M07_F10,N15,M07,F10,KI07,16,damaged,KI,bearing_code_prefix,N15_M07_F10_KI07_16:1x1:struct,
canonical_raw_root,data/raw/paderborn,data/raw/paderborn/KI07/N15_M07_F10_KI07_17.mat,N15_M07_F10_KI07_17.mat,.mat,8714904,matlab,True,N15_M07_F10,N15,M07,F10,KI07,17,damaged,KI,bearing_code_prefix,N15_M07_F10_KI07_17:1x1:struct,
canonical_raw_root,data/raw/paderborn,data/raw/paderborn/KI07/N15_M07_F10_KI07_18.mat,N15_M07_F10_KI07_18.mat,.mat,8714904,matlab,True,N15_M07_F10,N15,M07,F10,KI07,18,damaged,KI,bearing_code_prefix,N15_M07_F10_KI07_18:1x1:struct,
canonical_raw_root,data/raw/paderborn,data/raw/paderborn/KI07/N15_M07_F10_KI07_19.mat,N15_M07_F10_KI07_19.mat,.mat,8714904,matlab,True,N15_M07_F10,N15,M07,F10,KI07,19,damaged,KI,bearing_code_prefix,N15_M07_F10_KI07_19:1x1:struct,
canonical_raw_root,data/raw/paderborn,data/raw/paderborn/KI07/N15_M07_F10_KI07_2.mat,N15_M07_F10_KI07_2.mat,.mat,9295640,matlab,True,N15_M07_F10,N15,M07,F10,KI07,2,damaged,KI,bearing_code_prefix,N15_M07_F10_KI07_2:1x1:struct,
canonical_raw_root,data/raw/paderborn,data/raw/paderborn/KI07/N15_M07_F10_KI07_20.mat,N15_M07_F10_KI07_20.mat,.mat,8714840,matlab,True,N15_M07_F10,N15,M07,F10,KI07,20,damaged,KI,bearing_code_prefix,N15_M07_F10_KI07_20:1x1:struct,
canonical_raw_root,data/raw/paderborn,data/raw/paderborn/KI07/N15_M07_F10_KI07_3.mat,N15_M07_F10_KI07_3.mat,.mat,8714904,matlab,True,N15_M07_F10,N15,M07,F10,KI07,3,damaged,KI,bearing_code_prefix,N15_M07_F10_KI07_3:1x1:struct,
canonical_raw_root,data/raw/paderborn,data/raw/paderborn/KI07/N15_M07_F10_KI07_4.mat,N15_M07_F10_KI07_4.mat,.mat,8714872,matlab,True,N15_M07_F10,N15,M07,F10,KI07,4,damaged,KI,bearing_code_prefix,N15_M07_F10_KI07_4:1x1:struct,
canonical_raw_root,data/raw/paderborn,data/raw/paderborn/KI07/N15_M07_F10_KI07_5.mat,N15_M07_F10_KI07_5.mat,.mat,8714872,matlab,True,N15_M07_F10,N15,M07,F10,KI07,5,damaged,KI,bearing_code_prefix,N15_M07_F10_KI07_5:1x1:struct,
canonical_raw_root,data/raw/paderborn,data/raw/paderborn/KI07/N15_M07_F10_KI07_6.mat,N15_M07_F10_KI07_6.mat,.mat,8715096,matlab,True,N15_M07_F10,N15,M07,F10,KI07,6,damaged,KI,bearing_code_prefix,N15_M07_F10_KI07_6:1x1:struct,
canonical_raw_root,data/raw/paderborn,data/raw/paderborn/KI07/N15_M07_F10_KI07_7.mat,N15_M07_F10_KI07_7.mat,.mat,8714904,matlab,True,N15_M07_F10,N15,M07,F10,KI07,7,damaged,KI,bearing_code_prefix,N15_M07_F10_KI07_7:1x1:struct,
canonical_raw_root,data/raw/paderborn,data/raw/paderborn/KI07/N15_M07_F10_KI07_8.mat,N15_M07_F10_KI07_8.mat,.mat,8714904,matlab,True,N15_M07_F10,N15,M07,F10,KI07,8,damaged,KI,bearing_code_prefix,N15_M07_F10_KI07_8:1x1:struct,
canonical_raw_root,data/raw/paderborn,data/raw/paderborn/KI07/N15_M07_F10_KI07_9.mat,N15_M07_F10_KI07_9.mat,.mat,8714904,matlab,True,N15_M07_F10,N15,M07,F10,KI07,9,damaged,KI,bearing_code_prefix,N15_M07_F10_KI07_9:1x1:struct,
canonical_raw_root,data/raw/paderborn,data/raw/paderborn/KI08/KI08.pdf,KI08.pdf,.pdf,55658,pdf,False,,,,,KI08,,damaged,KI,bearing_code_prefix,,No metadata inspector is implemented for this extension
canonical_raw_root,data/raw/paderborn,data/raw/paderborn/KI08/measuring_log_KI08.pdf,measuring_log_KI08.pdf,.pdf,139102,pdf,False,,,,,KI08,,damaged,KI,bearing_code_prefix,,No metadata inspector is implemented for this extension
canonical_raw_root,data/raw/paderborn,data/raw/paderborn/KI08/N09_M07_F10_KI08_1.mat,N09_M07_F10_KI08_1.mat,.mat,8714872,matlab,True,N09_M07_F10,N09,M07,F10,KI08,1,damaged,KI,bearing_code_prefix,N09_M07_F10_KI08_1:1x1:struct,
canonical_raw_root,data/raw/paderborn,data/raw/paderborn/KI08/N09_M07_F10_KI08_10.mat,N09_M07_F10_KI08_10.mat,.mat,8714904,matlab,True,N09_M07_F10,N09,M07,F10,KI08,10,damaged,KI,bearing_code_prefix,N09_M07_F10_KI08_10:1x1:struct,
canonical_raw_root,data/raw/paderborn,data/raw/paderborn/KI08/N09_M07_F10_KI08_11.mat,N09_M07_F10_KI08_11.mat,.mat,8714904,matlab,True,N09_M07_F10,N09,M07,F10,KI08,11,damaged,KI,bearing_code_prefix,N09_M07_F10_KI08_11:1x1:struct,
canonical_raw_root,data/raw/paderborn,data/raw/paderborn/KI08/N09_M07_F10_KI08_12.mat,N09_M07_F10_KI08_12.mat,.mat,8714936,matlab,True,N09_M07_F10,N09,M07,F10,KI08,12,damaged,KI,bearing_code_prefix,N09_M07_F10_KI08_12:1x1:struct,
canonical_raw_root,data/raw/paderborn,data/raw/paderborn/KI08/N09_M07_F10_KI08_13.mat,N09_M07_F10_KI08_13.mat,.mat,8714936,matlab,True,N09_M07_F10,N09,M07,F10,KI08,13,damaged,KI,bearing_code_prefix,N09_M07_F10_KI08_13:1x1:struct,
canonical_raw_root,data/raw/paderborn,data/raw/paderborn/KI08/N09_M07_F10_KI08_14.mat,N09_M07_F10_KI08_14.mat,.mat,8714904,matlab,True,N09_M07_F10,N09,M07,F10,KI08,14,damaged,KI,bearing_code_prefix,N09_M07_F10_KI08_14:1x1:struct,
canonical_raw_root,data/raw/paderborn,data/raw/paderborn/KI08/N09_M07_F10_KI08_15.mat,N09_M07_F10_KI08_15.mat,.mat,8714904,matlab,True,N09_M07_F10,N09,M07,F10,KI08,15,damaged,KI,bearing_code_prefix,N09_M07_F10_KI08_15:1x1:struct,
canonical_raw_root,data/raw/paderborn,data/raw/paderborn/KI08/N09_M07_F10_KI08_16.mat,N09_M07_F10_KI08_16.mat,.mat,8714904,matlab,True,N09_M07_F10,N09,M07,F10,KI08,16,damaged,KI,bearing_code_prefix,N09_M07_F10_KI08_16:1x1:struct,
canonical_raw_root,data/raw/paderborn,data/raw/paderborn/KI08/N09_M07_F10_KI08_17.mat,N09_M07_F10_KI08_17.mat,.mat,8714872,matlab,True,N09_M07_F10,N09,M07,F10,KI08,17,damaged,KI,bearing_code_prefix,N09_M07_F10_KI08_17:1x1:struct,
canonical_raw_root,data/raw/paderborn,data/raw/paderborn/KI08/N09_M07_F10_KI08_18.mat,N09_M07_F10_KI08_18.mat,.mat,8714904,matlab,True,N09_M07_F10,N09,M07,F10,KI08,18,damaged,KI,bearing_code_prefix,N09_M07_F10_KI08_18:1x1:struct,
canonical_raw_root,data/raw/paderborn,data/raw/paderborn/KI08/N09_M07_F10_KI08_19.mat,N09_M07_F10_KI08_19.mat,.mat,8714904,matlab,True,N09_M07_F10,N09,M07,F10,KI08,19,damaged,KI,bearing_code_prefix,N09_M07_F10_KI08_19:1x1:struct,
canonical_raw_root,data/raw/paderborn,data/raw/paderborn/KI08/N09_M07_F10_KI08_2.mat,N09_M07_F10_KI08_2.mat,.mat,8714872,matlab,True,N09_M07_F10,N09,M07,F10,KI08,2,damaged,KI,bearing_code_prefix,N09_M07_F10_KI08_2:1x1:struct,
canonical_raw_root,data/raw/paderborn,data/raw/paderborn/KI08/N09_M07_F10_KI08_20.mat,N09_M07_F10_KI08_20.mat,.mat,8714840,matlab,True,N09_M07_F10,N09,M07,F10,KI08,20,damaged,KI,bearing_code_prefix,N09_M07_F10_KI08_20:1x1:struct,
canonical_raw_root,data/raw/paderborn,data/raw/paderborn/KI08/N09_M07_F10_KI08_3.mat,N09_M07_F10_KI08_3.mat,.mat,8866776,matlab,True,N09_M07_F10,N09,M07,F10,KI08,3,damaged,KI,bearing_code_prefix,N09_M07_F10_KI08_3:1x1:struct,
canonical_raw_root,data/raw/paderborn,data/raw/paderborn/KI08/N09_M07_F10_KI08_4.mat,N09_M07_F10_KI08_4.mat,.mat,8714840,matlab,True,N09_M07_F10,N09,M07,F10,KI08,4,damaged,KI,bearing_code_prefix,N09_M07_F10_KI08_4:1x1:struct,
canonical_raw_root,data/raw/paderborn,data/raw/paderborn/KI08/N09_M07_F10_KI08_5.mat,N09_M07_F10_KI08_5.mat,.mat,8714936,matlab,True,N09_M07_F10,N09,M07,F10,KI08,5,damaged,KI,bearing_code_prefix,N09_M07_F10_KI08_5:1x1:struct,
canonical_raw_root,data/raw/paderborn,data/raw/paderborn/KI08/N09_M07_F10_KI08_6.mat,N09_M07_F10_KI08_6.mat,.mat,8714872,matlab,True,N09_M07_F10,N09,M07,F10,KI08,6,damaged,KI,bearing_code_prefix,N09_M07_F10_KI08_6:1x1:struct,
canonical_raw_root,data/raw/paderborn,data/raw/paderborn/KI08/N09_M07_F10_KI08_7.mat,N09_M07_F10_KI08_7.mat,.mat,8714968,matlab,True,N09_M07_F10,N09,M07,F10,KI08,7,damaged,KI,bearing_code_prefix,N09_M07_F10_KI08_7:1x1:struct,
canonical_raw_root,data/raw/paderborn,data/raw/paderborn/KI08/N09_M07_F10_KI08_8.mat,N09_M07_F10_KI08_8.mat,.mat,8714904,matlab,True,N09_M07_F10,N09,M07,F10,KI08,8,damaged,KI,bearing_code_prefix,N09_M07_F10_KI08_8:1x1:struct,
canonical_raw_root,data/raw/paderborn,data/raw/paderborn/KI08/N09_M07_F10_KI08_9.mat,N09_M07_F10_KI08_9.mat,.mat,9379736,matlab,True,N09_M07_F10,N09,M07,F10,KI08,9,damaged,KI,bearing_code_prefix,N09_M07_F10_KI08_9:1x1:struct,
canonical_raw_root,data/raw/paderborn,data/raw/paderborn/KI08/N15_M01_F10_KI08_1.mat,N15_M01_F10_KI08_1.mat,.mat,8714904,matlab,True,N15_M01_F10,N15,M01,F10,KI08,1,damaged,KI,bearing_code_prefix,N15_M01_F10_KI08_1:1x1:struct,
canonical_raw_root,data/raw/paderborn,data/raw/paderborn/KI08/N15_M01_F10_KI08_10.mat,N15_M01_F10_KI08_10.mat,.mat,8714904,matlab,True,N15_M01_F10,N15,M01,F10,KI08,10,damaged,KI,bearing_code_prefix,N15_M01_F10_KI08_10:1x1:struct,
canonical_raw_root,data/raw/paderborn,data/raw/paderborn/KI08/N15_M01_F10_KI08_11.mat,N15_M01_F10_KI08_11.mat,.mat,8714904,matlab,True,N15_M01_F10,N15,M01,F10,KI08,11,damaged,KI,bearing_code_prefix,N15_M01_F10_KI08_11:1x1:struct,
canonical_raw_root,data/raw/paderborn,data/raw/paderborn/KI08/N15_M01_F10_KI08_12.mat,N15_M01_F10_KI08_12.mat,.mat,8714904,matlab,True,N15_M01_F10,N15,M01,F10,KI08,12,damaged,KI,bearing_code_prefix,N15_M01_F10_KI08_12:1x1:struct,
canonical_raw_root,data/raw/paderborn,data/raw/paderborn/KI08/N15_M01_F10_KI08_13.mat,N15_M01_F10_KI08_13.mat,.mat,8714904,matlab,True,N15_M01_F10,N15,M01,F10,KI08,13,damaged,KI,bearing_code_prefix,N15_M01_F10_KI08_13:1x1:struct,
canonical_raw_root,data/raw/paderborn,data/raw/paderborn/KI08/N15_M01_F10_KI08_14.mat,N15_M01_F10_KI08_14.mat,.mat,8714872,matlab,True,N15_M01_F10,N15,M01,F10,KI08,14,damaged,KI,bearing_code_prefix,N15_M01_F10_KI08_14:1x1:struct,
canonical_raw_root,data/raw/paderborn,data/raw/paderborn/KI08/N15_M01_F10_KI08_15.mat,N15_M01_F10_KI08_15.mat,.mat,8714904,matlab,True,N15_M01_F10,N15,M01,F10,KI08,15,damaged,KI,bearing_code_prefix,N15_M01_F10_KI08_15:1x1:struct,
canonical_raw_root,data/raw/paderborn,data/raw/paderborn/KI08/N15_M01_F10_KI08_16.mat,N15_M01_F10_KI08_16.mat,.mat,8714904,matlab,True,N15_M01_F10,N15,M01,F10,KI08,16,damaged,KI,bearing_code_prefix,N15_M01_F10_KI08_16:1x1:struct,
canonical_raw_root,data/raw/paderborn,data/raw/paderborn/KI08/N15_M01_F10_KI08_17.mat,N15_M01_F10_KI08_17.mat,.mat,8714904,matlab,True,N15_M01_F10,N15,M01,F10,KI08,17,damaged,KI,bearing_code_prefix,N15_M01_F10_KI08_17:1x1:struct,
canonical_raw_root,data/raw/paderborn,data/raw/paderborn/KI08/N15_M01_F10_KI08_18.mat,N15_M01_F10_KI08_18.mat,.mat,8714872,matlab,True,N15_M01_F10,N15,M01,F10,KI08,18,damaged,KI,bearing_code_prefix,N15_M01_F10_KI08_18:1x1:struct,
canonical_raw_root,data/raw/paderborn,data/raw/paderborn/KI08/N15_M01_F10_KI08_19.mat,N15_M01_F10_KI08_19.mat,.mat,8714904,matlab,True,N15_M01_F10,N15,M01,F10,KI08,19,damaged,KI,bearing_code_prefix,N15_M01_F10_KI08_19:1x1:struct,
canonical_raw_root,data/raw/paderborn,data/raw/paderborn/KI08/N15_M01_F10_KI08_2.mat,N15_M01_F10_KI08_2.mat,.mat,8714904,matlab,True,N15_M01_F10,N15,M01,F10,KI08,2,damaged,KI,bearing_code_prefix,N15_M01_F10_KI08_2:1x1:struct,
canonical_raw_root,data/raw/paderborn,data/raw/paderborn/KI08/N15_M01_F10_KI08_20.mat,N15_M01_F10_KI08_20.mat,.mat,8714872,matlab,True,N15_M01_F10,N15,M01,F10,KI08,20,damaged,KI,bearing_code_prefix,N15_M01_F10_KI08_20:1x1:struct,
canonical_raw_root,data/raw/paderborn,data/raw/paderborn/KI08/N15_M01_F10_KI08_3.mat,N15_M01_F10_KI08_3.mat,.mat,8714904,matlab,True,N15_M01_F10,N15,M01,F10,KI08,3,damaged,KI,bearing_code_prefix,N15_M01_F10_KI08_3:1x1:struct,
canonical_raw_root,data/raw/paderborn,data/raw/paderborn/KI08/N15_M01_F10_KI08_4.mat,N15_M01_F10_KI08_4.mat,.mat,8714904,matlab,True,N15_M01_F10,N15,M01,F10,KI08,4,damaged,KI,bearing_code_prefix,N15_M01_F10_KI08_4:1x1:struct,
canonical_raw_root,data/raw/paderborn,data/raw/paderborn/KI08/N15_M01_F10_KI08_5.mat,N15_M01_F10_KI08_5.mat,.mat,8714904,matlab,True,N15_M01_F10,N15,M01,F10,KI08,5,damaged,KI,bearing_code_prefix,N15_M01_F10_KI08_5:1x1:struct,
canonical_raw_root,data/raw/paderborn,data/raw/paderborn/KI08/N15_M01_F10_KI08_6.mat,N15_M01_F10_KI08_6.mat,.mat,8714904,matlab,True,N15_M01_F10,N15,M01,F10,KI08,6,damaged,KI,bearing_code_prefix,N15_M01_F10_KI08_6:1x1:struct,
canonical_raw_root,data/raw/paderborn,data/raw/paderborn/KI08/N15_M01_F10_KI08_7.mat,N15_M01_F10_KI08_7.mat,.mat,8714904,matlab,True,N15_M01_F10,N15,M01,F10,KI08,7,damaged,KI,bearing_code_prefix,N15_M01_F10_KI08_7:1x1:struct,
canonical_raw_root,data/raw/paderborn,data/raw/paderborn/KI08/N15_M01_F10_KI08_8.mat,N15_M01_F10_KI08_8.mat,.mat,8714904,matlab,True,N15_M01_F10,N15,M01,F10,KI08,8,damaged,KI,bearing_code_prefix,N15_M01_F10_KI08_8:1x1:struct,
canonical_raw_root,data/raw/paderborn,data/raw/paderborn/KI08/N15_M01_F10_KI08_9.mat,N15_M01_F10_KI08_9.mat,.mat,8714904,matlab,True,N15_M01_F10,N15,M01,F10,KI08,9,damaged,KI,bearing_code_prefix,N15_M01_F10_KI08_9:1x1:struct,
canonical_raw_root,data/raw/paderborn,data/raw/paderborn/KI08/N15_M07_F04_KI08_1.mat,N15_M07_F04_KI08_1.mat,.mat,8726296,matlab,True,N15_M07_F04,N15,M07,F04,KI08,1,damaged,KI,bearing_code_prefix,N15_M07_F04_KI08_1:1x1:struct,
canonical_raw_root,data/raw/paderborn,data/raw/paderborn/KI08/N15_M07_F04_KI08_10.mat,N15_M07_F04_KI08_10.mat,.mat,8714904,matlab,True,N15_M07_F04,N15,M07,F04,KI08,10,damaged,KI,bearing_code_prefix,N15_M07_F04_KI08_10:1x1:struct,
canonical_raw_root,data/raw/paderborn,data/raw/paderborn/KI08/N15_M07_F04_KI08_11.mat,N15_M07_F04_KI08_11.mat,.mat,8714904,matlab,True,N15_M07_F04,N15,M07,F04,KI08,11,damaged,KI,bearing_code_prefix,N15_M07_F04_KI08_11:1x1:struct,
canonical_raw_root,data/raw/paderborn,data/raw/paderborn/KI08/N15_M07_F04_KI08_12.mat,N15_M07_F04_KI08_12.mat,.mat,8714904,matlab,True,N15_M07_F04,N15,M07,F04,KI08,12,damaged,KI,bearing_code_prefix,N15_M07_F04_KI08_12:1x1:struct,
canonical_raw_root,data/raw/paderborn,data/raw/paderborn/KI08/N15_M07_F04_KI08_13.mat,N15_M07_F04_KI08_13.mat,.mat,8714776,matlab,True,N15_M07_F04,N15,M07,F04,KI08,13,damaged,KI,bearing_code_prefix,N15_M07_F04_KI08_13:1x1:struct,
canonical_raw_root,data/raw/paderborn,data/raw/paderborn/KI08/N15_M07_F04_KI08_14.mat,N15_M07_F04_KI08_14.mat,.mat,8714904,matlab,True,N15_M07_F04,N15,M07,F04,KI08,14,damaged,KI,bearing_code_prefix,N15_M07_F04_KI08_14:1x1:struct,
canonical_raw_root,data/raw/paderborn,data/raw/paderborn/KI08/N15_M07_F04_KI08_15.mat,N15_M07_F04_KI08_15.mat,.mat,8714872,matlab,True,N15_M07_F04,N15,M07,F04,KI08,15,damaged,KI,bearing_code_prefix,N15_M07_F04_KI08_15:1x1:struct,
canonical_raw_root,data/raw/paderborn,data/raw/paderborn/KI08/N15_M07_F04_KI08_16.mat,N15_M07_F04_KI08_16.mat,.mat,8714872,matlab,True,N15_M07_F04,N15,M07,F04,KI08,16,damaged,KI,bearing_code_prefix,N15_M07_F04_KI08_16:1x1:struct,
canonical_raw_root,data/raw/paderborn,data/raw/paderborn/KI08/N15_M07_F04_KI08_17.mat,N15_M07_F04_KI08_17.mat,.mat,8714968,matlab,True,N15_M07_F04,N15,M07,F04,KI08,17,damaged,KI,bearing_code_prefix,N15_M07_F04_KI08_17:1x1:struct,
canonical_raw_root,data/raw/paderborn,data/raw/paderborn/KI08/N15_M07_F04_KI08_18.mat,N15_M07_F04_KI08_18.mat,.mat,8714872,matlab,True,N15_M07_F04,N15,M07,F04,KI08,18,damaged,KI,bearing_code_prefix,N15_M07_F04_KI08_18:1x1:struct,
canonical_raw_root,data/raw/paderborn,data/raw/paderborn/KI08/N15_M07_F04_KI08_19.mat,N15_M07_F04_KI08_19.mat,.mat,8714936,matlab,True,N15_M07_F04,N15,M07,F04,KI08,19,damaged,KI,bearing_code_prefix,N15_M07_F04_KI08_19:1x1:struct,
canonical_raw_root,data/raw/paderborn,data/raw/paderborn/KI08/N15_M07_F04_KI08_2.mat,N15_M07_F04_KI08_2.mat,.mat,8714936,matlab,True,N15_M07_F04,N15,M07,F04,KI08,2,damaged,KI,bearing_code_prefix,N15_M07_F04_KI08_2:1x1:struct,
canonical_raw_root,data/raw/paderborn,data/raw/paderborn/KI08/N15_M07_F04_KI08_20.mat,N15_M07_F04_KI08_20.mat,.mat,8714904,matlab,True,N15_M07_F04,N15,M07,F04,KI08,20,damaged,KI,bearing_code_prefix,N15_M07_F04_KI08_20:1x1:struct,
canonical_raw_root,data/raw/paderborn,data/raw/paderborn/KI08/N15_M07_F04_KI08_3.mat,N15_M07_F04_KI08_3.mat,.mat,8714904,matlab,True,N15_M07_F04,N15,M07,F04,KI08,3,damaged,KI,bearing_code_prefix,N15_M07_F04_KI08_3:1x1:struct,
canonical_raw_root,data/raw/paderborn,data/raw/paderborn/KI08/N15_M07_F04_KI08_4.mat,N15_M07_F04_KI08_4.mat,.mat,9435544,matlab,True,N15_M07_F04,N15,M07,F04,KI08,4,damaged,KI,bearing_code_prefix,N15_M07_F04_KI08_4:1x1:struct,
canonical_raw_root,data/raw/paderborn,data/raw/paderborn/KI08/N15_M07_F04_KI08_5.mat,N15_M07_F04_KI08_5.mat,.mat,8714904,matlab,True,N15_M07_F04,N15,M07,F04,KI08,5,damaged,KI,bearing_code_prefix,N15_M07_F04_KI08_5:1x1:struct,
canonical_raw_root,data/raw/paderborn,data/raw/paderborn/KI08/N15_M07_F04_KI08_6.mat,N15_M07_F04_KI08_6.mat,.mat,8714872,matlab,True,N15_M07_F04,N15,M07,F04,KI08,6,damaged,KI,bearing_code_prefix,N15_M07_F04_KI08_6:1x1:struct,
canonical_raw_root,data/raw/paderborn,data/raw/paderborn/KI08/N15_M07_F04_KI08_7.mat,N15_M07_F04_KI08_7.mat,.mat,8714904,matlab,True,N15_M07_F04,N15,M07,F04,KI08,7,damaged,KI,bearing_code_prefix,N15_M07_F04_KI08_7:1x1:struct,
canonical_raw_root,data/raw/paderborn,data/raw/paderborn/KI08/N15_M07_F04_KI08_8.mat,N15_M07_F04_KI08_8.mat,.mat,8714904,matlab,True,N15_M07_F04,N15,M07,F04,KI08,8,damaged,KI,bearing_code_prefix,N15_M07_F04_KI08_8:1x1:struct,
canonical_raw_root,data/raw/paderborn,data/raw/paderborn/KI08/N15_M07_F04_KI08_9.mat,N15_M07_F04_KI08_9.mat,.mat,8714904,matlab,True,N15_M07_F04,N15,M07,F04,KI08,9,damaged,KI,bearing_code_prefix,N15_M07_F04_KI08_9:1x1:struct,
canonical_raw_root,data/raw/paderborn,data/raw/paderborn/KI08/N15_M07_F10_KI08_1.mat,N15_M07_F10_KI08_1.mat,.mat,8714904,matlab,True,N15_M07_F10,N15,M07,F10,KI08,1,damaged,KI,bearing_code_prefix,N15_M07_F10_KI08_1:1x1:struct,
canonical_raw_root,data/raw/paderborn,data/raw/paderborn/KI08/N15_M07_F10_KI08_10.mat,N15_M07_F10_KI08_10.mat,.mat,8714936,matlab,True,N15_M07_F10,N15,M07,F10,KI08,10,damaged,KI,bearing_code_prefix,N15_M07_F10_KI08_10:1x1:struct,
canonical_raw_root,data/raw/paderborn,data/raw/paderborn/KI08/N15_M07_F10_KI08_11.mat,N15_M07_F10_KI08_11.mat,.mat,8714840,matlab,True,N15_M07_F10,N15,M07,F10,KI08,11,damaged,KI,bearing_code_prefix,N15_M07_F10_KI08_11:1x1:struct,
canonical_raw_root,data/raw/paderborn,data/raw/paderborn/KI08/N15_M07_F10_KI08_12.mat,N15_M07_F10_KI08_12.mat,.mat,9379832,matlab,True,N15_M07_F10,N15,M07,F10,KI08,12,damaged,KI,bearing_code_prefix,N15_M07_F10_KI08_12:1x1:struct,
canonical_raw_root,data/raw/paderborn,data/raw/paderborn/KI08/N15_M07_F10_KI08_13.mat,N15_M07_F10_KI08_13.mat,.mat,8714936,matlab,True,N15_M07_F10,N15,M07,F10,KI08,13,damaged,KI,bearing_code_prefix,N15_M07_F10_KI08_13:1x1:struct,
canonical_raw_root,data/raw/paderborn,data/raw/paderborn/KI08/N15_M07_F10_KI08_14.mat,N15_M07_F10_KI08_14.mat,.mat,8714968,matlab,True,N15_M07_F10,N15,M07,F10,KI08,14,damaged,KI,bearing_code_prefix,N15_M07_F10_KI08_14:1x1:struct,
canonical_raw_root,data/raw/paderborn,data/raw/paderborn/KI08/N15_M07_F10_KI08_15.mat,N15_M07_F10_KI08_15.mat,.mat,8714904,matlab,True,N15_M07_F10,N15,M07,F10,KI08,15,damaged,KI,bearing_code_prefix,N15_M07_F10_KI08_15:1x1:struct,
canonical_raw_root,data/raw/paderborn,data/raw/paderborn/KI08/N15_M07_F10_KI08_16.mat,N15_M07_F10_KI08_16.mat,.mat,8714904,matlab,True,N15_M07_F10,N15,M07,F10,KI08,16,damaged,KI,bearing_code_prefix,N15_M07_F10_KI08_16:1x1:struct,
canonical_raw_root,data/raw/paderborn,data/raw/paderborn/KI08/N15_M07_F10_KI08_17.mat,N15_M07_F10_KI08_17.mat,.mat,8714808,matlab,True,N15_M07_F10,N15,M07,F10,KI08,17,damaged,KI,bearing_code_prefix,N15_M07_F10_KI08_17:1x1:struct,
canonical_raw_root,data/raw/paderborn,data/raw/paderborn/KI08/N15_M07_F10_KI08_18.mat,N15_M07_F10_KI08_18.mat,.mat,8858040,matlab,True,N15_M07_F10,N15,M07,F10,KI08,18,damaged,KI,bearing_code_prefix,N15_M07_F10_KI08_18:1x1:struct,
canonical_raw_root,data/raw/paderborn,data/raw/paderborn/KI08/N15_M07_F10_KI08_19.mat,N15_M07_F10_KI08_19.mat,.mat,8735960,matlab,True,N15_M07_F10,N15,M07,F10,KI08,19,damaged,KI,bearing_code_prefix,N15_M07_F10_KI08_19:1x1:struct,
canonical_raw_root,data/raw/paderborn,data/raw/paderborn/KI08/N15_M07_F10_KI08_2.mat,N15_M07_F10_KI08_2.mat,.mat,8714968,matlab,True,N15_M07_F10,N15,M07,F10,KI08,2,damaged,KI,bearing_code_prefix,N15_M07_F10_KI08_2:1x1:struct,
canonical_raw_root,data/raw/paderborn,data/raw/paderborn/KI08/N15_M07_F10_KI08_20.mat,N15_M07_F10_KI08_20.mat,.mat,8714904,matlab,True,N15_M07_F10,N15,M07,F10,KI08,20,damaged,KI,bearing_code_prefix,N15_M07_F10_KI08_20:1x1:struct,
canonical_raw_root,data/raw/paderborn,data/raw/paderborn/KI08/N15_M07_F10_KI08_3.mat,N15_M07_F10_KI08_3.mat,.mat,8714936,matlab,True,N15_M07_F10,N15,M07,F10,KI08,3,damaged,KI,bearing_code_prefix,N15_M07_F10_KI08_3:1x1:struct,
canonical_raw_root,data/raw/paderborn,data/raw/paderborn/KI08/N15_M07_F10_KI08_4.mat,N15_M07_F10_KI08_4.mat,.mat,8714904,matlab,True,N15_M07_F10,N15,M07,F10,KI08,4,damaged,KI,bearing_code_prefix,N15_M07_F10_KI08_4:1x1:struct,
canonical_raw_root,data/raw/paderborn,data/raw/paderborn/KI08/N15_M07_F10_KI08_5.mat,N15_M07_F10_KI08_5.mat,.mat,8714968,matlab,True,N15_M07_F10,N15,M07,F10,KI08,5,damaged,KI,bearing_code_prefix,N15_M07_F10_KI08_5:1x1:struct,
canonical_raw_root,data/raw/paderborn,data/raw/paderborn/KI08/N15_M07_F10_KI08_6.mat,N15_M07_F10_KI08_6.mat,.mat,8714936,matlab,True,N15_M07_F10,N15,M07,F10,KI08,6,damaged,KI,bearing_code_prefix,N15_M07_F10_KI08_6:1x1:struct,
canonical_raw_root,data/raw/paderborn,data/raw/paderborn/KI08/N15_M07_F10_KI08_7.mat,N15_M07_F10_KI08_7.mat,.mat,8714968,matlab,True,N15_M07_F10,N15,M07,F10,KI08,7,damaged,KI,bearing_code_prefix,N15_M07_F10_KI08_7:1x1:struct,
canonical_raw_root,data/raw/paderborn,data/raw/paderborn/KI08/N15_M07_F10_KI08_8.mat,N15_M07_F10_KI08_8.mat,.mat,8714904,matlab,True,N15_M07_F10,N15,M07,F10,KI08,8,damaged,KI,bearing_code_prefix,N15_M07_F10_KI08_8:1x1:struct,
canonical_raw_root,data/raw/paderborn,data/raw/paderborn/KI08/N15_M07_F10_KI08_9.mat,N15_M07_F10_KI08_9.mat,.mat,8714904,matlab,True,N15_M07_F10,N15,M07,F10,KI08,9,damaged,KI,bearing_code_prefix,N15_M07_F10_KI08_9:1x1:struct,
canonical_raw_root,data/raw/paderborn,data/raw/paderborn/KI14/KI14.pdf,KI14.pdf,.pdf,56735,pdf,False,,,,,KI14,,damaged,KI,bearing_code_prefix,,No metadata inspector is implemented for this extension
canonical_raw_root,data/raw/paderborn,data/raw/paderborn/KI14/measuring_log_KI14.pdf,measuring_log_KI14.pdf,.pdf,138864,pdf,False,,,,,KI14,,damaged,KI,bearing_code_prefix,,No metadata inspector is implemented for this extension
canonical_raw_root,data/raw/paderborn,data/raw/paderborn/KI14/N09_M07_F10_KI14_1.mat,N09_M07_F10_KI14_1.mat,.mat,8714904,matlab,True,N09_M07_F10,N09,M07,F10,KI14,1,damaged,KI,bearing_code_prefix,N09_M07_F10_KI14_1:1x1:struct,
canonical_raw_root,data/raw/paderborn,data/raw/paderborn/KI14/N09_M07_F10_KI14_10.mat,N09_M07_F10_KI14_10.mat,.mat,8714936,matlab,True,N09_M07_F10,N09,M07,F10,KI14,10,damaged,KI,bearing_code_prefix,N09_M07_F10_KI14_10:1x1:struct,
canonical_raw_root,data/raw/paderborn,data/raw/paderborn/KI14/N09_M07_F10_KI14_11.mat,N09_M07_F10_KI14_11.mat,.mat,8714936,matlab,True,N09_M07_F10,N09,M07,F10,KI14,11,damaged,KI,bearing_code_prefix,N09_M07_F10_KI14_11:1x1:struct,
canonical_raw_root,data/raw/paderborn,data/raw/paderborn/KI14/N09_M07_F10_KI14_12.mat,N09_M07_F10_KI14_12.mat,.mat,8770968,matlab,True,N09_M07_F10,N09,M07,F10,KI14,12,damaged,KI,bearing_code_prefix,N09_M07_F10_KI14_12:1x1:struct,
canonical_raw_root,data/raw/paderborn,data/raw/paderborn/KI14/N09_M07_F10_KI14_13.mat,N09_M07_F10_KI14_13.mat,.mat,8714904,matlab,True,N09_M07_F10,N09,M07,F10,KI14,13,damaged,KI,bearing_code_prefix,N09_M07_F10_KI14_13:1x1:struct,
canonical_raw_root,data/raw/paderborn,data/raw/paderborn/KI14/N09_M07_F10_KI14_14.mat,N09_M07_F10_KI14_14.mat,.mat,8714904,matlab,True,N09_M07_F10,N09,M07,F10,KI14,14,damaged,KI,bearing_code_prefix,N09_M07_F10_KI14_14:1x1:struct,
canonical_raw_root,data/raw/paderborn,data/raw/paderborn/KI14/N09_M07_F10_KI14_15.mat,N09_M07_F10_KI14_15.mat,.mat,8717704,matlab,True,N09_M07_F10,N09,M07,F10,KI14,15,damaged,KI,bearing_code_prefix,N09_M07_F10_KI14_15:1x1:struct,
canonical_raw_root,data/raw/paderborn,data/raw/paderborn/KI14/N09_M07_F10_KI14_16.mat,N09_M07_F10_KI14_16.mat,.mat,8714904,matlab,True,N09_M07_F10,N09,M07,F10,KI14,16,damaged,KI,bearing_code_prefix,N09_M07_F10_KI14_16:1x1:struct,
canonical_raw_root,data/raw/paderborn,data/raw/paderborn/KI14/N09_M07_F10_KI14_17.mat,N09_M07_F10_KI14_17.mat,.mat,8714968,matlab,True,N09_M07_F10,N09,M07,F10,KI14,17,damaged,KI,bearing_code_prefix,N09_M07_F10_KI14_17:1x1:struct,
canonical_raw_root,data/raw/paderborn,data/raw/paderborn/KI14/N09_M07_F10_KI14_18.mat,N09_M07_F10_KI14_18.mat,.mat,8714904,matlab,True,N09_M07_F10,N09,M07,F10,KI14,18,damaged,KI,bearing_code_prefix,N09_M07_F10_KI14_18:1x1:struct,
canonical_raw_root,data/raw/paderborn,data/raw/paderborn/KI14/N09_M07_F10_KI14_19.mat,N09_M07_F10_KI14_19.mat,.mat,8717672,matlab,True,N09_M07_F10,N09,M07,F10,KI14,19,damaged,KI,bearing_code_prefix,N09_M07_F10_KI14_19:1x1:struct,
canonical_raw_root,data/raw/paderborn,data/raw/paderborn/KI14/N09_M07_F10_KI14_2.mat,N09_M07_F10_KI14_2.mat,.mat,8717864,matlab,True,N09_M07_F10,N09,M07,F10,KI14,2,damaged,KI,bearing_code_prefix,N09_M07_F10_KI14_2:1x1:struct,
canonical_raw_root,data/raw/paderborn,data/raw/paderborn/KI14/N09_M07_F10_KI14_20.mat,N09_M07_F10_KI14_20.mat,.mat,8717800,matlab,True,N09_M07_F10,N09,M07,F10,KI14,20,damaged,KI,bearing_code_prefix,N09_M07_F10_KI14_20:1x1:struct,
canonical_raw_root,data/raw/paderborn,data/raw/paderborn/KI14/N09_M07_F10_KI14_3.mat,N09_M07_F10_KI14_3.mat,.mat,8718016,matlab,True,N09_M07_F10,N09,M07,F10,KI14,3,damaged,KI,bearing_code_prefix,N09_M07_F10_KI14_3:1x1:struct,
canonical_raw_root,data/raw/paderborn,data/raw/paderborn/KI14/N09_M07_F10_KI14_4.mat,N09_M07_F10_KI14_4.mat,.mat,8714904,matlab,True,N09_M07_F10,N09,M07,F10,KI14,4,damaged,KI,bearing_code_prefix,N09_M07_F10_KI14_4:1x1:struct,
canonical_raw_root,data/raw/paderborn,data/raw/paderborn/KI14/N09_M07_F10_KI14_5.mat,N09_M07_F10_KI14_5.mat,.mat,8717768,matlab,True,N09_M07_F10,N09,M07,F10,KI14,5,damaged,KI,bearing_code_prefix,N09_M07_F10_KI14_5:1x1:struct,
canonical_raw_root,data/raw/paderborn,data/raw/paderborn/KI14/N09_M07_F10_KI14_6.mat,N09_M07_F10_KI14_6.mat,.mat,8714904,matlab,True,N09_M07_F10,N09,M07,F10,KI14,6,damaged,KI,bearing_code_prefix,N09_M07_F10_KI14_6:1x1:struct,
canonical_raw_root,data/raw/paderborn,data/raw/paderborn/KI14/N09_M07_F10_KI14_7.mat,N09_M07_F10_KI14_7.mat,.mat,8714904,matlab,True,N09_M07_F10,N09,M07,F10,KI14,7,damaged,KI,bearing_code_prefix,N09_M07_F10_KI14_7:1x1:struct,
canonical_raw_root,data/raw/paderborn,data/raw/paderborn/KI14/N09_M07_F10_KI14_8.mat,N09_M07_F10_KI14_8.mat,.mat,8726360,matlab,True,N09_M07_F10,N09,M07,F10,KI14,8,damaged,KI,bearing_code_prefix,N09_M07_F10_KI14_8:1x1:struct,
canonical_raw_root,data/raw/paderborn,data/raw/paderborn/KI14/N09_M07_F10_KI14_9.mat,N09_M07_F10_KI14_9.mat,.mat,8714904,matlab,True,N09_M07_F10,N09,M07,F10,KI14,9,damaged,KI,bearing_code_prefix,N09_M07_F10_KI14_9:1x1:struct,
canonical_raw_root,data/raw/paderborn,data/raw/paderborn/KI14/N15_M01_F10_KI14_1.mat,N15_M01_F10_KI14_1.mat,.mat,8714872,matlab,True,N15_M01_F10,N15,M01,F10,KI14,1,damaged,KI,bearing_code_prefix,N15_M01_F10_KI14_1:1x1:struct,
canonical_raw_root,data/raw/paderborn,data/raw/paderborn/KI14/N15_M01_F10_KI14_10.mat,N15_M01_F10_KI14_10.mat,.mat,8714872,matlab,True,N15_M01_F10,N15,M01,F10,KI14,10,damaged,KI,bearing_code_prefix,N15_M01_F10_KI14_10:1x1:struct,
canonical_raw_root,data/raw/paderborn,data/raw/paderborn/KI14/N15_M01_F10_KI14_11.mat,N15_M01_F10_KI14_11.mat,.mat,8714872,matlab,True,N15_M01_F10,N15,M01,F10,KI14,11,damaged,KI,bearing_code_prefix,N15_M01_F10_KI14_11:1x1:struct,
canonical_raw_root,data/raw/paderborn,data/raw/paderborn/KI14/N15_M01_F10_KI14_12.mat,N15_M01_F10_KI14_12.mat,.mat,8714904,matlab,True,N15_M01_F10,N15,M01,F10,KI14,12,damaged,KI,bearing_code_prefix,N15_M01_F10_KI14_12:1x1:struct,
canonical_raw_root,data/raw/paderborn,data/raw/paderborn/KI14/N15_M01_F10_KI14_13.mat,N15_M01_F10_KI14_13.mat,.mat,8717896,matlab,True,N15_M01_F10,N15,M01,F10,KI14,13,damaged,KI,bearing_code_prefix,N15_M01_F10_KI14_13:1x1:struct,
canonical_raw_root,data/raw/paderborn,data/raw/paderborn/KI14/N15_M01_F10_KI14_14.mat,N15_M01_F10_KI14_14.mat,.mat,8714968,matlab,True,N15_M01_F10,N15,M01,F10,KI14,14,damaged,KI,bearing_code_prefix,N15_M01_F10_KI14_14:1x1:struct,
canonical_raw_root,data/raw/paderborn,data/raw/paderborn/KI14/N15_M01_F10_KI14_15.mat,N15_M01_F10_KI14_15.mat,.mat,8715064,matlab,True,N15_M01_F10,N15,M01,F10,KI14,15,damaged,KI,bearing_code_prefix,N15_M01_F10_KI14_15:1x1:struct,
canonical_raw_root,data/raw/paderborn,data/raw/paderborn/KI14/N15_M01_F10_KI14_16.mat,N15_M01_F10_KI14_16.mat,.mat,8714904,matlab,True,N15_M01_F10,N15,M01,F10,KI14,16,damaged,KI,bearing_code_prefix,N15_M01_F10_KI14_16:1x1:struct,
canonical_raw_root,data/raw/paderborn,data/raw/paderborn/KI14/N15_M01_F10_KI14_17.mat,N15_M01_F10_KI14_17.mat,.mat,8714872,matlab,True,N15_M01_F10,N15,M01,F10,KI14,17,damaged,KI,bearing_code_prefix,N15_M01_F10_KI14_17:1x1:struct,
canonical_raw_root,data/raw/paderborn,data/raw/paderborn/KI14/N15_M01_F10_KI14_18.mat,N15_M01_F10_KI14_18.mat,.mat,8714904,matlab,True,N15_M01_F10,N15,M01,F10,KI14,18,damaged,KI,bearing_code_prefix,N15_M01_F10_KI14_18:1x1:struct,
canonical_raw_root,data/raw/paderborn,data/raw/paderborn/KI14/N15_M01_F10_KI14_19.mat,N15_M01_F10_KI14_19.mat,.mat,8714904,matlab,True,N15_M01_F10,N15,M01,F10,KI14,19,damaged,KI,bearing_code_prefix,N15_M01_F10_KI14_19:1x1:struct,
canonical_raw_root,data/raw/paderborn,data/raw/paderborn/KI14/N15_M01_F10_KI14_2.mat,N15_M01_F10_KI14_2.mat,.mat,8717672,matlab,True,N15_M01_F10,N15,M01,F10,KI14,2,damaged,KI,bearing_code_prefix,N15_M01_F10_KI14_2:1x1:struct,
canonical_raw_root,data/raw/paderborn,data/raw/paderborn/KI14/N15_M01_F10_KI14_20.mat,N15_M01_F10_KI14_20.mat,.mat,8717864,matlab,True,N15_M01_F10,N15,M01,F10,KI14,20,damaged,KI,bearing_code_prefix,N15_M01_F10_KI14_20:1x1:struct,
canonical_raw_root,data/raw/paderborn,data/raw/paderborn/KI14/N15_M01_F10_KI14_3.mat,N15_M01_F10_KI14_3.mat,.mat,8717864,matlab,True,N15_M01_F10,N15,M01,F10,KI14,3,damaged,KI,bearing_code_prefix,N15_M01_F10_KI14_3:1x1:struct,
canonical_raw_root,data/raw/paderborn,data/raw/paderborn/KI14/N15_M01_F10_KI14_4.mat,N15_M01_F10_KI14_4.mat,.mat,8717928,matlab,True,N15_M01_F10,N15,M01,F10,KI14,4,damaged,KI,bearing_code_prefix,N15_M01_F10_KI14_4:1x1:struct,
canonical_raw_root,data/raw/paderborn,data/raw/paderborn/KI14/N15_M01_F10_KI14_5.mat,N15_M01_F10_KI14_5.mat,.mat,8714936,matlab,True,N15_M01_F10,N15,M01,F10,KI14,5,damaged,KI,bearing_code_prefix,N15_M01_F10_KI14_5:1x1:struct,
canonical_raw_root,data/raw/paderborn,data/raw/paderborn/KI14/N15_M01_F10_KI14_6.mat,N15_M01_F10_KI14_6.mat,.mat,8714872,matlab,True,N15_M01_F10,N15,M01,F10,KI14,6,damaged,KI,bearing_code_prefix,N15_M01_F10_KI14_6:1x1:struct,
canonical_raw_root,data/raw/paderborn,data/raw/paderborn/KI14/N15_M01_F10_KI14_7.mat,N15_M01_F10_KI14_7.mat,.mat,8717832,matlab,True,N15_M01_F10,N15,M01,F10,KI14,7,damaged,KI,bearing_code_prefix,N15_M01_F10_KI14_7:1x1:struct,
canonical_raw_root,data/raw/paderborn,data/raw/paderborn/KI14/N15_M01_F10_KI14_8.mat,N15_M01_F10_KI14_8.mat,.mat,8714904,matlab,True,N15_M01_F10,N15,M01,F10,KI14,8,damaged,KI,bearing_code_prefix,N15_M01_F10_KI14_8:1x1:struct,
canonical_raw_root,data/raw/paderborn,data/raw/paderborn/KI14/N15_M01_F10_KI14_9.mat,N15_M01_F10_KI14_9.mat,.mat,8714904,matlab,True,N15_M01_F10,N15,M01,F10,KI14,9,damaged,KI,bearing_code_prefix,N15_M01_F10_KI14_9:1x1:struct,
canonical_raw_root,data/raw/paderborn,data/raw/paderborn/KI14/N15_M07_F04_KI14_1.mat,N15_M07_F04_KI14_1.mat,.mat,8714968,matlab,True,N15_M07_F04,N15,M07,F04,KI14,1,damaged,KI,bearing_code_prefix,N15_M07_F04_KI14_1:1x1:struct,
canonical_raw_root,data/raw/paderborn,data/raw/paderborn/KI14/N15_M07_F04_KI14_10.mat,N15_M07_F04_KI14_10.mat,.mat,8714904,matlab,True,N15_M07_F04,N15,M07,F04,KI14,10,damaged,KI,bearing_code_prefix,N15_M07_F04_KI14_10:1x1:struct,
canonical_raw_root,data/raw/paderborn,data/raw/paderborn/KI14/N15_M07_F04_KI14_11.mat,N15_M07_F04_KI14_11.mat,.mat,8717704,matlab,True,N15_M07_F04,N15,M07,F04,KI14,11,damaged,KI,bearing_code_prefix,N15_M07_F04_KI14_11:1x1:struct,
canonical_raw_root,data/raw/paderborn,data/raw/paderborn/KI14/N15_M07_F04_KI14_12.mat,N15_M07_F04_KI14_12.mat,.mat,8750584,matlab,True,N15_M07_F04,N15,M07,F04,KI14,12,damaged,KI,bearing_code_prefix,N15_M07_F04_KI14_12:1x1:struct,
canonical_raw_root,data/raw/paderborn,data/raw/paderborn/KI14/N15_M07_F04_KI14_13.mat,N15_M07_F04_KI14_13.mat,.mat,8714904,matlab,True,N15_M07_F04,N15,M07,F04,KI14,13,damaged,KI,bearing_code_prefix,N15_M07_F04_KI14_13:1x1:struct,
canonical_raw_root,data/raw/paderborn,data/raw/paderborn/KI14/N15_M07_F04_KI14_14.mat,N15_M07_F04_KI14_14.mat,.mat,8714872,matlab,True,N15_M07_F04,N15,M07,F04,KI14,14,damaged,KI,bearing_code_prefix,N15_M07_F04_KI14_14:1x1:struct,
canonical_raw_root,data/raw/paderborn,data/raw/paderborn/KI14/N15_M07_F04_KI14_15.mat,N15_M07_F04_KI14_15.mat,.mat,8717832,matlab,True,N15_M07_F04,N15,M07,F04,KI14,15,damaged,KI,bearing_code_prefix,N15_M07_F04_KI14_15:1x1:struct,
canonical_raw_root,data/raw/paderborn,data/raw/paderborn/KI14/N15_M07_F04_KI14_16.mat,N15_M07_F04_KI14_16.mat,.mat,8717736,matlab,True,N15_M07_F04,N15,M07,F04,KI14,16,damaged,KI,bearing_code_prefix,N15_M07_F04_KI14_16:1x1:struct,
canonical_raw_root,data/raw/paderborn,data/raw/paderborn/KI14/N15_M07_F04_KI14_17.mat,N15_M07_F04_KI14_17.mat,.mat,8714872,matlab,True,N15_M07_F04,N15,M07,F04,KI14,17,damaged,KI,bearing_code_prefix,N15_M07_F04_KI14_17:1x1:struct,
canonical_raw_root,data/raw/paderborn,data/raw/paderborn/KI14/N15_M07_F04_KI14_18.mat,N15_M07_F04_KI14_18.mat,.mat,8714872,matlab,True,N15_M07_F04,N15,M07,F04,KI14,18,damaged,KI,bearing_code_prefix,N15_M07_F04_KI14_18:1x1:struct,
canonical_raw_root,data/raw/paderborn,data/raw/paderborn/KI14/N15_M07_F04_KI14_19.mat,N15_M07_F04_KI14_19.mat,.mat,8715288,matlab,True,N15_M07_F04,N15,M07,F04,KI14,19,damaged,KI,bearing_code_prefix,N15_M07_F04_KI14_19:1x1:struct,
canonical_raw_root,data/raw/paderborn,data/raw/paderborn/KI14/N15_M07_F04_KI14_2.mat,N15_M07_F04_KI14_2.mat,.mat,8714904,matlab,True,N15_M07_F04,N15,M07,F04,KI14,2,damaged,KI,bearing_code_prefix,N15_M07_F04_KI14_2:1x1:struct,
canonical_raw_root,data/raw/paderborn,data/raw/paderborn/KI14/N15_M07_F04_KI14_20.mat,N15_M07_F04_KI14_20.mat,.mat,8714904,matlab,True,N15_M07_F04,N15,M07,F04,KI14,20,damaged,KI,bearing_code_prefix,N15_M07_F04_KI14_20:1x1:struct,
canonical_raw_root,data/raw/paderborn,data/raw/paderborn/KI14/N15_M07_F04_KI14_3.mat,N15_M07_F04_KI14_3.mat,.mat,9255000,matlab,True,N15_M07_F04,N15,M07,F04,KI14,3,damaged,KI,bearing_code_prefix,N15_M07_F04_KI14_3:1x1:struct,
canonical_raw_root,data/raw/paderborn,data/raw/paderborn/KI14/N15_M07_F04_KI14_4.mat,N15_M07_F04_KI14_4.mat,.mat,8717704,matlab,True,N15_M07_F04,N15,M07,F04,KI14,4,damaged,KI,bearing_code_prefix,N15_M07_F04_KI14_4:1x1:struct,
canonical_raw_root,data/raw/paderborn,data/raw/paderborn/KI14/N15_M07_F04_KI14_5.mat,N15_M07_F04_KI14_5.mat,.mat,8714968,matlab,True,N15_M07_F04,N15,M07,F04,KI14,5,damaged,KI,bearing_code_prefix,N15_M07_F04_KI14_5:1x1:struct,
canonical_raw_root,data/raw/paderborn,data/raw/paderborn/KI14/N15_M07_F04_KI14_6.mat,N15_M07_F04_KI14_6.mat,.mat,8715192,matlab,True,N15_M07_F04,N15,M07,F04,KI14,6,damaged,KI,bearing_code_prefix,N15_M07_F04_KI14_6:1x1:struct,
canonical_raw_root,data/raw/paderborn,data/raw/paderborn/KI14/N15_M07_F04_KI14_7.mat,N15_M07_F04_KI14_7.mat,.mat,8714904,matlab,True,N15_M07_F04,N15,M07,F04,KI14,7,damaged,KI,bearing_code_prefix,N15_M07_F04_KI14_7:1x1:struct,
canonical_raw_root,data/raw/paderborn,data/raw/paderborn/KI14/N15_M07_F04_KI14_8.mat,N15_M07_F04_KI14_8.mat,.mat,8715096,matlab,True,N15_M07_F04,N15,M07,F04,KI14,8,damaged,KI,bearing_code_prefix,N15_M07_F04_KI14_8:1x1:struct,
canonical_raw_root,data/raw/paderborn,data/raw/paderborn/KI14/N15_M07_F04_KI14_9.mat,N15_M07_F04_KI14_9.mat,.mat,8737976,matlab,True,N15_M07_F04,N15,M07,F04,KI14,9,damaged,KI,bearing_code_prefix,N15_M07_F04_KI14_9:1x1:struct,
canonical_raw_root,data/raw/paderborn,data/raw/paderborn/KI14/N15_M07_F10_KI14_1.mat,N15_M07_F10_KI14_1.mat,.mat,8714904,matlab,True,N15_M07_F10,N15,M07,F10,KI14,1,damaged,KI,bearing_code_prefix,N15_M07_F10_KI14_1:1x1:struct,
canonical_raw_root,data/raw/paderborn,data/raw/paderborn/KI14/N15_M07_F10_KI14_10.mat,N15_M07_F10_KI14_10.mat,.mat,8851512,matlab,True,N15_M07_F10,N15,M07,F10,KI14,10,damaged,KI,bearing_code_prefix,N15_M07_F10_KI14_10:1x1:struct,
canonical_raw_root,data/raw/paderborn,data/raw/paderborn/KI14/N15_M07_F10_KI14_11.mat,N15_M07_F10_KI14_11.mat,.mat,8714904,matlab,True,N15_M07_F10,N15,M07,F10,KI14,11,damaged,KI,bearing_code_prefix,N15_M07_F10_KI14_11:1x1:struct,
canonical_raw_root,data/raw/paderborn,data/raw/paderborn/KI14/N15_M07_F10_KI14_12.mat,N15_M07_F10_KI14_12.mat,.mat,8714904,matlab,True,N15_M07_F10,N15,M07,F10,KI14,12,damaged,KI,bearing_code_prefix,N15_M07_F10_KI14_12:1x1:struct,
canonical_raw_root,data/raw/paderborn,data/raw/paderborn/KI14/N15_M07_F10_KI14_13.mat,N15_M07_F10_KI14_13.mat,.mat,8714904,matlab,True,N15_M07_F10,N15,M07,F10,KI14,13,damaged,KI,bearing_code_prefix,N15_M07_F10_KI14_13:1x1:struct,
canonical_raw_root,data/raw/paderborn,data/raw/paderborn/KI14/N15_M07_F10_KI14_14.mat,N15_M07_F10_KI14_14.mat,.mat,8714904,matlab,True,N15_M07_F10,N15,M07,F10,KI14,14,damaged,KI,bearing_code_prefix,N15_M07_F10_KI14_14:1x1:struct,
canonical_raw_root,data/raw/paderborn,data/raw/paderborn/KI14/N15_M07_F10_KI14_15.mat,N15_M07_F10_KI14_15.mat,.mat,8717704,matlab,True,N15_M07_F10,N15,M07,F10,KI14,15,damaged,KI,bearing_code_prefix,N15_M07_F10_KI14_15:1x1:struct,
canonical_raw_root,data/raw/paderborn,data/raw/paderborn/KI14/N15_M07_F10_KI14_16.mat,N15_M07_F10_KI14_16.mat,.mat,8714936,matlab,True,N15_M07_F10,N15,M07,F10,KI14,16,damaged,KI,bearing_code_prefix,N15_M07_F10_KI14_16:1x1:struct,
canonical_raw_root,data/raw/paderborn,data/raw/paderborn/KI14/N15_M07_F10_KI14_17.mat,N15_M07_F10_KI14_17.mat,.mat,8714872,matlab,True,N15_M07_F10,N15,M07,F10,KI14,17,damaged,KI,bearing_code_prefix,N15_M07_F10_KI14_17:1x1:struct,
canonical_raw_root,data/raw/paderborn,data/raw/paderborn/KI14/N15_M07_F10_KI14_18.mat,N15_M07_F10_KI14_18.mat,.mat,9027832,matlab,True,N15_M07_F10,N15,M07,F10,KI14,18,damaged,KI,bearing_code_prefix,N15_M07_F10_KI14_18:1x1:struct,
canonical_raw_root,data/raw/paderborn,data/raw/paderborn/KI14/N15_M07_F10_KI14_19.mat,N15_M07_F10_KI14_19.mat,.mat,8714936,matlab,True,N15_M07_F10,N15,M07,F10,KI14,19,damaged,KI,bearing_code_prefix,N15_M07_F10_KI14_19:1x1:struct,
canonical_raw_root,data/raw/paderborn,data/raw/paderborn/KI14/N15_M07_F10_KI14_2.mat,N15_M07_F10_KI14_2.mat,.mat,8714904,matlab,True,N15_M07_F10,N15,M07,F10,KI14,2,damaged,KI,bearing_code_prefix,N15_M07_F10_KI14_2:1x1:struct,
canonical_raw_root,data/raw/paderborn,data/raw/paderborn/KI14/N15_M07_F10_KI14_20.mat,N15_M07_F10_KI14_20.mat,.mat,9295960,matlab,True,N15_M07_F10,N15,M07,F10,KI14,20,damaged,KI,bearing_code_prefix,N15_M07_F10_KI14_20:1x1:struct,
canonical_raw_root,data/raw/paderborn,data/raw/paderborn/KI14/N15_M07_F10_KI14_3.mat,N15_M07_F10_KI14_3.mat,.mat,8715032,matlab,True,N15_M07_F10,N15,M07,F10,KI14,3,damaged,KI,bearing_code_prefix,N15_M07_F10_KI14_3:1x1:struct,
canonical_raw_root,data/raw/paderborn,data/raw/paderborn/KI14/N15_M07_F10_KI14_4.mat,N15_M07_F10_KI14_4.mat,.mat,8727288,matlab,True,N15_M07_F10,N15,M07,F10,KI14,4,damaged,KI,bearing_code_prefix,N15_M07_F10_KI14_4:1x1:struct,
canonical_raw_root,data/raw/paderborn,data/raw/paderborn/KI14/N15_M07_F10_KI14_5.mat,N15_M07_F10_KI14_5.mat,.mat,8714904,matlab,True,N15_M07_F10,N15,M07,F10,KI14,5,damaged,KI,bearing_code_prefix,N15_M07_F10_KI14_5:1x1:struct,
canonical_raw_root,data/raw/paderborn,data/raw/paderborn/KI14/N15_M07_F10_KI14_6.mat,N15_M07_F10_KI14_6.mat,.mat,8714904,matlab,True,N15_M07_F10,N15,M07,F10,KI14,6,damaged,KI,bearing_code_prefix,N15_M07_F10_KI14_6:1x1:struct,
canonical_raw_root,data/raw/paderborn,data/raw/paderborn/KI14/N15_M07_F10_KI14_7.mat,N15_M07_F10_KI14_7.mat,.mat,8714904,matlab,True,N15_M07_F10,N15,M07,F10,KI14,7,damaged,KI,bearing_code_prefix,N15_M07_F10_KI14_7:1x1:struct,
canonical_raw_root,data/raw/paderborn,data/raw/paderborn/KI14/N15_M07_F10_KI14_8.mat,N15_M07_F10_KI14_8.mat,.mat,8714904,matlab,True,N15_M07_F10,N15,M07,F10,KI14,8,damaged,KI,bearing_code_prefix,N15_M07_F10_KI14_8:1x1:struct,
canonical_raw_root,data/raw/paderborn,data/raw/paderborn/KI14/N15_M07_F10_KI14_9.mat,N15_M07_F10_KI14_9.mat,.mat,8714904,matlab,True,N15_M07_F10,N15,M07,F10,KI14,9,damaged,KI,bearing_code_prefix,N15_M07_F10_KI14_9:1x1:struct,
canonical_raw_root,data/raw/paderborn,data/raw/paderborn/KI16/KI16.pdf,KI16.pdf,.pdf,56374,pdf,False,,,,,KI16,,damaged,KI,bearing_code_prefix,,No metadata inspector is implemented for this extension
canonical_raw_root,data/raw/paderborn,data/raw/paderborn/KI16/measuring_log_KI16.pdf,measuring_log_KI16.pdf,.pdf,139098,pdf,False,,,,,KI16,,damaged,KI,bearing_code_prefix,,No metadata inspector is implemented for this extension
canonical_raw_root,data/raw/paderborn,data/raw/paderborn/KI16/N09_M07_F10_KI16_1.mat,N09_M07_F10_KI16_1.mat,.mat,8714904,matlab,True,N09_M07_F10,N09,M07,F10,KI16,1,damaged,KI,bearing_code_prefix,N09_M07_F10_KI16_1:1x1:struct,
canonical_raw_root,data/raw/paderborn,data/raw/paderborn/KI16/N09_M07_F10_KI16_10.mat,N09_M07_F10_KI16_10.mat,.mat,8714872,matlab,True,N09_M07_F10,N09,M07,F10,KI16,10,damaged,KI,bearing_code_prefix,N09_M07_F10_KI16_10:1x1:struct,
canonical_raw_root,data/raw/paderborn,data/raw/paderborn/KI16/N09_M07_F10_KI16_11.mat,N09_M07_F10_KI16_11.mat,.mat,8714904,matlab,True,N09_M07_F10,N09,M07,F10,KI16,11,damaged,KI,bearing_code_prefix,N09_M07_F10_KI16_11:1x1:struct,
canonical_raw_root,data/raw/paderborn,data/raw/paderborn/KI16/N09_M07_F10_KI16_12.mat,N09_M07_F10_KI16_12.mat,.mat,8714904,matlab,True,N09_M07_F10,N09,M07,F10,KI16,12,damaged,KI,bearing_code_prefix,N09_M07_F10_KI16_12:1x1:struct,
canonical_raw_root,data/raw/paderborn,data/raw/paderborn/KI16/N09_M07_F10_KI16_13.mat,N09_M07_F10_KI16_13.mat,.mat,8718648,matlab,True,N09_M07_F10,N09,M07,F10,KI16,13,damaged,KI,bearing_code_prefix,N09_M07_F10_KI16_13:1x1:struct,
canonical_raw_root,data/raw/paderborn,data/raw/paderborn/KI16/N09_M07_F10_KI16_14.mat,N09_M07_F10_KI16_14.mat,.mat,8714904,matlab,True,N09_M07_F10,N09,M07,F10,KI16,14,damaged,KI,bearing_code_prefix,N09_M07_F10_KI16_14:1x1:struct,
canonical_raw_root,data/raw/paderborn,data/raw/paderborn/KI16/N09_M07_F10_KI16_15.mat,N09_M07_F10_KI16_15.mat,.mat,8715064,matlab,True,N09_M07_F10,N09,M07,F10,KI16,15,damaged,KI,bearing_code_prefix,N09_M07_F10_KI16_15:1x1:struct,
canonical_raw_root,data/raw/paderborn,data/raw/paderborn/KI16/N09_M07_F10_KI16_16.mat,N09_M07_F10_KI16_16.mat,.mat,8714872,matlab,True,N09_M07_F10,N09,M07,F10,KI16,16,damaged,KI,bearing_code_prefix,N09_M07_F10_KI16_16:1x1:struct,
canonical_raw_root,data/raw/paderborn,data/raw/paderborn/KI16/N09_M07_F10_KI16_17.mat,N09_M07_F10_KI16_17.mat,.mat,8714904,matlab,True,N09_M07_F10,N09,M07,F10,KI16,17,damaged,KI,bearing_code_prefix,N09_M07_F10_KI16_17:1x1:struct,
canonical_raw_root,data/raw/paderborn,data/raw/paderborn/KI16/N09_M07_F10_KI16_18.mat,N09_M07_F10_KI16_18.mat,.mat,8714904,matlab,True,N09_M07_F10,N09,M07,F10,KI16,18,damaged,KI,bearing_code_prefix,N09_M07_F10_KI16_18:1x1:struct,
canonical_raw_root,data/raw/paderborn,data/raw/paderborn/KI16/N09_M07_F10_KI16_19.mat,N09_M07_F10_KI16_19.mat,.mat,8714904,matlab,True,N09_M07_F10,N09,M07,F10,KI16,19,damaged,KI,bearing_code_prefix,N09_M07_F10_KI16_19:1x1:struct,
canonical_raw_root,data/raw/paderborn,data/raw/paderborn/KI16/N09_M07_F10_KI16_2.mat,N09_M07_F10_KI16_2.mat,.mat,8714904,matlab,True,N09_M07_F10,N09,M07,F10,KI16,2,damaged,KI,bearing_code_prefix,N09_M07_F10_KI16_2:1x1:struct,
canonical_raw_root,data/raw/paderborn,data/raw/paderborn/KI16/N09_M07_F10_KI16_20.mat,N09_M07_F10_KI16_20.mat,.mat,8714872,matlab,True,N09_M07_F10,N09,M07,F10,KI16,20,damaged,KI,bearing_code_prefix,N09_M07_F10_KI16_20:1x1:struct,
canonical_raw_root,data/raw/paderborn,data/raw/paderborn/KI16/N09_M07_F10_KI16_3.mat,N09_M07_F10_KI16_3.mat,.mat,8714904,matlab,True,N09_M07_F10,N09,M07,F10,KI16,3,damaged,KI,bearing_code_prefix,N09_M07_F10_KI16_3:1x1:struct,
canonical_raw_root,data/raw/paderborn,data/raw/paderborn/KI16/N09_M07_F10_KI16_4.mat,N09_M07_F10_KI16_4.mat,.mat,8714904,matlab,True,N09_M07_F10,N09,M07,F10,KI16,4,damaged,KI,bearing_code_prefix,N09_M07_F10_KI16_4:1x1:struct,
canonical_raw_root,data/raw/paderborn,data/raw/paderborn/KI16/N09_M07_F10_KI16_5.mat,N09_M07_F10_KI16_5.mat,.mat,8714904,matlab,True,N09_M07_F10,N09,M07,F10,KI16,5,damaged,KI,bearing_code_prefix,N09_M07_F10_KI16_5:1x1:struct,
canonical_raw_root,data/raw/paderborn,data/raw/paderborn/KI16/N09_M07_F10_KI16_6.mat,N09_M07_F10_KI16_6.mat,.mat,8717992,matlab,True,N09_M07_F10,N09,M07,F10,KI16,6,damaged,KI,bearing_code_prefix,N09_M07_F10_KI16_6:1x1:struct,
canonical_raw_root,data/raw/paderborn,data/raw/paderborn/KI16/N09_M07_F10_KI16_7.mat,N09_M07_F10_KI16_7.mat,.mat,8714872,matlab,True,N09_M07_F10,N09,M07,F10,KI16,7,damaged,KI,bearing_code_prefix,N09_M07_F10_KI16_7:1x1:struct,
canonical_raw_root,data/raw/paderborn,data/raw/paderborn/KI16/N09_M07_F10_KI16_8.mat,N09_M07_F10_KI16_8.mat,.mat,8714872,matlab,True,N09_M07_F10,N09,M07,F10,KI16,8,damaged,KI,bearing_code_prefix,N09_M07_F10_KI16_8:1x1:struct,
canonical_raw_root,data/raw/paderborn,data/raw/paderborn/KI16/N09_M07_F10_KI16_9.mat,N09_M07_F10_KI16_9.mat,.mat,8717952,matlab,True,N09_M07_F10,N09,M07,F10,KI16,9,damaged,KI,bearing_code_prefix,N09_M07_F10_KI16_9:1x1:struct,
canonical_raw_root,data/raw/paderborn,data/raw/paderborn/KI16/N15_M01_F10_KI16_1.mat,N15_M01_F10_KI16_1.mat,.mat,9420120,matlab,True,N15_M01_F10,N15,M01,F10,KI16,1,damaged,KI,bearing_code_prefix,N15_M01_F10_KI16_1:1x1:struct,
canonical_raw_root,data/raw/paderborn,data/raw/paderborn/KI16/N15_M01_F10_KI16_10.mat,N15_M01_F10_KI16_10.mat,.mat,8714904,matlab,True,N15_M01_F10,N15,M01,F10,KI16,10,damaged,KI,bearing_code_prefix,N15_M01_F10_KI16_10:1x1:struct,
canonical_raw_root,data/raw/paderborn,data/raw/paderborn/KI16/N15_M01_F10_KI16_11.mat,N15_M01_F10_KI16_11.mat,.mat,8714904,matlab,True,N15_M01_F10,N15,M01,F10,KI16,11,damaged,KI,bearing_code_prefix,N15_M01_F10_KI16_11:1x1:struct,
canonical_raw_root,data/raw/paderborn,data/raw/paderborn/KI16/N15_M01_F10_KI16_12.mat,N15_M01_F10_KI16_12.mat,.mat,8715000,matlab,True,N15_M01_F10,N15,M01,F10,KI16,12,damaged,KI,bearing_code_prefix,N15_M01_F10_KI16_12:1x1:struct,
canonical_raw_root,data/raw/paderborn,data/raw/paderborn/KI16/N15_M01_F10_KI16_13.mat,N15_M01_F10_KI16_13.mat,.mat,8714904,matlab,True,N15_M01_F10,N15,M01,F10,KI16,13,damaged,KI,bearing_code_prefix,N15_M01_F10_KI16_13:1x1:struct,
canonical_raw_root,data/raw/paderborn,data/raw/paderborn/KI16/N15_M01_F10_KI16_14.mat,N15_M01_F10_KI16_14.mat,.mat,8714904,matlab,True,N15_M01_F10,N15,M01,F10,KI16,14,damaged,KI,bearing_code_prefix,N15_M01_F10_KI16_14:1x1:struct,
canonical_raw_root,data/raw/paderborn,data/raw/paderborn/KI16/N15_M01_F10_KI16_15.mat,N15_M01_F10_KI16_15.mat,.mat,8714936,matlab,True,N15_M01_F10,N15,M01,F10,KI16,15,damaged,KI,bearing_code_prefix,N15_M01_F10_KI16_15:1x1:struct,
canonical_raw_root,data/raw/paderborn,data/raw/paderborn/KI16/N15_M01_F10_KI16_16.mat,N15_M01_F10_KI16_16.mat,.mat,8714936,matlab,True,N15_M01_F10,N15,M01,F10,KI16,16,damaged,KI,bearing_code_prefix,N15_M01_F10_KI16_16:1x1:struct,
canonical_raw_root,data/raw/paderborn,data/raw/paderborn/KI16/N15_M01_F10_KI16_17.mat,N15_M01_F10_KI16_17.mat,.mat,8714904,matlab,True,N15_M01_F10,N15,M01,F10,KI16,17,damaged,KI,bearing_code_prefix,N15_M01_F10_KI16_17:1x1:struct,
canonical_raw_root,data/raw/paderborn,data/raw/paderborn/KI16/N15_M01_F10_KI16_18.mat,N15_M01_F10_KI16_18.mat,.mat,8714904,matlab,True,N15_M01_F10,N15,M01,F10,KI16,18,damaged,KI,bearing_code_prefix,N15_M01_F10_KI16_18:1x1:struct,
canonical_raw_root,data/raw/paderborn,data/raw/paderborn/KI16/N15_M01_F10_KI16_19.mat,N15_M01_F10_KI16_19.mat,.mat,8714904,matlab,True,N15_M01_F10,N15,M01,F10,KI16,19,damaged,KI,bearing_code_prefix,N15_M01_F10_KI16_19:1x1:struct,
canonical_raw_root,data/raw/paderborn,data/raw/paderborn/KI16/N15_M01_F10_KI16_2.mat,N15_M01_F10_KI16_2.mat,.mat,8714936,matlab,True,N15_M01_F10,N15,M01,F10,KI16,2,damaged,KI,bearing_code_prefix,N15_M01_F10_KI16_2:1x1:struct,
canonical_raw_root,data/raw/paderborn,data/raw/paderborn/KI16/N15_M01_F10_KI16_20.mat,N15_M01_F10_KI16_20.mat,.mat,8714904,matlab,True,N15_M01_F10,N15,M01,F10,KI16,20,damaged,KI,bearing_code_prefix,N15_M01_F10_KI16_20:1x1:struct,
canonical_raw_root,data/raw/paderborn,data/raw/paderborn/KI16/N15_M01_F10_KI16_3.mat,N15_M01_F10_KI16_3.mat,.mat,9421336,matlab,True,N15_M01_F10,N15,M01,F10,KI16,3,damaged,KI,bearing_code_prefix,N15_M01_F10_KI16_3:1x1:struct,
canonical_raw_root,data/raw/paderborn,data/raw/paderborn/KI16/N15_M01_F10_KI16_4.mat,N15_M01_F10_KI16_4.mat,.mat,10178192,matlab,True,N15_M01_F10,N15,M01,F10,KI16,4,damaged,KI,bearing_code_prefix,N15_M01_F10_KI16_4:1x1:struct,
canonical_raw_root,data/raw/paderborn,data/raw/paderborn/KI16/N15_M01_F10_KI16_5.mat,N15_M01_F10_KI16_5.mat,.mat,8714904,matlab,True,N15_M01_F10,N15,M01,F10,KI16,5,damaged,KI,bearing_code_prefix,N15_M01_F10_KI16_5:1x1:struct,
canonical_raw_root,data/raw/paderborn,data/raw/paderborn/KI16/N15_M01_F10_KI16_6.mat,N15_M01_F10_KI16_6.mat,.mat,8714872,matlab,True,N15_M01_F10,N15,M01,F10,KI16,6,damaged,KI,bearing_code_prefix,N15_M01_F10_KI16_6:1x1:struct,
canonical_raw_root,data/raw/paderborn,data/raw/paderborn/KI16/N15_M01_F10_KI16_7.mat,N15_M01_F10_KI16_7.mat,.mat,8714904,matlab,True,N15_M01_F10,N15,M01,F10,KI16,7,damaged,KI,bearing_code_prefix,N15_M01_F10_KI16_7:1x1:struct,
canonical_raw_root,data/raw/paderborn,data/raw/paderborn/KI16/N15_M01_F10_KI16_8.mat,N15_M01_F10_KI16_8.mat,.mat,8762008,matlab,True,N15_M01_F10,N15,M01,F10,KI16,8,damaged,KI,bearing_code_prefix,N15_M01_F10_KI16_8:1x1:struct,
canonical_raw_root,data/raw/paderborn,data/raw/paderborn/KI16/N15_M01_F10_KI16_9.mat,N15_M01_F10_KI16_9.mat,.mat,8714968,matlab,True,N15_M01_F10,N15,M01,F10,KI16,9,damaged,KI,bearing_code_prefix,N15_M01_F10_KI16_9:1x1:struct,
canonical_raw_root,data/raw/paderborn,data/raw/paderborn/KI16/N15_M07_F04_KI16_1.mat,N15_M07_F04_KI16_1.mat,.mat,9771288,matlab,True,N15_M07_F04,N15,M07,F04,KI16,1,damaged,KI,bearing_code_prefix,N15_M07_F04_KI16_1:1x1:struct,
canonical_raw_root,data/raw/paderborn,data/raw/paderborn/KI16/N15_M07_F04_KI16_10.mat,N15_M07_F04_KI16_10.mat,.mat,8714904,matlab,True,N15_M07_F04,N15,M07,F04,KI16,10,damaged,KI,bearing_code_prefix,N15_M07_F04_KI16_10:1x1:struct,
canonical_raw_root,data/raw/paderborn,data/raw/paderborn/KI16/N15_M07_F04_KI16_11.mat,N15_M07_F04_KI16_11.mat,.mat,8714936,matlab,True,N15_M07_F04,N15,M07,F04,KI16,11,damaged,KI,bearing_code_prefix,N15_M07_F04_KI16_11:1x1:struct,
canonical_raw_root,data/raw/paderborn,data/raw/paderborn/KI16/N15_M07_F04_KI16_12.mat,N15_M07_F04_KI16_12.mat,.mat,8741080,matlab,True,N15_M07_F04,N15,M07,F04,KI16,12,damaged,KI,bearing_code_prefix,N15_M07_F04_KI16_12:1x1:struct,
canonical_raw_root,data/raw/paderborn,data/raw/paderborn/KI16/N15_M07_F04_KI16_13.mat,N15_M07_F04_KI16_13.mat,.mat,8717736,matlab,True,N15_M07_F04,N15,M07,F04,KI16,13,damaged,KI,bearing_code_prefix,N15_M07_F04_KI16_13:1x1:struct,
canonical_raw_root,data/raw/paderborn,data/raw/paderborn/KI16/N15_M07_F04_KI16_14.mat,N15_M07_F04_KI16_14.mat,.mat,8714968,matlab,True,N15_M07_F04,N15,M07,F04,KI16,14,damaged,KI,bearing_code_prefix,N15_M07_F04_KI16_14:1x1:struct,
canonical_raw_root,data/raw/paderborn,data/raw/paderborn/KI16/N15_M07_F04_KI16_15.mat,N15_M07_F04_KI16_15.mat,.mat,8714968,matlab,True,N15_M07_F04,N15,M07,F04,KI16,15,damaged,KI,bearing_code_prefix,N15_M07_F04_KI16_15:1x1:struct,
canonical_raw_root,data/raw/paderborn,data/raw/paderborn/KI16/N15_M07_F04_KI16_16.mat,N15_M07_F04_KI16_16.mat,.mat,9725048,matlab,True,N15_M07_F04,N15,M07,F04,KI16,16,damaged,KI,bearing_code_prefix,N15_M07_F04_KI16_16:1x1:struct,
canonical_raw_root,data/raw/paderborn,data/raw/paderborn/KI16/N15_M07_F04_KI16_17.mat,N15_M07_F04_KI16_17.mat,.mat,8759128,matlab,True,N15_M07_F04,N15,M07,F04,KI16,17,damaged,KI,bearing_code_prefix,N15_M07_F04_KI16_17:1x1:struct,
canonical_raw_root,data/raw/paderborn,data/raw/paderborn/KI16/N15_M07_F04_KI16_18.mat,N15_M07_F04_KI16_18.mat,.mat,8854360,matlab,True,N15_M07_F04,N15,M07,F04,KI16,18,damaged,KI,bearing_code_prefix,N15_M07_F04_KI16_18:1x1:struct,
canonical_raw_root,data/raw/paderborn,data/raw/paderborn/KI16/N15_M07_F04_KI16_19.mat,N15_M07_F04_KI16_19.mat,.mat,8714872,matlab,True,N15_M07_F04,N15,M07,F04,KI16,19,damaged,KI,bearing_code_prefix,N15_M07_F04_KI16_19:1x1:struct,
canonical_raw_root,data/raw/paderborn,data/raw/paderborn/KI16/N15_M07_F04_KI16_2.mat,N15_M07_F04_KI16_2.mat,.mat,8714936,matlab,True,N15_M07_F04,N15,M07,F04,KI16,2,damaged,KI,bearing_code_prefix,N15_M07_F04_KI16_2:1x1:struct,
canonical_raw_root,data/raw/paderborn,data/raw/paderborn/KI16/N15_M07_F04_KI16_20.mat,N15_M07_F04_KI16_20.mat,.mat,8714904,matlab,True,N15_M07_F04,N15,M07,F04,KI16,20,damaged,KI,bearing_code_prefix,N15_M07_F04_KI16_20:1x1:struct,
canonical_raw_root,data/raw/paderborn,data/raw/paderborn/KI16/N15_M07_F04_KI16_3.mat,N15_M07_F04_KI16_3.mat,.mat,8714904,matlab,True,N15_M07_F04,N15,M07,F04,KI16,3,damaged,KI,bearing_code_prefix,N15_M07_F04_KI16_3:1x1:struct,
canonical_raw_root,data/raw/paderborn,data/raw/paderborn/KI16/N15_M07_F04_KI16_4.mat,N15_M07_F04_KI16_4.mat,.mat,8844760,matlab,True,N15_M07_F04,N15,M07,F04,KI16,4,damaged,KI,bearing_code_prefix,N15_M07_F04_KI16_4:1x1:struct,
canonical_raw_root,data/raw/paderborn,data/raw/paderborn/KI16/N15_M07_F04_KI16_5.mat,N15_M07_F04_KI16_5.mat,.mat,8714936,matlab,True,N15_M07_F04,N15,M07,F04,KI16,5,damaged,KI,bearing_code_prefix,N15_M07_F04_KI16_5:1x1:struct,
canonical_raw_root,data/raw/paderborn,data/raw/paderborn/KI16/N15_M07_F04_KI16_6.mat,N15_M07_F04_KI16_6.mat,.mat,8717704,matlab,True,N15_M07_F04,N15,M07,F04,KI16,6,damaged,KI,bearing_code_prefix,N15_M07_F04_KI16_6:1x1:struct,
canonical_raw_root,data/raw/paderborn,data/raw/paderborn/KI16/N15_M07_F04_KI16_7.mat,N15_M07_F04_KI16_7.mat,.mat,8714936,matlab,True,N15_M07_F04,N15,M07,F04,KI16,7,damaged,KI,bearing_code_prefix,N15_M07_F04_KI16_7:1x1:struct,
canonical_raw_root,data/raw/paderborn,data/raw/paderborn/KI16/N15_M07_F04_KI16_8.mat,N15_M07_F04_KI16_8.mat,.mat,8714840,matlab,True,N15_M07_F04,N15,M07,F04,KI16,8,damaged,KI,bearing_code_prefix,N15_M07_F04_KI16_8:1x1:struct,
canonical_raw_root,data/raw/paderborn,data/raw/paderborn/KI16/N15_M07_F04_KI16_9.mat,N15_M07_F04_KI16_9.mat,.mat,8714904,matlab,True,N15_M07_F04,N15,M07,F04,KI16,9,damaged,KI,bearing_code_prefix,N15_M07_F04_KI16_9:1x1:struct,
canonical_raw_root,data/raw/paderborn,data/raw/paderborn/KI16/N15_M07_F10_KI16_1.mat,N15_M07_F10_KI16_1.mat,.mat,8714904,matlab,True,N15_M07_F10,N15,M07,F10,KI16,1,damaged,KI,bearing_code_prefix,N15_M07_F10_KI16_1:1x1:struct,
canonical_raw_root,data/raw/paderborn,data/raw/paderborn/KI16/N15_M07_F10_KI16_10.mat,N15_M07_F10_KI16_10.mat,.mat,8717800,matlab,True,N15_M07_F10,N15,M07,F10,KI16,10,damaged,KI,bearing_code_prefix,N15_M07_F10_KI16_10:1x1:struct,
canonical_raw_root,data/raw/paderborn,data/raw/paderborn/KI16/N15_M07_F10_KI16_11.mat,N15_M07_F10_KI16_11.mat,.mat,8714872,matlab,True,N15_M07_F10,N15,M07,F10,KI16,11,damaged,KI,bearing_code_prefix,N15_M07_F10_KI16_11:1x1:struct,
canonical_raw_root,data/raw/paderborn,data/raw/paderborn/KI16/N15_M07_F10_KI16_12.mat,N15_M07_F10_KI16_12.mat,.mat,8714968,matlab,True,N15_M07_F10,N15,M07,F10,KI16,12,damaged,KI,bearing_code_prefix,N15_M07_F10_KI16_12:1x1:struct,
canonical_raw_root,data/raw/paderborn,data/raw/paderborn/KI16/N15_M07_F10_KI16_13.mat,N15_M07_F10_KI16_13.mat,.mat,8714904,matlab,True,N15_M07_F10,N15,M07,F10,KI16,13,damaged,KI,bearing_code_prefix,N15_M07_F10_KI16_13:1x1:struct,
canonical_raw_root,data/raw/paderborn,data/raw/paderborn/KI16/N15_M07_F10_KI16_14.mat,N15_M07_F10_KI16_14.mat,.mat,8714904,matlab,True,N15_M07_F10,N15,M07,F10,KI16,14,damaged,KI,bearing_code_prefix,N15_M07_F10_KI16_14:1x1:struct,
canonical_raw_root,data/raw/paderborn,data/raw/paderborn/KI16/N15_M07_F10_KI16_15.mat,N15_M07_F10_KI16_15.mat,.mat,8717960,matlab,True,N15_M07_F10,N15,M07,F10,KI16,15,damaged,KI,bearing_code_prefix,N15_M07_F10_KI16_15:1x1:struct,
canonical_raw_root,data/raw/paderborn,data/raw/paderborn/KI16/N15_M07_F10_KI16_16.mat,N15_M07_F10_KI16_16.mat,.mat,8714968,matlab,True,N15_M07_F10,N15,M07,F10,KI16,16,damaged,KI,bearing_code_prefix,N15_M07_F10_KI16_16:1x1:struct,
canonical_raw_root,data/raw/paderborn,data/raw/paderborn/KI16/N15_M07_F10_KI16_17.mat,N15_M07_F10_KI16_17.mat,.mat,8724664,matlab,True,N15_M07_F10,N15,M07,F10,KI16,17,damaged,KI,bearing_code_prefix,N15_M07_F10_KI16_17:1x1:struct,
canonical_raw_root,data/raw/paderborn,data/raw/paderborn/KI16/N15_M07_F10_KI16_18.mat,N15_M07_F10_KI16_18.mat,.mat,8715032,matlab,True,N15_M07_F10,N15,M07,F10,KI16,18,damaged,KI,bearing_code_prefix,N15_M07_F10_KI16_18:1x1:struct,
canonical_raw_root,data/raw/paderborn,data/raw/paderborn/KI16/N15_M07_F10_KI16_19.mat,N15_M07_F10_KI16_19.mat,.mat,8714904,matlab,True,N15_M07_F10,N15,M07,F10,KI16,19,damaged,KI,bearing_code_prefix,N15_M07_F10_KI16_19:1x1:struct,
canonical_raw_root,data/raw/paderborn,data/raw/paderborn/KI16/N15_M07_F10_KI16_2.mat,N15_M07_F10_KI16_2.mat,.mat,8714872,matlab,True,N15_M07_F10,N15,M07,F10,KI16,2,damaged,KI,bearing_code_prefix,N15_M07_F10_KI16_2:1x1:struct,
canonical_raw_root,data/raw/paderborn,data/raw/paderborn/KI16/N15_M07_F10_KI16_20.mat,N15_M07_F10_KI16_20.mat,.mat,8714968,matlab,True,N15_M07_F10,N15,M07,F10,KI16,20,damaged,KI,bearing_code_prefix,N15_M07_F10_KI16_20:1x1:struct,
canonical_raw_root,data/raw/paderborn,data/raw/paderborn/KI16/N15_M07_F10_KI16_3.mat,N15_M07_F10_KI16_3.mat,.mat,8714936,matlab,True,N15_M07_F10,N15,M07,F10,KI16,3,damaged,KI,bearing_code_prefix,N15_M07_F10_KI16_3:1x1:struct,
canonical_raw_root,data/raw/paderborn,data/raw/paderborn/KI16/N15_M07_F10_KI16_4.mat,N15_M07_F10_KI16_4.mat,.mat,8714904,matlab,True,N15_M07_F10,N15,M07,F10,KI16,4,damaged,KI,bearing_code_prefix,N15_M07_F10_KI16_4:1x1:struct,
canonical_raw_root,data/raw/paderborn,data/raw/paderborn/KI16/N15_M07_F10_KI16_5.mat,N15_M07_F10_KI16_5.mat,.mat,8714904,matlab,True,N15_M07_F10,N15,M07,F10,KI16,5,damaged,KI,bearing_code_prefix,N15_M07_F10_KI16_5:1x1:struct,
canonical_raw_root,data/raw/paderborn,data/raw/paderborn/KI16/N15_M07_F10_KI16_6.mat,N15_M07_F10_KI16_6.mat,.mat,8714872,matlab,True,N15_M07_F10,N15,M07,F10,KI16,6,damaged,KI,bearing_code_prefix,N15_M07_F10_KI16_6:1x1:struct,
canonical_raw_root,data/raw/paderborn,data/raw/paderborn/KI16/N15_M07_F10_KI16_7.mat,N15_M07_F10_KI16_7.mat,.mat,8714904,matlab,True,N15_M07_F10,N15,M07,F10,KI16,7,damaged,KI,bearing_code_prefix,N15_M07_F10_KI16_7:1x1:struct,
canonical_raw_root,data/raw/paderborn,data/raw/paderborn/KI16/N15_M07_F10_KI16_8.mat,N15_M07_F10_KI16_8.mat,.mat,8714904,matlab,True,N15_M07_F10,N15,M07,F10,KI16,8,damaged,KI,bearing_code_prefix,N15_M07_F10_KI16_8:1x1:struct,
canonical_raw_root,data/raw/paderborn,data/raw/paderborn/KI16/N15_M07_F10_KI16_9.mat,N15_M07_F10_KI16_9.mat,.mat,9331472,matlab,True,N15_M07_F10,N15,M07,F10,KI16,9,damaged,KI,bearing_code_prefix,N15_M07_F10_KI16_9:1x1:struct,
canonical_raw_root,data/raw/paderborn,data/raw/paderborn/KI17/KI17.pdf,KI17.pdf,.pdf,56280,pdf,False,,,,,KI17,,damaged,KI,bearing_code_prefix,,No metadata inspector is implemented for this extension
canonical_raw_root,data/raw/paderborn,data/raw/paderborn/KI17/measuring_log_KI17.pdf,measuring_log_KI17.pdf,.pdf,139042,pdf,False,,,,,KI17,,damaged,KI,bearing_code_prefix,,No metadata inspector is implemented for this extension
canonical_raw_root,data/raw/paderborn,data/raw/paderborn/KI17/N09_M07_F10_KI17_1.mat,N09_M07_F10_KI17_1.mat,.mat,8714904,matlab,True,N09_M07_F10,N09,M07,F10,KI17,1,damaged,KI,bearing_code_prefix,N09_M07_F10_KI17_1:1x1:struct,
canonical_raw_root,data/raw/paderborn,data/raw/paderborn/KI17/N09_M07_F10_KI17_10.mat,N09_M07_F10_KI17_10.mat,.mat,9212792,matlab,True,N09_M07_F10,N09,M07,F10,KI17,10,damaged,KI,bearing_code_prefix,N09_M07_F10_KI17_10:1x1:struct,
canonical_raw_root,data/raw/paderborn,data/raw/paderborn/KI17/N09_M07_F10_KI17_11.mat,N09_M07_F10_KI17_11.mat,.mat,8715000,matlab,True,N09_M07_F10,N09,M07,F10,KI17,11,damaged,KI,bearing_code_prefix,N09_M07_F10_KI17_11:1x1:struct,
canonical_raw_root,data/raw/paderborn,data/raw/paderborn/KI17/N09_M07_F10_KI17_12.mat,N09_M07_F10_KI17_12.mat,.mat,8714904,matlab,True,N09_M07_F10,N09,M07,F10,KI17,12,damaged,KI,bearing_code_prefix,N09_M07_F10_KI17_12:1x1:struct,
canonical_raw_root,data/raw/paderborn,data/raw/paderborn/KI17/N09_M07_F10_KI17_13.mat,N09_M07_F10_KI17_13.mat,.mat,8714968,matlab,True,N09_M07_F10,N09,M07,F10,KI17,13,damaged,KI,bearing_code_prefix,N09_M07_F10_KI17_13:1x1:struct,
canonical_raw_root,data/raw/paderborn,data/raw/paderborn/KI17/N09_M07_F10_KI17_14.mat,N09_M07_F10_KI17_14.mat,.mat,8714904,matlab,True,N09_M07_F10,N09,M07,F10,KI17,14,damaged,KI,bearing_code_prefix,N09_M07_F10_KI17_14:1x1:struct,
canonical_raw_root,data/raw/paderborn,data/raw/paderborn/KI17/N09_M07_F10_KI17_15.mat,N09_M07_F10_KI17_15.mat,.mat,8714904,matlab,True,N09_M07_F10,N09,M07,F10,KI17,15,damaged,KI,bearing_code_prefix,N09_M07_F10_KI17_15:1x1:struct,
canonical_raw_root,data/raw/paderborn,data/raw/paderborn/KI17/N09_M07_F10_KI17_16.mat,N09_M07_F10_KI17_16.mat,.mat,8714872,matlab,True,N09_M07_F10,N09,M07,F10,KI17,16,damaged,KI,bearing_code_prefix,N09_M07_F10_KI17_16:1x1:struct,
canonical_raw_root,data/raw/paderborn,data/raw/paderborn/KI17/N09_M07_F10_KI17_17.mat,N09_M07_F10_KI17_17.mat,.mat,8714936,matlab,True,N09_M07_F10,N09,M07,F10,KI17,17,damaged,KI,bearing_code_prefix,N09_M07_F10_KI17_17:1x1:struct,
canonical_raw_root,data/raw/paderborn,data/raw/paderborn/KI17/N09_M07_F10_KI17_18.mat,N09_M07_F10_KI17_18.mat,.mat,8714936,matlab,True,N09_M07_F10,N09,M07,F10,KI17,18,damaged,KI,bearing_code_prefix,N09_M07_F10_KI17_18:1x1:struct,
canonical_raw_root,data/raw/paderborn,data/raw/paderborn/KI17/N09_M07_F10_KI17_19.mat,N09_M07_F10_KI17_19.mat,.mat,8714872,matlab,True,N09_M07_F10,N09,M07,F10,KI17,19,damaged,KI,bearing_code_prefix,N09_M07_F10_KI17_19:1x1:struct,
canonical_raw_root,data/raw/paderborn,data/raw/paderborn/KI17/N09_M07_F10_KI17_2.mat,N09_M07_F10_KI17_2.mat,.mat,8714872,matlab,True,N09_M07_F10,N09,M07,F10,KI17,2,damaged,KI,bearing_code_prefix,N09_M07_F10_KI17_2:1x1:struct,
canonical_raw_root,data/raw/paderborn,data/raw/paderborn/KI17/N09_M07_F10_KI17_20.mat,N09_M07_F10_KI17_20.mat,.mat,8714904,matlab,True,N09_M07_F10,N09,M07,F10,KI17,20,damaged,KI,bearing_code_prefix,N09_M07_F10_KI17_20:1x1:struct,
canonical_raw_root,data/raw/paderborn,data/raw/paderborn/KI17/N09_M07_F10_KI17_3.mat,N09_M07_F10_KI17_3.mat,.mat,8714872,matlab,True,N09_M07_F10,N09,M07,F10,KI17,3,damaged,KI,bearing_code_prefix,N09_M07_F10_KI17_3:1x1:struct,
canonical_raw_root,data/raw/paderborn,data/raw/paderborn/KI17/N09_M07_F10_KI17_4.mat,N09_M07_F10_KI17_4.mat,.mat,8714904,matlab,True,N09_M07_F10,N09,M07,F10,KI17,4,damaged,KI,bearing_code_prefix,N09_M07_F10_KI17_4:1x1:struct,
canonical_raw_root,data/raw/paderborn,data/raw/paderborn/KI17/N09_M07_F10_KI17_5.mat,N09_M07_F10_KI17_5.mat,.mat,8714872,matlab,True,N09_M07_F10,N09,M07,F10,KI17,5,damaged,KI,bearing_code_prefix,N09_M07_F10_KI17_5:1x1:struct,
canonical_raw_root,data/raw/paderborn,data/raw/paderborn/KI17/N09_M07_F10_KI17_6.mat,N09_M07_F10_KI17_6.mat,.mat,8715032,matlab,True,N09_M07_F10,N09,M07,F10,KI17,6,damaged,KI,bearing_code_prefix,N09_M07_F10_KI17_6:1x1:struct,
canonical_raw_root,data/raw/paderborn,data/raw/paderborn/KI17/N09_M07_F10_KI17_7.mat,N09_M07_F10_KI17_7.mat,.mat,8714904,matlab,True,N09_M07_F10,N09,M07,F10,KI17,7,damaged,KI,bearing_code_prefix,N09_M07_F10_KI17_7:1x1:struct,
canonical_raw_root,data/raw/paderborn,data/raw/paderborn/KI17/N09_M07_F10_KI17_8.mat,N09_M07_F10_KI17_8.mat,.mat,9336504,matlab,True,N09_M07_F10,N09,M07,F10,KI17,8,damaged,KI,bearing_code_prefix,N09_M07_F10_KI17_8:1x1:struct,
canonical_raw_root,data/raw/paderborn,data/raw/paderborn/KI17/N09_M07_F10_KI17_9.mat,N09_M07_F10_KI17_9.mat,.mat,8714904,matlab,True,N09_M07_F10,N09,M07,F10,KI17,9,damaged,KI,bearing_code_prefix,N09_M07_F10_KI17_9:1x1:struct,
canonical_raw_root,data/raw/paderborn,data/raw/paderborn/KI17/N15_M01_F10_KI17_1.mat,N15_M01_F10_KI17_1.mat,.mat,8714904,matlab,True,N15_M01_F10,N15,M01,F10,KI17,1,damaged,KI,bearing_code_prefix,N15_M01_F10_KI17_1:1x1:struct,
canonical_raw_root,data/raw/paderborn,data/raw/paderborn/KI17/N15_M01_F10_KI17_10.mat,N15_M01_F10_KI17_10.mat,.mat,9421368,matlab,True,N15_M01_F10,N15,M01,F10,KI17,10,damaged,KI,bearing_code_prefix,N15_M01_F10_KI17_10:1x1:struct,
canonical_raw_root,data/raw/paderborn,data/raw/paderborn/KI17/N15_M01_F10_KI17_11.mat,N15_M01_F10_KI17_11.mat,.mat,8714904,matlab,True,N15_M01_F10,N15,M01,F10,KI17,11,damaged,KI,bearing_code_prefix,N15_M01_F10_KI17_11:1x1:struct,
canonical_raw_root,data/raw/paderborn,data/raw/paderborn/KI17/N15_M01_F10_KI17_12.mat,N15_M01_F10_KI17_12.mat,.mat,8714872,matlab,True,N15_M01_F10,N15,M01,F10,KI17,12,damaged,KI,bearing_code_prefix,N15_M01_F10_KI17_12:1x1:struct,
canonical_raw_root,data/raw/paderborn,data/raw/paderborn/KI17/N15_M01_F10_KI17_13.mat,N15_M01_F10_KI17_13.mat,.mat,8714904,matlab,True,N15_M01_F10,N15,M01,F10,KI17,13,damaged,KI,bearing_code_prefix,N15_M01_F10_KI17_13:1x1:struct,
canonical_raw_root,data/raw/paderborn,data/raw/paderborn/KI17/N15_M01_F10_KI17_14.mat,N15_M01_F10_KI17_14.mat,.mat,8714904,matlab,True,N15_M01_F10,N15,M01,F10,KI17,14,damaged,KI,bearing_code_prefix,N15_M01_F10_KI17_14:1x1:struct,
canonical_raw_root,data/raw/paderborn,data/raw/paderborn/KI17/N15_M01_F10_KI17_15.mat,N15_M01_F10_KI17_15.mat,.mat,8714872,matlab,True,N15_M01_F10,N15,M01,F10,KI17,15,damaged,KI,bearing_code_prefix,N15_M01_F10_KI17_15:1x1:struct,
canonical_raw_root,data/raw/paderborn,data/raw/paderborn/KI17/N15_M01_F10_KI17_16.mat,N15_M01_F10_KI17_16.mat,.mat,8714904,matlab,True,N15_M01_F10,N15,M01,F10,KI17,16,damaged,KI,bearing_code_prefix,N15_M01_F10_KI17_16:1x1:struct,
canonical_raw_root,data/raw/paderborn,data/raw/paderborn/KI17/N15_M01_F10_KI17_17.mat,N15_M01_F10_KI17_17.mat,.mat,8714904,matlab,True,N15_M01_F10,N15,M01,F10,KI17,17,damaged,KI,bearing_code_prefix,N15_M01_F10_KI17_17:1x1:struct,
canonical_raw_root,data/raw/paderborn,data/raw/paderborn/KI17/N15_M01_F10_KI17_18.mat,N15_M01_F10_KI17_18.mat,.mat,8714968,matlab,True,N15_M01_F10,N15,M01,F10,KI17,18,damaged,KI,bearing_code_prefix,N15_M01_F10_KI17_18:1x1:struct,
canonical_raw_root,data/raw/paderborn,data/raw/paderborn/KI17/N15_M01_F10_KI17_19.mat,N15_M01_F10_KI17_19.mat,.mat,9248344,matlab,True,N15_M01_F10,N15,M01,F10,KI17,19,damaged,KI,bearing_code_prefix,N15_M01_F10_KI17_19:1x1:struct,
canonical_raw_root,data/raw/paderborn,data/raw/paderborn/KI17/N15_M01_F10_KI17_2.mat,N15_M01_F10_KI17_2.mat,.mat,8714904,matlab,True,N15_M01_F10,N15,M01,F10,KI17,2,damaged,KI,bearing_code_prefix,N15_M01_F10_KI17_2:1x1:struct,
canonical_raw_root,data/raw/paderborn,data/raw/paderborn/KI17/N15_M01_F10_KI17_20.mat,N15_M01_F10_KI17_20.mat,.mat,8714936,matlab,True,N15_M01_F10,N15,M01,F10,KI17,20,damaged,KI,bearing_code_prefix,N15_M01_F10_KI17_20:1x1:struct,
canonical_raw_root,data/raw/paderborn,data/raw/paderborn/KI17/N15_M01_F10_KI17_3.mat,N15_M01_F10_KI17_3.mat,.mat,8714872,matlab,True,N15_M01_F10,N15,M01,F10,KI17,3,damaged,KI,bearing_code_prefix,N15_M01_F10_KI17_3:1x1:struct,
canonical_raw_root,data/raw/paderborn,data/raw/paderborn/KI17/N15_M01_F10_KI17_4.mat,N15_M01_F10_KI17_4.mat,.mat,8714872,matlab,True,N15_M01_F10,N15,M01,F10,KI17,4,damaged,KI,bearing_code_prefix,N15_M01_F10_KI17_4:1x1:struct,
canonical_raw_root,data/raw/paderborn,data/raw/paderborn/KI17/N15_M01_F10_KI17_5.mat,N15_M01_F10_KI17_5.mat,.mat,8714904,matlab,True,N15_M01_F10,N15,M01,F10,KI17,5,damaged,KI,bearing_code_prefix,N15_M01_F10_KI17_5:1x1:struct,
canonical_raw_root,data/raw/paderborn,data/raw/paderborn/KI17/N15_M01_F10_KI17_6.mat,N15_M01_F10_KI17_6.mat,.mat,8796280,matlab,True,N15_M01_F10,N15,M01,F10,KI17,6,damaged,KI,bearing_code_prefix,N15_M01_F10_KI17_6:1x1:struct,
canonical_raw_root,data/raw/paderborn,data/raw/paderborn/KI17/N15_M01_F10_KI17_7.mat,N15_M01_F10_KI17_7.mat,.mat,8714936,matlab,True,N15_M01_F10,N15,M01,F10,KI17,7,damaged,KI,bearing_code_prefix,N15_M01_F10_KI17_7:1x1:struct,
canonical_raw_root,data/raw/paderborn,data/raw/paderborn/KI17/N15_M01_F10_KI17_8.mat,N15_M01_F10_KI17_8.mat,.mat,8768152,matlab,True,N15_M01_F10,N15,M01,F10,KI17,8,damaged,KI,bearing_code_prefix,N15_M01_F10_KI17_8:1x1:struct,
canonical_raw_root,data/raw/paderborn,data/raw/paderborn/KI17/N15_M01_F10_KI17_9.mat,N15_M01_F10_KI17_9.mat,.mat,8714904,matlab,True,N15_M01_F10,N15,M01,F10,KI17,9,damaged,KI,bearing_code_prefix,N15_M01_F10_KI17_9:1x1:struct,
canonical_raw_root,data/raw/paderborn,data/raw/paderborn/KI17/N15_M07_F04_KI17_1.mat,N15_M07_F04_KI17_1.mat,.mat,8714904,matlab,True,N15_M07_F04,N15,M07,F04,KI17,1,damaged,KI,bearing_code_prefix,N15_M07_F04_KI17_1:1x1:struct,
canonical_raw_root,data/raw/paderborn,data/raw/paderborn/KI17/N15_M07_F04_KI17_10.mat,N15_M07_F04_KI17_10.mat,.mat,8714904,matlab,True,N15_M07_F04,N15,M07,F04,KI17,10,damaged,KI,bearing_code_prefix,N15_M07_F04_KI17_10:1x1:struct,
canonical_raw_root,data/raw/paderborn,data/raw/paderborn/KI17/N15_M07_F04_KI17_11.mat,N15_M07_F04_KI17_11.mat,.mat,8714904,matlab,True,N15_M07_F04,N15,M07,F04,KI17,11,damaged,KI,bearing_code_prefix,N15_M07_F04_KI17_11:1x1:struct,
canonical_raw_root,data/raw/paderborn,data/raw/paderborn/KI17/N15_M07_F04_KI17_12.mat,N15_M07_F04_KI17_12.mat,.mat,8714872,matlab,True,N15_M07_F04,N15,M07,F04,KI17,12,damaged,KI,bearing_code_prefix,N15_M07_F04_KI17_12:1x1:struct,
canonical_raw_root,data/raw/paderborn,data/raw/paderborn/KI17/N15_M07_F04_KI17_13.mat,N15_M07_F04_KI17_13.mat,.mat,8714904,matlab,True,N15_M07_F04,N15,M07,F04,KI17,13,damaged,KI,bearing_code_prefix,N15_M07_F04_KI17_13:1x1:struct,
canonical_raw_root,data/raw/paderborn,data/raw/paderborn/KI17/N15_M07_F04_KI17_14.mat,N15_M07_F04_KI17_14.mat,.mat,8714968,matlab,True,N15_M07_F04,N15,M07,F04,KI17,14,damaged,KI,bearing_code_prefix,N15_M07_F04_KI17_14:1x1:struct,
canonical_raw_root,data/raw/paderborn,data/raw/paderborn/KI17/N15_M07_F04_KI17_15.mat,N15_M07_F04_KI17_15.mat,.mat,8782584,matlab,True,N15_M07_F04,N15,M07,F04,KI17,15,damaged,KI,bearing_code_prefix,N15_M07_F04_KI17_15:1x1:struct,
canonical_raw_root,data/raw/paderborn,data/raw/paderborn/KI17/N15_M07_F04_KI17_16.mat,N15_M07_F04_KI17_16.mat,.mat,8714936,matlab,True,N15_M07_F04,N15,M07,F04,KI17,16,damaged,KI,bearing_code_prefix,N15_M07_F04_KI17_16:1x1:struct,
canonical_raw_root,data/raw/paderborn,data/raw/paderborn/KI17/N15_M07_F04_KI17_17.mat,N15_M07_F04_KI17_17.mat,.mat,8714968,matlab,True,N15_M07_F04,N15,M07,F04,KI17,17,damaged,KI,bearing_code_prefix,N15_M07_F04_KI17_17:1x1:struct,
canonical_raw_root,data/raw/paderborn,data/raw/paderborn/KI17/N15_M07_F04_KI17_18.mat,N15_M07_F04_KI17_18.mat,.mat,8714904,matlab,True,N15_M07_F04,N15,M07,F04,KI17,18,damaged,KI,bearing_code_prefix,N15_M07_F04_KI17_18:1x1:struct,
canonical_raw_root,data/raw/paderborn,data/raw/paderborn/KI17/N15_M07_F04_KI17_19.mat,N15_M07_F04_KI17_19.mat,.mat,8714872,matlab,True,N15_M07_F04,N15,M07,F04,KI17,19,damaged,KI,bearing_code_prefix,N15_M07_F04_KI17_19:1x1:struct,
canonical_raw_root,data/raw/paderborn,data/raw/paderborn/KI17/N15_M07_F04_KI17_2.mat,N15_M07_F04_KI17_2.mat,.mat,8714904,matlab,True,N15_M07_F04,N15,M07,F04,KI17,2,damaged,KI,bearing_code_prefix,N15_M07_F04_KI17_2:1x1:struct,
canonical_raw_root,data/raw/paderborn,data/raw/paderborn/KI17/N15_M07_F04_KI17_20.mat,N15_M07_F04_KI17_20.mat,.mat,8714904,matlab,True,N15_M07_F04,N15,M07,F04,KI17,20,damaged,KI,bearing_code_prefix,N15_M07_F04_KI17_20:1x1:struct,
canonical_raw_root,data/raw/paderborn,data/raw/paderborn/KI17/N15_M07_F04_KI17_3.mat,N15_M07_F04_KI17_3.mat,.mat,9363896,matlab,True,N15_M07_F04,N15,M07,F04,KI17,3,damaged,KI,bearing_code_prefix,N15_M07_F04_KI17_3:1x1:struct,
canonical_raw_root,data/raw/paderborn,data/raw/paderborn/KI17/N15_M07_F04_KI17_4.mat,N15_M07_F04_KI17_4.mat,.mat,8714904,matlab,True,N15_M07_F04,N15,M07,F04,KI17,4,damaged,KI,bearing_code_prefix,N15_M07_F04_KI17_4:1x1:struct,
canonical_raw_root,data/raw/paderborn,data/raw/paderborn/KI17/N15_M07_F04_KI17_5.mat,N15_M07_F04_KI17_5.mat,.mat,8714904,matlab,True,N15_M07_F04,N15,M07,F04,KI17,5,damaged,KI,bearing_code_prefix,N15_M07_F04_KI17_5:1x1:struct,
canonical_raw_root,data/raw/paderborn,data/raw/paderborn/KI17/N15_M07_F04_KI17_6.mat,N15_M07_F04_KI17_6.mat,.mat,8714904,matlab,True,N15_M07_F04,N15,M07,F04,KI17,6,damaged,KI,bearing_code_prefix,N15_M07_F04_KI17_6:1x1:struct,
canonical_raw_root,data/raw/paderborn,data/raw/paderborn/KI17/N15_M07_F04_KI17_7.mat,N15_M07_F04_KI17_7.mat,.mat,8714904,matlab,True,N15_M07_F04,N15,M07,F04,KI17,7,damaged,KI,bearing_code_prefix,N15_M07_F04_KI17_7:1x1:struct,
canonical_raw_root,data/raw/paderborn,data/raw/paderborn/KI17/N15_M07_F04_KI17_8.mat,N15_M07_F04_KI17_8.mat,.mat,8714872,matlab,True,N15_M07_F04,N15,M07,F04,KI17,8,damaged,KI,bearing_code_prefix,N15_M07_F04_KI17_8:1x1:struct,
canonical_raw_root,data/raw/paderborn,data/raw/paderborn/KI17/N15_M07_F04_KI17_9.mat,N15_M07_F04_KI17_9.mat,.mat,8714904,matlab,True,N15_M07_F04,N15,M07,F04,KI17,9,damaged,KI,bearing_code_prefix,N15_M07_F04_KI17_9:1x1:struct,
canonical_raw_root,data/raw/paderborn,data/raw/paderborn/KI17/N15_M07_F10_KI17_1.mat,N15_M07_F10_KI17_1.mat,.mat,8897720,matlab,True,N15_M07_F10,N15,M07,F10,KI17,1,damaged,KI,bearing_code_prefix,N15_M07_F10_KI17_1:1x1:struct,
canonical_raw_root,data/raw/paderborn,data/raw/paderborn/KI17/N15_M07_F10_KI17_10.mat,N15_M07_F10_KI17_10.mat,.mat,8714808,matlab,True,N15_M07_F10,N15,M07,F10,KI17,10,damaged,KI,bearing_code_prefix,N15_M07_F10_KI17_10:1x1:struct,
canonical_raw_root,data/raw/paderborn,data/raw/paderborn/KI17/N15_M07_F10_KI17_11.mat,N15_M07_F10_KI17_11.mat,.mat,8714936,matlab,True,N15_M07_F10,N15,M07,F10,KI17,11,damaged,KI,bearing_code_prefix,N15_M07_F10_KI17_11:1x1:struct,
canonical_raw_root,data/raw/paderborn,data/raw/paderborn/KI17/N15_M07_F10_KI17_12.mat,N15_M07_F10_KI17_12.mat,.mat,8714904,matlab,True,N15_M07_F10,N15,M07,F10,KI17,12,damaged,KI,bearing_code_prefix,N15_M07_F10_KI17_12:1x1:struct,
canonical_raw_root,data/raw/paderborn,data/raw/paderborn/KI17/N15_M07_F10_KI17_13.mat,N15_M07_F10_KI17_13.mat,.mat,8714904,matlab,True,N15_M07_F10,N15,M07,F10,KI17,13,damaged,KI,bearing_code_prefix,N15_M07_F10_KI17_13:1x1:struct,
canonical_raw_root,data/raw/paderborn,data/raw/paderborn/KI17/N15_M07_F10_KI17_14.mat,N15_M07_F10_KI17_14.mat,.mat,8714872,matlab,True,N15_M07_F10,N15,M07,F10,KI17,14,damaged,KI,bearing_code_prefix,N15_M07_F10_KI17_14:1x1:struct,
canonical_raw_root,data/raw/paderborn,data/raw/paderborn/KI17/N15_M07_F10_KI17_15.mat,N15_M07_F10_KI17_15.mat,.mat,8714936,matlab,True,N15_M07_F10,N15,M07,F10,KI17,15,damaged,KI,bearing_code_prefix,N15_M07_F10_KI17_15:1x1:struct,
canonical_raw_root,data/raw/paderborn,data/raw/paderborn/KI17/N15_M07_F10_KI17_16.mat,N15_M07_F10_KI17_16.mat,.mat,8714872,matlab,True,N15_M07_F10,N15,M07,F10,KI17,16,damaged,KI,bearing_code_prefix,N15_M07_F10_KI17_16:1x1:struct,
canonical_raw_root,data/raw/paderborn,data/raw/paderborn/KI17/N15_M07_F10_KI17_17.mat,N15_M07_F10_KI17_17.mat,.mat,8714872,matlab,True,N15_M07_F10,N15,M07,F10,KI17,17,damaged,KI,bearing_code_prefix,N15_M07_F10_KI17_17:1x1:struct,
canonical_raw_root,data/raw/paderborn,data/raw/paderborn/KI17/N15_M07_F10_KI17_18.mat,N15_M07_F10_KI17_18.mat,.mat,8714968,matlab,True,N15_M07_F10,N15,M07,F10,KI17,18,damaged,KI,bearing_code_prefix,N15_M07_F10_KI17_18:1x1:struct,
canonical_raw_root,data/raw/paderborn,data/raw/paderborn/KI17/N15_M07_F10_KI17_19.mat,N15_M07_F10_KI17_19.mat,.mat,8715000,matlab,True,N15_M07_F10,N15,M07,F10,KI17,19,damaged,KI,bearing_code_prefix,N15_M07_F10_KI17_19:1x1:struct,
canonical_raw_root,data/raw/paderborn,data/raw/paderborn/KI17/N15_M07_F10_KI17_2.mat,N15_M07_F10_KI17_2.mat,.mat,8714936,matlab,True,N15_M07_F10,N15,M07,F10,KI17,2,damaged,KI,bearing_code_prefix,N15_M07_F10_KI17_2:1x1:struct,
canonical_raw_root,data/raw/paderborn,data/raw/paderborn/KI17/N15_M07_F10_KI17_20.mat,N15_M07_F10_KI17_20.mat,.mat,8714872,matlab,True,N15_M07_F10,N15,M07,F10,KI17,20,damaged,KI,bearing_code_prefix,N15_M07_F10_KI17_20:1x1:struct,
canonical_raw_root,data/raw/paderborn,data/raw/paderborn/KI17/N15_M07_F10_KI17_3.mat,N15_M07_F10_KI17_3.mat,.mat,8715000,matlab,True,N15_M07_F10,N15,M07,F10,KI17,3,damaged,KI,bearing_code_prefix,N15_M07_F10_KI17_3:1x1:struct,
canonical_raw_root,data/raw/paderborn,data/raw/paderborn/KI17/N15_M07_F10_KI17_4.mat,N15_M07_F10_KI17_4.mat,.mat,8714936,matlab,True,N15_M07_F10,N15,M07,F10,KI17,4,damaged,KI,bearing_code_prefix,N15_M07_F10_KI17_4:1x1:struct,
canonical_raw_root,data/raw/paderborn,data/raw/paderborn/KI17/N15_M07_F10_KI17_5.mat,N15_M07_F10_KI17_5.mat,.mat,8714968,matlab,True,N15_M07_F10,N15,M07,F10,KI17,5,damaged,KI,bearing_code_prefix,N15_M07_F10_KI17_5:1x1:struct,
canonical_raw_root,data/raw/paderborn,data/raw/paderborn/KI17/N15_M07_F10_KI17_6.mat,N15_M07_F10_KI17_6.mat,.mat,8714904,matlab,True,N15_M07_F10,N15,M07,F10,KI17,6,damaged,KI,bearing_code_prefix,N15_M07_F10_KI17_6:1x1:struct,
canonical_raw_root,data/raw/paderborn,data/raw/paderborn/KI17/N15_M07_F10_KI17_7.mat,N15_M07_F10_KI17_7.mat,.mat,8714968,matlab,True,N15_M07_F10,N15,M07,F10,KI17,7,damaged,KI,bearing_code_prefix,N15_M07_F10_KI17_7:1x1:struct,
canonical_raw_root,data/raw/paderborn,data/raw/paderborn/KI17/N15_M07_F10_KI17_8.mat,N15_M07_F10_KI17_8.mat,.mat,8714904,matlab,True,N15_M07_F10,N15,M07,F10,KI17,8,damaged,KI,bearing_code_prefix,N15_M07_F10_KI17_8:1x1:struct,
canonical_raw_root,data/raw/paderborn,data/raw/paderborn/KI17/N15_M07_F10_KI17_9.mat,N15_M07_F10_KI17_9.mat,.mat,8714904,matlab,True,N15_M07_F10,N15,M07,F10,KI17,9,damaged,KI,bearing_code_prefix,N15_M07_F10_KI17_9:1x1:struct,
canonical_raw_root,data/raw/paderborn,data/raw/paderborn/KI18/KI18.pdf,KI18.pdf,.pdf,232205,pdf,False,,,,,KI18,,damaged,KI,bearing_code_prefix,,No metadata inspector is implemented for this extension
canonical_raw_root,data/raw/paderborn,data/raw/paderborn/KI18/measuring_log_KI18.pdf,measuring_log_KI18.pdf,.pdf,139030,pdf,False,,,,,KI18,,damaged,KI,bearing_code_prefix,,No metadata inspector is implemented for this extension
canonical_raw_root,data/raw/paderborn,data/raw/paderborn/KI18/N09_M07_F10_KI18_1.mat,N09_M07_F10_KI18_1.mat,.mat,8714904,matlab,True,N09_M07_F10,N09,M07,F10,KI18,1,damaged,KI,bearing_code_prefix,N09_M07_F10_KI18_1:1x1:struct,
canonical_raw_root,data/raw/paderborn,data/raw/paderborn/KI18/N09_M07_F10_KI18_10.mat,N09_M07_F10_KI18_10.mat,.mat,8714936,matlab,True,N09_M07_F10,N09,M07,F10,KI18,10,damaged,KI,bearing_code_prefix,N09_M07_F10_KI18_10:1x1:struct,
canonical_raw_root,data/raw/paderborn,data/raw/paderborn/KI18/N09_M07_F10_KI18_11.mat,N09_M07_F10_KI18_11.mat,.mat,8714904,matlab,True,N09_M07_F10,N09,M07,F10,KI18,11,damaged,KI,bearing_code_prefix,N09_M07_F10_KI18_11:1x1:struct,
canonical_raw_root,data/raw/paderborn,data/raw/paderborn/KI18/N09_M07_F10_KI18_12.mat,N09_M07_F10_KI18_12.mat,.mat,8714968,matlab,True,N09_M07_F10,N09,M07,F10,KI18,12,damaged,KI,bearing_code_prefix,N09_M07_F10_KI18_12:1x1:struct,
canonical_raw_root,data/raw/paderborn,data/raw/paderborn/KI18/N09_M07_F10_KI18_13.mat,N09_M07_F10_KI18_13.mat,.mat,8715000,matlab,True,N09_M07_F10,N09,M07,F10,KI18,13,damaged,KI,bearing_code_prefix,N09_M07_F10_KI18_13:1x1:struct,
canonical_raw_root,data/raw/paderborn,data/raw/paderborn/KI18/N09_M07_F10_KI18_14.mat,N09_M07_F10_KI18_14.mat,.mat,8714904,matlab,True,N09_M07_F10,N09,M07,F10,KI18,14,damaged,KI,bearing_code_prefix,N09_M07_F10_KI18_14:1x1:struct,
canonical_raw_root,data/raw/paderborn,data/raw/paderborn/KI18/N09_M07_F10_KI18_15.mat,N09_M07_F10_KI18_15.mat,.mat,8714968,matlab,True,N09_M07_F10,N09,M07,F10,KI18,15,damaged,KI,bearing_code_prefix,N09_M07_F10_KI18_15:1x1:struct,
canonical_raw_root,data/raw/paderborn,data/raw/paderborn/KI18/N09_M07_F10_KI18_16.mat,N09_M07_F10_KI18_16.mat,.mat,8715000,matlab,True,N09_M07_F10,N09,M07,F10,KI18,16,damaged,KI,bearing_code_prefix,N09_M07_F10_KI18_16:1x1:struct,
canonical_raw_root,data/raw/paderborn,data/raw/paderborn/KI18/N09_M07_F10_KI18_17.mat,N09_M07_F10_KI18_17.mat,.mat,8714904,matlab,True,N09_M07_F10,N09,M07,F10,KI18,17,damaged,KI,bearing_code_prefix,N09_M07_F10_KI18_17:1x1:struct,
canonical_raw_root,data/raw/paderborn,data/raw/paderborn/KI18/N09_M07_F10_KI18_18.mat,N09_M07_F10_KI18_18.mat,.mat,8714872,matlab,True,N09_M07_F10,N09,M07,F10,KI18,18,damaged,KI,bearing_code_prefix,N09_M07_F10_KI18_18:1x1:struct,
canonical_raw_root,data/raw/paderborn,data/raw/paderborn/KI18/N09_M07_F10_KI18_19.mat,N09_M07_F10_KI18_19.mat,.mat,8714872,matlab,True,N09_M07_F10,N09,M07,F10,KI18,19,damaged,KI,bearing_code_prefix,N09_M07_F10_KI18_19:1x1:struct,
canonical_raw_root,data/raw/paderborn,data/raw/paderborn/KI18/N09_M07_F10_KI18_2.mat,N09_M07_F10_KI18_2.mat,.mat,8714936,matlab,True,N09_M07_F10,N09,M07,F10,KI18,2,damaged,KI,bearing_code_prefix,N09_M07_F10_KI18_2:1x1:struct,
canonical_raw_root,data/raw/paderborn,data/raw/paderborn/KI18/N09_M07_F10_KI18_20.mat,N09_M07_F10_KI18_20.mat,.mat,8714872,matlab,True,N09_M07_F10,N09,M07,F10,KI18,20,damaged,KI,bearing_code_prefix,N09_M07_F10_KI18_20:1x1:struct,
canonical_raw_root,data/raw/paderborn,data/raw/paderborn/KI18/N09_M07_F10_KI18_3.mat,N09_M07_F10_KI18_3.mat,.mat,8714968,matlab,True,N09_M07_F10,N09,M07,F10,KI18,3,damaged,KI,bearing_code_prefix,N09_M07_F10_KI18_3:1x1:struct,
canonical_raw_root,data/raw/paderborn,data/raw/paderborn/KI18/N09_M07_F10_KI18_4.mat,N09_M07_F10_KI18_4.mat,.mat,8714872,matlab,True,N09_M07_F10,N09,M07,F10,KI18,4,damaged,KI,bearing_code_prefix,N09_M07_F10_KI18_4:1x1:struct,
canonical_raw_root,data/raw/paderborn,data/raw/paderborn/KI18/N09_M07_F10_KI18_5.mat,N09_M07_F10_KI18_5.mat,.mat,8714936,matlab,True,N09_M07_F10,N09,M07,F10,KI18,5,damaged,KI,bearing_code_prefix,N09_M07_F10_KI18_5:1x1:struct,
canonical_raw_root,data/raw/paderborn,data/raw/paderborn/KI18/N09_M07_F10_KI18_6.mat,N09_M07_F10_KI18_6.mat,.mat,8714872,matlab,True,N09_M07_F10,N09,M07,F10,KI18,6,damaged,KI,bearing_code_prefix,N09_M07_F10_KI18_6:1x1:struct,
canonical_raw_root,data/raw/paderborn,data/raw/paderborn/KI18/N09_M07_F10_KI18_7.mat,N09_M07_F10_KI18_7.mat,.mat,8714872,matlab,True,N09_M07_F10,N09,M07,F10,KI18,7,damaged,KI,bearing_code_prefix,N09_M07_F10_KI18_7:1x1:struct,
canonical_raw_root,data/raw/paderborn,data/raw/paderborn/KI18/N09_M07_F10_KI18_8.mat,N09_M07_F10_KI18_8.mat,.mat,8714904,matlab,True,N09_M07_F10,N09,M07,F10,KI18,8,damaged,KI,bearing_code_prefix,N09_M07_F10_KI18_8:1x1:struct,
canonical_raw_root,data/raw/paderborn,data/raw/paderborn/KI18/N09_M07_F10_KI18_9.mat,N09_M07_F10_KI18_9.mat,.mat,8913304,matlab,True,N09_M07_F10,N09,M07,F10,KI18,9,damaged,KI,bearing_code_prefix,N09_M07_F10_KI18_9:1x1:struct,
canonical_raw_root,data/raw/paderborn,data/raw/paderborn/KI18/N15_M01_F10_KI18_1.mat,N15_M01_F10_KI18_1.mat,.mat,8714904,matlab,True,N15_M01_F10,N15,M01,F10,KI18,1,damaged,KI,bearing_code_prefix,N15_M01_F10_KI18_1:1x1:struct,
canonical_raw_root,data/raw/paderborn,data/raw/paderborn/KI18/N15_M01_F10_KI18_10.mat,N15_M01_F10_KI18_10.mat,.mat,8714936,matlab,True,N15_M01_F10,N15,M01,F10,KI18,10,damaged,KI,bearing_code_prefix,N15_M01_F10_KI18_10:1x1:struct,
canonical_raw_root,data/raw/paderborn,data/raw/paderborn/KI18/N15_M01_F10_KI18_11.mat,N15_M01_F10_KI18_11.mat,.mat,8714936,matlab,True,N15_M01_F10,N15,M01,F10,KI18,11,damaged,KI,bearing_code_prefix,N15_M01_F10_KI18_11:1x1:struct,
canonical_raw_root,data/raw/paderborn,data/raw/paderborn/KI18/N15_M01_F10_KI18_12.mat,N15_M01_F10_KI18_12.mat,.mat,8714872,matlab,True,N15_M01_F10,N15,M01,F10,KI18,12,damaged,KI,bearing_code_prefix,N15_M01_F10_KI18_12:1x1:struct,
canonical_raw_root,data/raw/paderborn,data/raw/paderborn/KI18/N15_M01_F10_KI18_13.mat,N15_M01_F10_KI18_13.mat,.mat,8714936,matlab,True,N15_M01_F10,N15,M01,F10,KI18,13,damaged,KI,bearing_code_prefix,N15_M01_F10_KI18_13:1x1:struct,
canonical_raw_root,data/raw/paderborn,data/raw/paderborn/KI18/N15_M01_F10_KI18_14.mat,N15_M01_F10_KI18_14.mat,.mat,8714936,matlab,True,N15_M01_F10,N15,M01,F10,KI18,14,damaged,KI,bearing_code_prefix,N15_M01_F10_KI18_14:1x1:struct,
canonical_raw_root,data/raw/paderborn,data/raw/paderborn/KI18/N15_M01_F10_KI18_15.mat,N15_M01_F10_KI18_15.mat,.mat,8714872,matlab,True,N15_M01_F10,N15,M01,F10,KI18,15,damaged,KI,bearing_code_prefix,N15_M01_F10_KI18_15:1x1:struct,
canonical_raw_root,data/raw/paderborn,data/raw/paderborn/KI18/N15_M01_F10_KI18_16.mat,N15_M01_F10_KI18_16.mat,.mat,8714904,matlab,True,N15_M01_F10,N15,M01,F10,KI18,16,damaged,KI,bearing_code_prefix,N15_M01_F10_KI18_16:1x1:struct,
canonical_raw_root,data/raw/paderborn,data/raw/paderborn/KI18/N15_M01_F10_KI18_17.mat,N15_M01_F10_KI18_17.mat,.mat,8714872,matlab,True,N15_M01_F10,N15,M01,F10,KI18,17,damaged,KI,bearing_code_prefix,N15_M01_F10_KI18_17:1x1:struct,
canonical_raw_root,data/raw/paderborn,data/raw/paderborn/KI18/N15_M01_F10_KI18_18.mat,N15_M01_F10_KI18_18.mat,.mat,8714904,matlab,True,N15_M01_F10,N15,M01,F10,KI18,18,damaged,KI,bearing_code_prefix,N15_M01_F10_KI18_18:1x1:struct,
canonical_raw_root,data/raw/paderborn,data/raw/paderborn/KI18/N15_M01_F10_KI18_19.mat,N15_M01_F10_KI18_19.mat,.mat,8714936,matlab,True,N15_M01_F10,N15,M01,F10,KI18,19,damaged,KI,bearing_code_prefix,N15_M01_F10_KI18_19:1x1:struct,
canonical_raw_root,data/raw/paderborn,data/raw/paderborn/KI18/N15_M01_F10_KI18_2.mat,N15_M01_F10_KI18_2.mat,.mat,8714872,matlab,True,N15_M01_F10,N15,M01,F10,KI18,2,damaged,KI,bearing_code_prefix,N15_M01_F10_KI18_2:1x1:struct,
canonical_raw_root,data/raw/paderborn,data/raw/paderborn/KI18/N15_M01_F10_KI18_20.mat,N15_M01_F10_KI18_20.mat,.mat,8714776,matlab,True,N15_M01_F10,N15,M01,F10,KI18,20,damaged,KI,bearing_code_prefix,N15_M01_F10_KI18_20:1x1:struct,
canonical_raw_root,data/raw/paderborn,data/raw/paderborn/KI18/N15_M01_F10_KI18_3.mat,N15_M01_F10_KI18_3.mat,.mat,8714968,matlab,True,N15_M01_F10,N15,M01,F10,KI18,3,damaged,KI,bearing_code_prefix,N15_M01_F10_KI18_3:1x1:struct,
canonical_raw_root,data/raw/paderborn,data/raw/paderborn/KI18/N15_M01_F10_KI18_4.mat,N15_M01_F10_KI18_4.mat,.mat,8714904,matlab,True,N15_M01_F10,N15,M01,F10,KI18,4,damaged,KI,bearing_code_prefix,N15_M01_F10_KI18_4:1x1:struct,
canonical_raw_root,data/raw/paderborn,data/raw/paderborn/KI18/N15_M01_F10_KI18_5.mat,N15_M01_F10_KI18_5.mat,.mat,8714904,matlab,True,N15_M01_F10,N15,M01,F10,KI18,5,damaged,KI,bearing_code_prefix,N15_M01_F10_KI18_5:1x1:struct,
canonical_raw_root,data/raw/paderborn,data/raw/paderborn/KI18/N15_M01_F10_KI18_6.mat,N15_M01_F10_KI18_6.mat,.mat,8714872,matlab,True,N15_M01_F10,N15,M01,F10,KI18,6,damaged,KI,bearing_code_prefix,N15_M01_F10_KI18_6:1x1:struct,
canonical_raw_root,data/raw/paderborn,data/raw/paderborn/KI18/N15_M01_F10_KI18_7.mat,N15_M01_F10_KI18_7.mat,.mat,8714872,matlab,True,N15_M01_F10,N15,M01,F10,KI18,7,damaged,KI,bearing_code_prefix,N15_M01_F10_KI18_7:1x1:struct,
canonical_raw_root,data/raw/paderborn,data/raw/paderborn/KI18/N15_M01_F10_KI18_8.mat,N15_M01_F10_KI18_8.mat,.mat,8714936,matlab,True,N15_M01_F10,N15,M01,F10,KI18,8,damaged,KI,bearing_code_prefix,N15_M01_F10_KI18_8:1x1:struct,
canonical_raw_root,data/raw/paderborn,data/raw/paderborn/KI18/N15_M01_F10_KI18_9.mat,N15_M01_F10_KI18_9.mat,.mat,8714872,matlab,True,N15_M01_F10,N15,M01,F10,KI18,9,damaged,KI,bearing_code_prefix,N15_M01_F10_KI18_9:1x1:struct,
canonical_raw_root,data/raw/paderborn,data/raw/paderborn/KI18/N15_M07_F04_KI18_1.mat,N15_M07_F04_KI18_1.mat,.mat,9401592,matlab,True,N15_M07_F04,N15,M07,F04,KI18,1,damaged,KI,bearing_code_prefix,N15_M07_F04_KI18_1:1x1:struct,
canonical_raw_root,data/raw/paderborn,data/raw/paderborn/KI18/N15_M07_F04_KI18_10.mat,N15_M07_F04_KI18_10.mat,.mat,8714936,matlab,True,N15_M07_F04,N15,M07,F04,KI18,10,damaged,KI,bearing_code_prefix,N15_M07_F04_KI18_10:1x1:struct,
canonical_raw_root,data/raw/paderborn,data/raw/paderborn/KI18/N15_M07_F04_KI18_11.mat,N15_M07_F04_KI18_11.mat,.mat,8714904,matlab,True,N15_M07_F04,N15,M07,F04,KI18,11,damaged,KI,bearing_code_prefix,N15_M07_F04_KI18_11:1x1:struct,
canonical_raw_root,data/raw/paderborn,data/raw/paderborn/KI18/N15_M07_F04_KI18_12.mat,N15_M07_F04_KI18_12.mat,.mat,8714904,matlab,True,N15_M07_F04,N15,M07,F04,KI18,12,damaged,KI,bearing_code_prefix,N15_M07_F04_KI18_12:1x1:struct,
canonical_raw_root,data/raw/paderborn,data/raw/paderborn/KI18/N15_M07_F04_KI18_13.mat,N15_M07_F04_KI18_13.mat,.mat,8714840,matlab,True,N15_M07_F04,N15,M07,F04,KI18,13,damaged,KI,bearing_code_prefix,N15_M07_F04_KI18_13:1x1:struct,
canonical_raw_root,data/raw/paderborn,data/raw/paderborn/KI18/N15_M07_F04_KI18_14.mat,N15_M07_F04_KI18_14.mat,.mat,8714904,matlab,True,N15_M07_F04,N15,M07,F04,KI18,14,damaged,KI,bearing_code_prefix,N15_M07_F04_KI18_14:1x1:struct,
canonical_raw_root,data/raw/paderborn,data/raw/paderborn/KI18/N15_M07_F04_KI18_15.mat,N15_M07_F04_KI18_15.mat,.mat,8714904,matlab,True,N15_M07_F04,N15,M07,F04,KI18,15,damaged,KI,bearing_code_prefix,N15_M07_F04_KI18_15:1x1:struct,
canonical_raw_root,data/raw/paderborn,data/raw/paderborn/KI18/N15_M07_F04_KI18_16.mat,N15_M07_F04_KI18_16.mat,.mat,8714936,matlab,True,N15_M07_F04,N15,M07,F04,KI18,16,damaged,KI,bearing_code_prefix,N15_M07_F04_KI18_16:1x1:struct,
canonical_raw_root,data/raw/paderborn,data/raw/paderborn/KI18/N15_M07_F04_KI18_17.mat,N15_M07_F04_KI18_17.mat,.mat,8714872,matlab,True,N15_M07_F04,N15,M07,F04,KI18,17,damaged,KI,bearing_code_prefix,N15_M07_F04_KI18_17:1x1:struct,
canonical_raw_root,data/raw/paderborn,data/raw/paderborn/KI18/N15_M07_F04_KI18_18.mat,N15_M07_F04_KI18_18.mat,.mat,8714904,matlab,True,N15_M07_F04,N15,M07,F04,KI18,18,damaged,KI,bearing_code_prefix,N15_M07_F04_KI18_18:1x1:struct,
canonical_raw_root,data/raw/paderborn,data/raw/paderborn/KI18/N15_M07_F04_KI18_19.mat,N15_M07_F04_KI18_19.mat,.mat,8891288,matlab,True,N15_M07_F04,N15,M07,F04,KI18,19,damaged,KI,bearing_code_prefix,N15_M07_F04_KI18_19:1x1:struct,
canonical_raw_root,data/raw/paderborn,data/raw/paderborn/KI18/N15_M07_F04_KI18_2.mat,N15_M07_F04_KI18_2.mat,.mat,8714904,matlab,True,N15_M07_F04,N15,M07,F04,KI18,2,damaged,KI,bearing_code_prefix,N15_M07_F04_KI18_2:1x1:struct,
canonical_raw_root,data/raw/paderborn,data/raw/paderborn/KI18/N15_M07_F04_KI18_20.mat,N15_M07_F04_KI18_20.mat,.mat,8714904,matlab,True,N15_M07_F04,N15,M07,F04,KI18,20,damaged,KI,bearing_code_prefix,N15_M07_F04_KI18_20:1x1:struct,
canonical_raw_root,data/raw/paderborn,data/raw/paderborn/KI18/N15_M07_F04_KI18_3.mat,N15_M07_F04_KI18_3.mat,.mat,8715000,matlab,True,N15_M07_F04,N15,M07,F04,KI18,3,damaged,KI,bearing_code_prefix,N15_M07_F04_KI18_3:1x1:struct,
canonical_raw_root,data/raw/paderborn,data/raw/paderborn/KI18/N15_M07_F04_KI18_4.mat,N15_M07_F04_KI18_4.mat,.mat,8714968,matlab,True,N15_M07_F04,N15,M07,F04,KI18,4,damaged,KI,bearing_code_prefix,N15_M07_F04_KI18_4:1x1:struct,
canonical_raw_root,data/raw/paderborn,data/raw/paderborn/KI18/N15_M07_F04_KI18_5.mat,N15_M07_F04_KI18_5.mat,.mat,8717784,matlab,True,N15_M07_F04,N15,M07,F04,KI18,5,damaged,KI,bearing_code_prefix,N15_M07_F04_KI18_5:1x1:struct,
canonical_raw_root,data/raw/paderborn,data/raw/paderborn/KI18/N15_M07_F04_KI18_6.mat,N15_M07_F04_KI18_6.mat,.mat,8714968,matlab,True,N15_M07_F04,N15,M07,F04,KI18,6,damaged,KI,bearing_code_prefix,N15_M07_F04_KI18_6:1x1:struct,
canonical_raw_root,data/raw/paderborn,data/raw/paderborn/KI18/N15_M07_F04_KI18_7.mat,N15_M07_F04_KI18_7.mat,.mat,8714840,matlab,True,N15_M07_F04,N15,M07,F04,KI18,7,damaged,KI,bearing_code_prefix,N15_M07_F04_KI18_7:1x1:struct,
canonical_raw_root,data/raw/paderborn,data/raw/paderborn/KI18/N15_M07_F04_KI18_8.mat,N15_M07_F04_KI18_8.mat,.mat,8714904,matlab,True,N15_M07_F04,N15,M07,F04,KI18,8,damaged,KI,bearing_code_prefix,N15_M07_F04_KI18_8:1x1:struct,
canonical_raw_root,data/raw/paderborn,data/raw/paderborn/KI18/N15_M07_F04_KI18_9.mat,N15_M07_F04_KI18_9.mat,.mat,8714936,matlab,True,N15_M07_F04,N15,M07,F04,KI18,9,damaged,KI,bearing_code_prefix,N15_M07_F04_KI18_9:1x1:struct,
canonical_raw_root,data/raw/paderborn,data/raw/paderborn/KI18/N15_M07_F10_KI18_1.mat,N15_M07_F10_KI18_1.mat,.mat,8714904,matlab,True,N15_M07_F10,N15,M07,F10,KI18,1,damaged,KI,bearing_code_prefix,N15_M07_F10_KI18_1:1x1:struct,
canonical_raw_root,data/raw/paderborn,data/raw/paderborn/KI18/N15_M07_F10_KI18_10.mat,N15_M07_F10_KI18_10.mat,.mat,8714904,matlab,True,N15_M07_F10,N15,M07,F10,KI18,10,damaged,KI,bearing_code_prefix,N15_M07_F10_KI18_10:1x1:struct,
canonical_raw_root,data/raw/paderborn,data/raw/paderborn/KI18/N15_M07_F10_KI18_11.mat,N15_M07_F10_KI18_11.mat,.mat,8714968,matlab,True,N15_M07_F10,N15,M07,F10,KI18,11,damaged,KI,bearing_code_prefix,N15_M07_F10_KI18_11:1x1:struct,
canonical_raw_root,data/raw/paderborn,data/raw/paderborn/KI18/N15_M07_F10_KI18_12.mat,N15_M07_F10_KI18_12.mat,.mat,8714936,matlab,True,N15_M07_F10,N15,M07,F10,KI18,12,damaged,KI,bearing_code_prefix,N15_M07_F10_KI18_12:1x1:struct,
canonical_raw_root,data/raw/paderborn,data/raw/paderborn/KI18/N15_M07_F10_KI18_13.mat,N15_M07_F10_KI18_13.mat,.mat,8714968,matlab,True,N15_M07_F10,N15,M07,F10,KI18,13,damaged,KI,bearing_code_prefix,N15_M07_F10_KI18_13:1x1:struct,
canonical_raw_root,data/raw/paderborn,data/raw/paderborn/KI18/N15_M07_F10_KI18_14.mat,N15_M07_F10_KI18_14.mat,.mat,8714904,matlab,True,N15_M07_F10,N15,M07,F10,KI18,14,damaged,KI,bearing_code_prefix,N15_M07_F10_KI18_14:1x1:struct,
canonical_raw_root,data/raw/paderborn,data/raw/paderborn/KI18/N15_M07_F10_KI18_15.mat,N15_M07_F10_KI18_15.mat,.mat,8714936,matlab,True,N15_M07_F10,N15,M07,F10,KI18,15,damaged,KI,bearing_code_prefix,N15_M07_F10_KI18_15:1x1:struct,
canonical_raw_root,data/raw/paderborn,data/raw/paderborn/KI18/N15_M07_F10_KI18_16.mat,N15_M07_F10_KI18_16.mat,.mat,8714904,matlab,True,N15_M07_F10,N15,M07,F10,KI18,16,damaged,KI,bearing_code_prefix,N15_M07_F10_KI18_16:1x1:struct,
canonical_raw_root,data/raw/paderborn,data/raw/paderborn/KI18/N15_M07_F10_KI18_17.mat,N15_M07_F10_KI18_17.mat,.mat,8714872,matlab,True,N15_M07_F10,N15,M07,F10,KI18,17,damaged,KI,bearing_code_prefix,N15_M07_F10_KI18_17:1x1:struct,
canonical_raw_root,data/raw/paderborn,data/raw/paderborn/KI18/N15_M07_F10_KI18_18.mat,N15_M07_F10_KI18_18.mat,.mat,8714904,matlab,True,N15_M07_F10,N15,M07,F10,KI18,18,damaged,KI,bearing_code_prefix,N15_M07_F10_KI18_18:1x1:struct,
canonical_raw_root,data/raw/paderborn,data/raw/paderborn/KI18/N15_M07_F10_KI18_19.mat,N15_M07_F10_KI18_19.mat,.mat,8714872,matlab,True,N15_M07_F10,N15,M07,F10,KI18,19,damaged,KI,bearing_code_prefix,N15_M07_F10_KI18_19:1x1:struct,
canonical_raw_root,data/raw/paderborn,data/raw/paderborn/KI18/N15_M07_F10_KI18_2.mat,N15_M07_F10_KI18_2.mat,.mat,8714904,matlab,True,N15_M07_F10,N15,M07,F10,KI18,2,damaged,KI,bearing_code_prefix,N15_M07_F10_KI18_2:1x1:struct,
canonical_raw_root,data/raw/paderborn,data/raw/paderborn/KI18/N15_M07_F10_KI18_20.mat,N15_M07_F10_KI18_20.mat,.mat,8714904,matlab,True,N15_M07_F10,N15,M07,F10,KI18,20,damaged,KI,bearing_code_prefix,N15_M07_F10_KI18_20:1x1:struct,
canonical_raw_root,data/raw/paderborn,data/raw/paderborn/KI18/N15_M07_F10_KI18_3.mat,N15_M07_F10_KI18_3.mat,.mat,8714872,matlab,True,N15_M07_F10,N15,M07,F10,KI18,3,damaged,KI,bearing_code_prefix,N15_M07_F10_KI18_3:1x1:struct,
canonical_raw_root,data/raw/paderborn,data/raw/paderborn/KI18/N15_M07_F10_KI18_4.mat,N15_M07_F10_KI18_4.mat,.mat,8714904,matlab,True,N15_M07_F10,N15,M07,F10,KI18,4,damaged,KI,bearing_code_prefix,N15_M07_F10_KI18_4:1x1:struct,
canonical_raw_root,data/raw/paderborn,data/raw/paderborn/KI18/N15_M07_F10_KI18_5.mat,N15_M07_F10_KI18_5.mat,.mat,8714872,matlab,True,N15_M07_F10,N15,M07,F10,KI18,5,damaged,KI,bearing_code_prefix,N15_M07_F10_KI18_5:1x1:struct,
canonical_raw_root,data/raw/paderborn,data/raw/paderborn/KI18/N15_M07_F10_KI18_6.mat,N15_M07_F10_KI18_6.mat,.mat,8714904,matlab,True,N15_M07_F10,N15,M07,F10,KI18,6,damaged,KI,bearing_code_prefix,N15_M07_F10_KI18_6:1x1:struct,
canonical_raw_root,data/raw/paderborn,data/raw/paderborn/KI18/N15_M07_F10_KI18_7.mat,N15_M07_F10_KI18_7.mat,.mat,8714904,matlab,True,N15_M07_F10,N15,M07,F10,KI18,7,damaged,KI,bearing_code_prefix,N15_M07_F10_KI18_7:1x1:struct,
canonical_raw_root,data/raw/paderborn,data/raw/paderborn/KI18/N15_M07_F10_KI18_8.mat,N15_M07_F10_KI18_8.mat,.mat,8714904,matlab,True,N15_M07_F10,N15,M07,F10,KI18,8,damaged,KI,bearing_code_prefix,N15_M07_F10_KI18_8:1x1:struct,
canonical_raw_root,data/raw/paderborn,data/raw/paderborn/KI18/N15_M07_F10_KI18_9.mat,N15_M07_F10_KI18_9.mat,.mat,8714904,matlab,True,N15_M07_F10,N15,M07,F10,KI18,9,damaged,KI,bearing_code_prefix,N15_M07_F10_KI18_9:1x1:struct,
canonical_raw_root,data/raw/paderborn,data/raw/paderborn/KI21/KI21.pdf,KI21.pdf,.pdf,56427,pdf,False,,,,,KI21,,damaged,KI,bearing_code_prefix,,No metadata inspector is implemented for this extension
canonical_raw_root,data/raw/paderborn,data/raw/paderborn/KI21/measuring_log_KI21.pdf,measuring_log_KI21.pdf,.pdf,139047,pdf,False,,,,,KI21,,damaged,KI,bearing_code_prefix,,No metadata inspector is implemented for this extension
canonical_raw_root,data/raw/paderborn,data/raw/paderborn/KI21/N09_M07_F10_KI21_1.mat,N09_M07_F10_KI21_1.mat,.mat,8714968,matlab,True,N09_M07_F10,N09,M07,F10,KI21,1,damaged,KI,bearing_code_prefix,N09_M07_F10_KI21_1:1x1:struct,
canonical_raw_root,data/raw/paderborn,data/raw/paderborn/KI21/N09_M07_F10_KI21_10.mat,N09_M07_F10_KI21_10.mat,.mat,8714872,matlab,True,N09_M07_F10,N09,M07,F10,KI21,10,damaged,KI,bearing_code_prefix,N09_M07_F10_KI21_10:1x1:struct,
canonical_raw_root,data/raw/paderborn,data/raw/paderborn/KI21/N09_M07_F10_KI21_11.mat,N09_M07_F10_KI21_11.mat,.mat,8717800,matlab,True,N09_M07_F10,N09,M07,F10,KI21,11,damaged,KI,bearing_code_prefix,N09_M07_F10_KI21_11:1x1:struct,
canonical_raw_root,data/raw/paderborn,data/raw/paderborn/KI21/N09_M07_F10_KI21_12.mat,N09_M07_F10_KI21_12.mat,.mat,8718120,matlab,True,N09_M07_F10,N09,M07,F10,KI21,12,damaged,KI,bearing_code_prefix,N09_M07_F10_KI21_12:1x1:struct,
canonical_raw_root,data/raw/paderborn,data/raw/paderborn/KI21/N09_M07_F10_KI21_13.mat,N09_M07_F10_KI21_13.mat,.mat,8717992,matlab,True,N09_M07_F10,N09,M07,F10,KI21,13,damaged,KI,bearing_code_prefix,N09_M07_F10_KI21_13:1x1:struct,
canonical_raw_root,data/raw/paderborn,data/raw/paderborn/KI21/N09_M07_F10_KI21_14.mat,N09_M07_F10_KI21_14.mat,.mat,8714904,matlab,True,N09_M07_F10,N09,M07,F10,KI21,14,damaged,KI,bearing_code_prefix,N09_M07_F10_KI21_14:1x1:struct,
canonical_raw_root,data/raw/paderborn,data/raw/paderborn/KI21/N09_M07_F10_KI21_15.mat,N09_M07_F10_KI21_15.mat,.mat,8757528,matlab,True,N09_M07_F10,N09,M07,F10,KI21,15,damaged,KI,bearing_code_prefix,N09_M07_F10_KI21_15:1x1:struct,
canonical_raw_root,data/raw/paderborn,data/raw/paderborn/KI21/N09_M07_F10_KI21_16.mat,N09_M07_F10_KI21_16.mat,.mat,8714872,matlab,True,N09_M07_F10,N09,M07,F10,KI21,16,damaged,KI,bearing_code_prefix,N09_M07_F10_KI21_16:1x1:struct,
canonical_raw_root,data/raw/paderborn,data/raw/paderborn/KI21/N09_M07_F10_KI21_17.mat,N09_M07_F10_KI21_17.mat,.mat,9237624,matlab,True,N09_M07_F10,N09,M07,F10,KI21,17,damaged,KI,bearing_code_prefix,N09_M07_F10_KI21_17:1x1:struct,
canonical_raw_root,data/raw/paderborn,data/raw/paderborn/KI21/N09_M07_F10_KI21_18.mat,N09_M07_F10_KI21_18.mat,.mat,8714872,matlab,True,N09_M07_F10,N09,M07,F10,KI21,18,damaged,KI,bearing_code_prefix,N09_M07_F10_KI21_18:1x1:struct,
canonical_raw_root,data/raw/paderborn,data/raw/paderborn/KI21/N09_M07_F10_KI21_19.mat,N09_M07_F10_KI21_19.mat,.mat,8714904,matlab,True,N09_M07_F10,N09,M07,F10,KI21,19,damaged,KI,bearing_code_prefix,N09_M07_F10_KI21_19:1x1:struct,
canonical_raw_root,data/raw/paderborn,data/raw/paderborn/KI21/N09_M07_F10_KI21_2.mat,N09_M07_F10_KI21_2.mat,.mat,8714776,matlab,True,N09_M07_F10,N09,M07,F10,KI21,2,damaged,KI,bearing_code_prefix,N09_M07_F10_KI21_2:1x1:struct,
canonical_raw_root,data/raw/paderborn,data/raw/paderborn/KI21/N09_M07_F10_KI21_20.mat,N09_M07_F10_KI21_20.mat,.mat,8714872,matlab,True,N09_M07_F10,N09,M07,F10,KI21,20,damaged,KI,bearing_code_prefix,N09_M07_F10_KI21_20:1x1:struct,
canonical_raw_root,data/raw/paderborn,data/raw/paderborn/KI21/N09_M07_F10_KI21_3.mat,N09_M07_F10_KI21_3.mat,.mat,8767192,matlab,True,N09_M07_F10,N09,M07,F10,KI21,3,damaged,KI,bearing_code_prefix,N09_M07_F10_KI21_3:1x1:struct,
canonical_raw_root,data/raw/paderborn,data/raw/paderborn/KI21/N09_M07_F10_KI21_4.mat,N09_M07_F10_KI21_4.mat,.mat,8715000,matlab,True,N09_M07_F10,N09,M07,F10,KI21,4,damaged,KI,bearing_code_prefix,N09_M07_F10_KI21_4:1x1:struct,
canonical_raw_root,data/raw/paderborn,data/raw/paderborn/KI21/N09_M07_F10_KI21_5.mat,N09_M07_F10_KI21_5.mat,.mat,8717768,matlab,True,N09_M07_F10,N09,M07,F10,KI21,5,damaged,KI,bearing_code_prefix,N09_M07_F10_KI21_5:1x1:struct,
canonical_raw_root,data/raw/paderborn,data/raw/paderborn/KI21/N09_M07_F10_KI21_6.mat,N09_M07_F10_KI21_6.mat,.mat,8714936,matlab,True,N09_M07_F10,N09,M07,F10,KI21,6,damaged,KI,bearing_code_prefix,N09_M07_F10_KI21_6:1x1:struct,
canonical_raw_root,data/raw/paderborn,data/raw/paderborn/KI21/N09_M07_F10_KI21_7.mat,N09_M07_F10_KI21_7.mat,.mat,8714904,matlab,True,N09_M07_F10,N09,M07,F10,KI21,7,damaged,KI,bearing_code_prefix,N09_M07_F10_KI21_7:1x1:struct,
canonical_raw_root,data/raw/paderborn,data/raw/paderborn/KI21/N09_M07_F10_KI21_8.mat,N09_M07_F10_KI21_8.mat,.mat,8714872,matlab,True,N09_M07_F10,N09,M07,F10,KI21,8,damaged,KI,bearing_code_prefix,N09_M07_F10_KI21_8:1x1:struct,
canonical_raw_root,data/raw/paderborn,data/raw/paderborn/KI21/N09_M07_F10_KI21_9.mat,N09_M07_F10_KI21_9.mat,.mat,8714904,matlab,True,N09_M07_F10,N09,M07,F10,KI21,9,damaged,KI,bearing_code_prefix,N09_M07_F10_KI21_9:1x1:struct,
canonical_raw_root,data/raw/paderborn,data/raw/paderborn/KI21/N15_M01_F10_KI21_1.mat,N15_M01_F10_KI21_1.mat,.mat,8714968,matlab,True,N15_M01_F10,N15,M01,F10,KI21,1,damaged,KI,bearing_code_prefix,N15_M01_F10_KI21_1:1x1:struct,
canonical_raw_root,data/raw/paderborn,data/raw/paderborn/KI21/N15_M01_F10_KI21_10.mat,N15_M01_F10_KI21_10.mat,.mat,8717832,matlab,True,N15_M01_F10,N15,M01,F10,KI21,10,damaged,KI,bearing_code_prefix,N15_M01_F10_KI21_10:1x1:struct,
canonical_raw_root,data/raw/paderborn,data/raw/paderborn/KI21/N15_M01_F10_KI21_11.mat,N15_M01_F10_KI21_11.mat,.mat,8714904,matlab,True,N15_M01_F10,N15,M01,F10,KI21,11,damaged,KI,bearing_code_prefix,N15_M01_F10_KI21_11:1x1:struct,
canonical_raw_root,data/raw/paderborn,data/raw/paderborn/KI21/N15_M01_F10_KI21_12.mat,N15_M01_F10_KI21_12.mat,.mat,8717960,matlab,True,N15_M01_F10,N15,M01,F10,KI21,12,damaged,KI,bearing_code_prefix,N15_M01_F10_KI21_12:1x1:struct,
canonical_raw_root,data/raw/paderborn,data/raw/paderborn/KI21/N15_M01_F10_KI21_13.mat,N15_M01_F10_KI21_13.mat,.mat,8714936,matlab,True,N15_M01_F10,N15,M01,F10,KI21,13,damaged,KI,bearing_code_prefix,N15_M01_F10_KI21_13:1x1:struct,
canonical_raw_root,data/raw/paderborn,data/raw/paderborn/KI21/N15_M01_F10_KI21_14.mat,N15_M01_F10_KI21_14.mat,.mat,8717800,matlab,True,N15_M01_F10,N15,M01,F10,KI21,14,damaged,KI,bearing_code_prefix,N15_M01_F10_KI21_14:1x1:struct,
canonical_raw_root,data/raw/paderborn,data/raw/paderborn/KI21/N15_M01_F10_KI21_15.mat,N15_M01_F10_KI21_15.mat,.mat,8717880,matlab,True,N15_M01_F10,N15,M01,F10,KI21,15,damaged,KI,bearing_code_prefix,N15_M01_F10_KI21_15:1x1:struct,
canonical_raw_root,data/raw/paderborn,data/raw/paderborn/KI21/N15_M01_F10_KI21_16.mat,N15_M01_F10_KI21_16.mat,.mat,8717832,matlab,True,N15_M01_F10,N15,M01,F10,KI21,16,damaged,KI,bearing_code_prefix,N15_M01_F10_KI21_16:1x1:struct,
canonical_raw_root,data/raw/paderborn,data/raw/paderborn/KI21/N15_M01_F10_KI21_17.mat,N15_M01_F10_KI21_17.mat,.mat,8717800,matlab,True,N15_M01_F10,N15,M01,F10,KI21,17,damaged,KI,bearing_code_prefix,N15_M01_F10_KI21_17:1x1:struct,
canonical_raw_root,data/raw/paderborn,data/raw/paderborn/KI21/N15_M01_F10_KI21_18.mat,N15_M01_F10_KI21_18.mat,.mat,8714872,matlab,True,N15_M01_F10,N15,M01,F10,KI21,18,damaged,KI,bearing_code_prefix,N15_M01_F10_KI21_18:1x1:struct,
canonical_raw_root,data/raw/paderborn,data/raw/paderborn/KI21/N15_M01_F10_KI21_19.mat,N15_M01_F10_KI21_19.mat,.mat,8714872,matlab,True,N15_M01_F10,N15,M01,F10,KI21,19,damaged,KI,bearing_code_prefix,N15_M01_F10_KI21_19:1x1:struct,
canonical_raw_root,data/raw/paderborn,data/raw/paderborn/KI21/N15_M01_F10_KI21_2.mat,N15_M01_F10_KI21_2.mat,.mat,8714872,matlab,True,N15_M01_F10,N15,M01,F10,KI21,2,damaged,KI,bearing_code_prefix,N15_M01_F10_KI21_2:1x1:struct,
canonical_raw_root,data/raw/paderborn,data/raw/paderborn/KI21/N15_M01_F10_KI21_20.mat,N15_M01_F10_KI21_20.mat,.mat,8717832,matlab,True,N15_M01_F10,N15,M01,F10,KI21,20,damaged,KI,bearing_code_prefix,N15_M01_F10_KI21_20:1x1:struct,
canonical_raw_root,data/raw/paderborn,data/raw/paderborn/KI21/N15_M01_F10_KI21_3.mat,N15_M01_F10_KI21_3.mat,.mat,8714968,matlab,True,N15_M01_F10,N15,M01,F10,KI21,3,damaged,KI,bearing_code_prefix,N15_M01_F10_KI21_3:1x1:struct,
canonical_raw_root,data/raw/paderborn,data/raw/paderborn/KI21/N15_M01_F10_KI21_4.mat,N15_M01_F10_KI21_4.mat,.mat,8714840,matlab,True,N15_M01_F10,N15,M01,F10,KI21,4,damaged,KI,bearing_code_prefix,N15_M01_F10_KI21_4:1x1:struct,
canonical_raw_root,data/raw/paderborn,data/raw/paderborn/KI21/N15_M01_F10_KI21_5.mat,N15_M01_F10_KI21_5.mat,.mat,8717928,matlab,True,N15_M01_F10,N15,M01,F10,KI21,5,damaged,KI,bearing_code_prefix,N15_M01_F10_KI21_5:1x1:struct,
canonical_raw_root,data/raw/paderborn,data/raw/paderborn/KI21/N15_M01_F10_KI21_6.mat,N15_M01_F10_KI21_6.mat,.mat,8717704,matlab,True,N15_M01_F10,N15,M01,F10,KI21,6,damaged,KI,bearing_code_prefix,N15_M01_F10_KI21_6:1x1:struct,
canonical_raw_root,data/raw/paderborn,data/raw/paderborn/KI21/N15_M01_F10_KI21_7.mat,N15_M01_F10_KI21_7.mat,.mat,8718072,matlab,True,N15_M01_F10,N15,M01,F10,KI21,7,damaged,KI,bearing_code_prefix,N15_M01_F10_KI21_7:1x1:struct,
canonical_raw_root,data/raw/paderborn,data/raw/paderborn/KI21/N15_M01_F10_KI21_8.mat,N15_M01_F10_KI21_8.mat,.mat,8718024,matlab,True,N15_M01_F10,N15,M01,F10,KI21,8,damaged,KI,bearing_code_prefix,N15_M01_F10_KI21_8:1x1:struct,
canonical_raw_root,data/raw/paderborn,data/raw/paderborn/KI21/N15_M01_F10_KI21_9.mat,N15_M01_F10_KI21_9.mat,.mat,8717864,matlab,True,N15_M01_F10,N15,M01,F10,KI21,9,damaged,KI,bearing_code_prefix,N15_M01_F10_KI21_9:1x1:struct,
canonical_raw_root,data/raw/paderborn,data/raw/paderborn/KI21/N15_M07_F04_KI21_1.mat,N15_M07_F04_KI21_1.mat,.mat,8714872,matlab,True,N15_M07_F04,N15,M07,F04,KI21,1,damaged,KI,bearing_code_prefix,N15_M07_F04_KI21_1:1x1:struct,
canonical_raw_root,data/raw/paderborn,data/raw/paderborn/KI21/N15_M07_F04_KI21_10.mat,N15_M07_F04_KI21_10.mat,.mat,8714904,matlab,True,N15_M07_F04,N15,M07,F04,KI21,10,damaged,KI,bearing_code_prefix,N15_M07_F04_KI21_10:1x1:struct,
canonical_raw_root,data/raw/paderborn,data/raw/paderborn/KI21/N15_M07_F04_KI21_11.mat,N15_M07_F04_KI21_11.mat,.mat,8714904,matlab,True,N15_M07_F04,N15,M07,F04,KI21,11,damaged,KI,bearing_code_prefix,N15_M07_F04_KI21_11:1x1:struct,
canonical_raw_root,data/raw/paderborn,data/raw/paderborn/KI21/N15_M07_F04_KI21_12.mat,N15_M07_F04_KI21_12.mat,.mat,8714904,matlab,True,N15_M07_F04,N15,M07,F04,KI21,12,damaged,KI,bearing_code_prefix,N15_M07_F04_KI21_12:1x1:struct,
canonical_raw_root,data/raw/paderborn,data/raw/paderborn/KI21/N15_M07_F04_KI21_13.mat,N15_M07_F04_KI21_13.mat,.mat,8714904,matlab,True,N15_M07_F04,N15,M07,F04,KI21,13,damaged,KI,bearing_code_prefix,N15_M07_F04_KI21_13:1x1:struct,
canonical_raw_root,data/raw/paderborn,data/raw/paderborn/KI21/N15_M07_F04_KI21_14.mat,N15_M07_F04_KI21_14.mat,.mat,8714904,matlab,True,N15_M07_F04,N15,M07,F04,KI21,14,damaged,KI,bearing_code_prefix,N15_M07_F04_KI21_14:1x1:struct,
canonical_raw_root,data/raw/paderborn,data/raw/paderborn/KI21/N15_M07_F04_KI21_15.mat,N15_M07_F04_KI21_15.mat,.mat,8714904,matlab,True,N15_M07_F04,N15,M07,F04,KI21,15,damaged,KI,bearing_code_prefix,N15_M07_F04_KI21_15:1x1:struct,
canonical_raw_root,data/raw/paderborn,data/raw/paderborn/KI21/N15_M07_F04_KI21_16.mat,N15_M07_F04_KI21_16.mat,.mat,8771256,matlab,True,N15_M07_F04,N15,M07,F04,KI21,16,damaged,KI,bearing_code_prefix,N15_M07_F04_KI21_16:1x1:struct,
canonical_raw_root,data/raw/paderborn,data/raw/paderborn/KI21/N15_M07_F04_KI21_17.mat,N15_M07_F04_KI21_17.mat,.mat,8715032,matlab,True,N15_M07_F04,N15,M07,F04,KI21,17,damaged,KI,bearing_code_prefix,N15_M07_F04_KI21_17:1x1:struct,
canonical_raw_root,data/raw/paderborn,data/raw/paderborn/KI21/N15_M07_F04_KI21_18.mat,N15_M07_F04_KI21_18.mat,.mat,8714936,matlab,True,N15_M07_F04,N15,M07,F04,KI21,18,damaged,KI,bearing_code_prefix,N15_M07_F04_KI21_18:1x1:struct,
canonical_raw_root,data/raw/paderborn,data/raw/paderborn/KI21/N15_M07_F04_KI21_19.mat,N15_M07_F04_KI21_19.mat,.mat,8714904,matlab,True,N15_M07_F04,N15,M07,F04,KI21,19,damaged,KI,bearing_code_prefix,N15_M07_F04_KI21_19:1x1:struct,
canonical_raw_root,data/raw/paderborn,data/raw/paderborn/KI21/N15_M07_F04_KI21_2.mat,N15_M07_F04_KI21_2.mat,.mat,8714872,matlab,True,N15_M07_F04,N15,M07,F04,KI21,2,damaged,KI,bearing_code_prefix,N15_M07_F04_KI21_2:1x1:struct,
canonical_raw_root,data/raw/paderborn,data/raw/paderborn/KI21/N15_M07_F04_KI21_20.mat,N15_M07_F04_KI21_20.mat,.mat,8714872,matlab,True,N15_M07_F04,N15,M07,F04,KI21,20,damaged,KI,bearing_code_prefix,N15_M07_F04_KI21_20:1x1:struct,
canonical_raw_root,data/raw/paderborn,data/raw/paderborn/KI21/N15_M07_F04_KI21_3.mat,N15_M07_F04_KI21_3.mat,.mat,8715000,matlab,True,N15_M07_F04,N15,M07,F04,KI21,3,damaged,KI,bearing_code_prefix,N15_M07_F04_KI21_3:1x1:struct,
canonical_raw_root,data/raw/paderborn,data/raw/paderborn/KI21/N15_M07_F04_KI21_4.mat,N15_M07_F04_KI21_4.mat,.mat,8714872,matlab,True,N15_M07_F04,N15,M07,F04,KI21,4,damaged,KI,bearing_code_prefix,N15_M07_F04_KI21_4:1x1:struct,
canonical_raw_root,data/raw/paderborn,data/raw/paderborn/KI21/N15_M07_F04_KI21_5.mat,N15_M07_F04_KI21_5.mat,.mat,8714872,matlab,True,N15_M07_F04,N15,M07,F04,KI21,5,damaged,KI,bearing_code_prefix,N15_M07_F04_KI21_5:1x1:struct,
canonical_raw_root,data/raw/paderborn,data/raw/paderborn/KI21/N15_M07_F04_KI21_6.mat,N15_M07_F04_KI21_6.mat,.mat,8761624,matlab,True,N15_M07_F04,N15,M07,F04,KI21,6,damaged,KI,bearing_code_prefix,N15_M07_F04_KI21_6:1x1:struct,
canonical_raw_root,data/raw/paderborn,data/raw/paderborn/KI21/N15_M07_F04_KI21_7.mat,N15_M07_F04_KI21_7.mat,.mat,8717832,matlab,True,N15_M07_F04,N15,M07,F04,KI21,7,damaged,KI,bearing_code_prefix,N15_M07_F04_KI21_7:1x1:struct,
canonical_raw_root,data/raw/paderborn,data/raw/paderborn/KI21/N15_M07_F04_KI21_8.mat,N15_M07_F04_KI21_8.mat,.mat,8714904,matlab,True,N15_M07_F04,N15,M07,F04,KI21,8,damaged,KI,bearing_code_prefix,N15_M07_F04_KI21_8:1x1:struct,
canonical_raw_root,data/raw/paderborn,data/raw/paderborn/KI21/N15_M07_F04_KI21_9.mat,N15_M07_F04_KI21_9.mat,.mat,8718136,matlab,True,N15_M07_F04,N15,M07,F04,KI21,9,damaged,KI,bearing_code_prefix,N15_M07_F04_KI21_9:1x1:struct,
canonical_raw_root,data/raw/paderborn,data/raw/paderborn/KI21/N15_M07_F10_KI21_1.mat,N15_M07_F10_KI21_1.mat,.mat,8718024,matlab,True,N15_M07_F10,N15,M07,F10,KI21,1,damaged,KI,bearing_code_prefix,N15_M07_F10_KI21_1:1x1:struct,
canonical_raw_root,data/raw/paderborn,data/raw/paderborn/KI21/N15_M07_F10_KI21_10.mat,N15_M07_F10_KI21_10.mat,.mat,8714872,matlab,True,N15_M07_F10,N15,M07,F10,KI21,10,damaged,KI,bearing_code_prefix,N15_M07_F10_KI21_10:1x1:struct,
canonical_raw_root,data/raw/paderborn,data/raw/paderborn/KI21/N15_M07_F10_KI21_11.mat,N15_M07_F10_KI21_11.mat,.mat,8714872,matlab,True,N15_M07_F10,N15,M07,F10,KI21,11,damaged,KI,bearing_code_prefix,N15_M07_F10_KI21_11:1x1:struct,
canonical_raw_root,data/raw/paderborn,data/raw/paderborn/KI21/N15_M07_F10_KI21_12.mat,N15_M07_F10_KI21_12.mat,.mat,8717768,matlab,True,N15_M07_F10,N15,M07,F10,KI21,12,damaged,KI,bearing_code_prefix,N15_M07_F10_KI21_12:1x1:struct,
canonical_raw_root,data/raw/paderborn,data/raw/paderborn/KI21/N15_M07_F10_KI21_13.mat,N15_M07_F10_KI21_13.mat,.mat,8717896,matlab,True,N15_M07_F10,N15,M07,F10,KI21,13,damaged,KI,bearing_code_prefix,N15_M07_F10_KI21_13:1x1:struct,
canonical_raw_root,data/raw/paderborn,data/raw/paderborn/KI21/N15_M07_F10_KI21_14.mat,N15_M07_F10_KI21_14.mat,.mat,8718024,matlab,True,N15_M07_F10,N15,M07,F10,KI21,14,damaged,KI,bearing_code_prefix,N15_M07_F10_KI21_14:1x1:struct,
canonical_raw_root,data/raw/paderborn,data/raw/paderborn/KI21/N15_M07_F10_KI21_15.mat,N15_M07_F10_KI21_15.mat,.mat,8714936,matlab,True,N15_M07_F10,N15,M07,F10,KI21,15,damaged,KI,bearing_code_prefix,N15_M07_F10_KI21_15:1x1:struct,
canonical_raw_root,data/raw/paderborn,data/raw/paderborn/KI21/N15_M07_F10_KI21_16.mat,N15_M07_F10_KI21_16.mat,.mat,8718024,matlab,True,N15_M07_F10,N15,M07,F10,KI21,16,damaged,KI,bearing_code_prefix,N15_M07_F10_KI21_16:1x1:struct,
canonical_raw_root,data/raw/paderborn,data/raw/paderborn/KI21/N15_M07_F10_KI21_17.mat,N15_M07_F10_KI21_17.mat,.mat,8717832,matlab,True,N15_M07_F10,N15,M07,F10,KI21,17,damaged,KI,bearing_code_prefix,N15_M07_F10_KI21_17:1x1:struct,
canonical_raw_root,data/raw/paderborn,data/raw/paderborn/KI21/N15_M07_F10_KI21_18.mat,N15_M07_F10_KI21_18.mat,.mat,8714872,matlab,True,N15_M07_F10,N15,M07,F10,KI21,18,damaged,KI,bearing_code_prefix,N15_M07_F10_KI21_18:1x1:struct,
canonical_raw_root,data/raw/paderborn,data/raw/paderborn/KI21/N15_M07_F10_KI21_19.mat,N15_M07_F10_KI21_19.mat,.mat,8717992,matlab,True,N15_M07_F10,N15,M07,F10,KI21,19,damaged,KI,bearing_code_prefix,N15_M07_F10_KI21_19:1x1:struct,
canonical_raw_root,data/raw/paderborn,data/raw/paderborn/KI21/N15_M07_F10_KI21_2.mat,N15_M07_F10_KI21_2.mat,.mat,8714904,matlab,True,N15_M07_F10,N15,M07,F10,KI21,2,damaged,KI,bearing_code_prefix,N15_M07_F10_KI21_2:1x1:struct,
canonical_raw_root,data/raw/paderborn,data/raw/paderborn/KI21/N15_M07_F10_KI21_20.mat,N15_M07_F10_KI21_20.mat,.mat,8717864,matlab,True,N15_M07_F10,N15,M07,F10,KI21,20,damaged,KI,bearing_code_prefix,N15_M07_F10_KI21_20:1x1:struct,
canonical_raw_root,data/raw/paderborn,data/raw/paderborn/KI21/N15_M07_F10_KI21_3.mat,N15_M07_F10_KI21_3.mat,.mat,8714872,matlab,True,N15_M07_F10,N15,M07,F10,KI21,3,damaged,KI,bearing_code_prefix,N15_M07_F10_KI21_3:1x1:struct,
canonical_raw_root,data/raw/paderborn,data/raw/paderborn/KI21/N15_M07_F10_KI21_4.mat,N15_M07_F10_KI21_4.mat,.mat,8714936,matlab,True,N15_M07_F10,N15,M07,F10,KI21,4,damaged,KI,bearing_code_prefix,N15_M07_F10_KI21_4:1x1:struct,
canonical_raw_root,data/raw/paderborn,data/raw/paderborn/KI21/N15_M07_F10_KI21_5.mat,N15_M07_F10_KI21_5.mat,.mat,8893176,matlab,True,N15_M07_F10,N15,M07,F10,KI21,5,damaged,KI,bearing_code_prefix,N15_M07_F10_KI21_5:1x1:struct,
canonical_raw_root,data/raw/paderborn,data/raw/paderborn/KI21/N15_M07_F10_KI21_6.mat,N15_M07_F10_KI21_6.mat,.mat,8846360,matlab,True,N15_M07_F10,N15,M07,F10,KI21,6,damaged,KI,bearing_code_prefix,N15_M07_F10_KI21_6:1x1:struct,
canonical_raw_root,data/raw/paderborn,data/raw/paderborn/KI21/N15_M07_F10_KI21_7.mat,N15_M07_F10_KI21_7.mat,.mat,8714872,matlab,True,N15_M07_F10,N15,M07,F10,KI21,7,damaged,KI,bearing_code_prefix,N15_M07_F10_KI21_7:1x1:struct,
canonical_raw_root,data/raw/paderborn,data/raw/paderborn/KI21/N15_M07_F10_KI21_8.mat,N15_M07_F10_KI21_8.mat,.mat,8714808,matlab,True,N15_M07_F10,N15,M07,F10,KI21,8,damaged,KI,bearing_code_prefix,N15_M07_F10_KI21_8:1x1:struct,
canonical_raw_root,data/raw/paderborn,data/raw/paderborn/KI21/N15_M07_F10_KI21_9.mat,N15_M07_F10_KI21_9.mat,.mat,8714872,matlab,True,N15_M07_F10,N15,M07,F10,KI21,9,damaged,KI,bearing_code_prefix,N15_M07_F10_KI21_9:1x1:struct,
project_root_archive,.,K001.rar,K001.rar,.rar,173881721,rar,False,,,,,K001,,healthy,,bearing_code_prefix,,No metadata inspector is implemented for this extension
project_root_archive,.,K002.rar,K002.rar,.rar,161981588,rar,False,,,,,K002,,healthy,,bearing_code_prefix,,No metadata inspector is implemented for this extension
project_root_archive,.,K003.rar,K003.rar,.rar,173194389,rar,False,,,,,K003,,healthy,,bearing_code_prefix,,No metadata inspector is implemented for this extension
project_root_archive,.,K004.rar,K004.rar,.rar,163337851,rar,False,,,,,K004,,healthy,,bearing_code_prefix,,No metadata inspector is implemented for this extension
project_root_archive,.,K005.rar,K005.rar,.rar,167366765,rar,False,,,,,K005,,healthy,,bearing_code_prefix,,No metadata inspector is implemented for this extension
project_root_archive,.,K006.rar,K006.rar,.rar,175997605,rar,False,,,,,K006,,healthy,,bearing_code_prefix,,No metadata inspector is implemented for this extension
project_root_archive,.,KA01.rar,KA01.rar,.rar,166571438,rar,False,,,,,KA01,,damaged,KA,bearing_code_prefix,,No metadata inspector is implemented for this extension
project_root_archive,.,KA03.rar,KA03.rar,.rar,176196084,rar,False,,,,,KA03,,damaged,KA,bearing_code_prefix,,No metadata inspector is implemented for this extension
project_root_archive,.,KA04.rar,KA04.rar,.rar,180920703,rar,False,,,,,KA04,,damaged,KA,bearing_code_prefix,,No metadata inspector is implemented for this extension
project_root_archive,.,KA05.rar,KA05.rar,.rar,163644977,rar,False,,,,,KA05,,damaged,KA,bearing_code_prefix,,No metadata inspector is implemented for this extension
project_root_archive,.,KA06.rar,KA06.rar,.rar,164139086,rar,False,,,,,KA06,,damaged,KA,bearing_code_prefix,,No metadata inspector is implemented for this extension
project_root_archive,.,KA07.rar,KA07.rar,.rar,160346192,rar,False,,,,,KA07,,damaged,KA,bearing_code_prefix,,No metadata inspector is implemented for this extension
project_root_archive,.,KA08.rar,KA08.rar,.rar,169188540,rar,False,,,,,KA08,,damaged,KA,bearing_code_prefix,,No metadata inspector is implemented for this extension
project_root_archive,.,KA09.rar,KA09.rar,.rar,171467156,rar,False,,,,,KA09,,damaged,KA,bearing_code_prefix,,No metadata inspector is implemented for this extension
project_root_archive,.,KA15.rar,KA15.rar,.rar,164268273,rar,False,,,,,KA15,,damaged,KA,bearing_code_prefix,,No metadata inspector is implemented for this extension
project_root_archive,.,KA16.rar,KA16.rar,.rar,167165704,rar,False,,,,,KA16,,damaged,KA,bearing_code_prefix,,No metadata inspector is implemented for this extension
project_root_archive,.,KA22.rar,KA22.rar,.rar,159054470,rar,False,,,,,KA22,,damaged,KA,bearing_code_prefix,,No metadata inspector is implemented for this extension
project_root_archive,.,KA30.rar,KA30.rar,.rar,163625195,rar,False,,,,,KA30,,damaged,KA,bearing_code_prefix,,No metadata inspector is implemented for this extension
project_root_archive,.,KB23.rar,KB23.rar,.rar,170933916,rar,False,,,,,KB23,,damaged,KB,bearing_code_prefix,,No metadata inspector is implemented for this extension
project_root_archive,.,KB24.rar,KB24.rar,.rar,186677308,rar,False,,,,,KB24,,damaged,KB,bearing_code_prefix,,No metadata inspector is implemented for this extension
project_root_archive,.,KB27.rar,KB27.rar,.rar,162452979,rar,False,,,,,KB27,,damaged,KB,bearing_code_prefix,,No metadata inspector is implemented for this extension
project_root_archive,.,KI01.rar,KI01.rar,.rar,175265779,rar,False,,,,,KI01,,damaged,KI,bearing_code_prefix,,No metadata inspector is implemented for this extension
project_root_archive,.,KI03.rar,KI03.rar,.rar,159217524,rar,False,,,,,KI03,,damaged,KI,bearing_code_prefix,,No metadata inspector is implemented for this extension
project_root_archive,.,KI04.rar,KI04.rar,.rar,172644279,rar,False,,,,,KI04,,damaged,KI,bearing_code_prefix,,No metadata inspector is implemented for this extension
project_root_archive,.,KI05.rar,KI05.rar,.rar,160359281,rar,False,,,,,KI05,,damaged,KI,bearing_code_prefix,,No metadata inspector is implemented for this extension
project_root_archive,.,KI07.rar,KI07.rar,.rar,160646876,rar,False,,,,,KI07,,damaged,KI,bearing_code_prefix,,No metadata inspector is implemented for this extension
project_root_archive,.,KI08.rar,KI08.rar,.rar,163760131,rar,False,,,,,KI08,,damaged,KI,bearing_code_prefix,,No metadata inspector is implemented for this extension
project_root_archive,.,KI14.rar,KI14.rar,.rar,163581312,rar,False,,,,,KI14,,damaged,KI,bearing_code_prefix,,No metadata inspector is implemented for this extension
project_root_archive,.,KI16.rar,KI16.rar,.rar,166348305,rar,False,,,,,KI16,,damaged,KI,bearing_code_prefix,,No metadata inspector is implemented for this extension
project_root_archive,.,KI17.rar,KI17.rar,.rar,167363476,rar,False,,,,,KI17,,damaged,KI,bearing_code_prefix,,No metadata inspector is implemented for this extension
project_root_archive,.,KI18.rar,KI18.rar,.rar,161226797,rar,False,,,,,KI18,,damaged,KI,bearing_code_prefix,,No metadata inspector is implemented for this extension
project_root_archive,.,KI21.rar,KI21.rar,.rar,164882839,rar,False,,,,,KI21,,damaged,KI,bearing_code_prefix,,No metadata inspector is implemented for this extension
project_root_support,.,readme_versions.txt,readme_versions.txt,.txt,112,text,True,,,,,,,,,,2016-07-13:  update of profile of bearing damage KI03 (correction of mistakes in description of damage geometry),
