split,condition,class,filename,source_id,load_hp,subset_group,signal_key,rpm,window_index,window_start,window_end
train,healthy,normal,normal_0.mat,97,0,normal,X097_DE_time,1796,0,0,2048
train,healthy,normal,normal_0.mat,97,0,normal,X097_DE_time,1796,1,1024,3072
train,healthy,normal,normal_0.mat,97,0,normal,X097_DE_time,1796,2,2048,4096
train,healthy,normal,normal_0.mat,97,0,normal,X097_DE_time,1796,3,3072,5120
train,healthy,normal,normal_0.mat,97,0,normal,X097_DE_time,1796,4,4096,6144
train,healthy,normal,normal_0.mat,97,0,normal,X097_DE_time,1796,5,5120,7168
train,healthy,normal,normal_0.mat,97,0,normal,X097_DE_time,1796,6,6144,8192
train,healthy,normal,normal_0.mat,97,0,normal,X097_DE_time,1796,7,7168,9216
train,healthy,normal,normal_0.mat,97,0,normal,X097_DE_time,1796,8,8192,10240
train,healthy,normal,normal_0.mat,97,0,normal,X097_DE_time,1796,9,9216,11264
train,healthy,normal,normal_0.mat,97,0,normal,X097_DE_time,1796,10,10240,12288
train,healthy,normal,normal_0.mat,97,0,normal,X097_DE_time,1796,11,11264,13312
train,healthy,normal,normal_0.mat,97,0,normal,X097_DE_time,1796,12,12288,14336
train,healthy,normal,normal_0.mat,97,0,normal,X097_DE_time,1796,13,13312,15360
train,healthy,normal,normal_0.mat,97,0,normal,X097_DE_time,1796,14,14336,16384
train,healthy,normal,normal_0.mat,97,0,normal,X097_DE_time,1796,15,15360,17408
train,healthy,normal,normal_0.mat,97,0,normal,X097_DE_time,1796,16,16384,18432
train,healthy,normal,normal_0.mat,97,0,normal,X097_DE_time,1796,17,17408,19456
train,healthy,normal,normal_0.mat,97,0,normal,X097_DE_time,1796,18,18432,20480
train,healthy,normal,normal_0.mat,97,0,normal,X097_DE_time,1796,19,19456,21504
train,healthy,normal,normal_0.mat,97,0,normal,X097_DE_time,1796,20,20480,22528
train,healthy,normal,normal_0.mat,97,0,normal,X097_DE_time,1796,21,21504,23552
train,healthy,normal,normal_0.mat,97,0,normal,X097_DE_time,1796,22,22528,24576
train,healthy,normal,normal_0.mat,97,0,normal,X097_DE_time,1796,23,23552,25600
train,healthy,normal,normal_0.mat,97,0,normal,X097_DE_time,1796,24,24576,26624
train,healthy,normal,normal_0.mat,97,0,normal,X097_DE_time,1796,25,25600,27648
train,healthy,normal,normal_0.mat,97,0,normal,X097_DE_time,1796,26,26624,28672
train,healthy,normal,normal_0.mat,97,0,normal,X097_DE_time,1796,27,27648,29696
train,healthy,normal,normal_0.mat,97,0,normal,X097_DE_time,1796,28,28672,30720
train,healthy,normal,normal_0.mat,97,0,normal,X097_DE_time,1796,29,29696,31744
train,healthy,normal,normal_0.mat,97,0,normal,X097_DE_time,1796,30,30720,32768
train,healthy,normal,normal_0.mat,97,0,normal,X097_DE_time,1796,31,31744,33792
train,healthy,normal,normal_0.mat,97,0,normal,X097_DE_time,1796,32,32768,34816
train,healthy,normal,normal_0.mat,97,0,normal,X097_DE_time,1796,33,33792,35840
train,healthy,normal,normal_0.mat,97,0,normal,X097_DE_time,1796,34,34816,36864
train,healthy,normal,normal_0.mat,97,0,normal,X097_DE_time,1796,35,35840,37888
train,healthy,normal,normal_0.mat,97,0,normal,X097_DE_time,1796,36,36864,38912
train,healthy,normal,normal_0.mat,97,0,normal,X097_DE_time,1796,37,37888,39936
train,healthy,normal,normal_0.mat,97,0,normal,X097_DE_time,1796,38,38912,40960
train,healthy,normal,normal_0.mat,97,0,normal,X097_DE_time,1796,39,39936,41984
train,healthy,normal,normal_0.mat,97,0,normal,X097_DE_time,1796,40,40960,43008
train,healthy,normal,normal_0.mat,97,0,normal,X097_DE_time,1796,41,41984,44032
train,healthy,normal,normal_0.mat,97,0,normal,X097_DE_time,1796,42,43008,45056
train,healthy,normal,normal_0.mat,97,0,normal,X097_DE_time,1796,43,44032,46080
train,healthy,normal,normal_0.mat,97,0,normal,X097_DE_time,1796,44,45056,47104
train,healthy,normal,normal_0.mat,97,0,normal,X097_DE_time,1796,45,46080,48128
train,healthy,normal,normal_0.mat,97,0,normal,X097_DE_time,1796,46,47104,49152
train,healthy,normal,normal_0.mat,97,0,normal,X097_DE_time,1796,47,48128,50176
train,healthy,normal,normal_0.mat,97,0,normal,X097_DE_time,1796,48,49152,51200
train,healthy,normal,normal_0.mat,97,0,normal,X097_DE_time,1796,49,50176,52224
train,healthy,normal,normal_0.mat,97,0,normal,X097_DE_time,1796,50,51200,53248
train,healthy,normal,normal_0.mat,97,0,normal,X097_DE_time,1796,51,52224,54272
train,healthy,normal,normal_0.mat,97,0,normal,X097_DE_time,1796,52,53248,55296
train,healthy,normal,normal_0.mat,97,0,normal,X097_DE_time,1796,53,54272,56320
train,healthy,normal,normal_0.mat,97,0,normal,X097_DE_time,1796,54,55296,57344
train,healthy,normal,normal_0.mat,97,0,normal,X097_DE_time,1796,55,56320,58368
train,healthy,normal,normal_0.mat,97,0,normal,X097_DE_time,1796,56,57344,59392
train,healthy,normal,normal_0.mat,97,0,normal,X097_DE_time,1796,57,58368,60416
train,healthy,normal,normal_0.mat,97,0,normal,X097_DE_time,1796,58,59392,61440
train,healthy,normal,normal_0.mat,97,0,normal,X097_DE_time,1796,59,60416,62464
train,healthy,normal,normal_0.mat,97,0,normal,X097_DE_time,1796,60,61440,63488
train,healthy,normal,normal_0.mat,97,0,normal,X097_DE_time,1796,61,62464,64512
train,healthy,normal,normal_0.mat,97,0,normal,X097_DE_time,1796,62,63488,65536
train,healthy,normal,normal_0.mat,97,0,normal,X097_DE_time,1796,63,64512,66560
train,healthy,normal,normal_0.mat,97,0,normal,X097_DE_time,1796,64,65536,67584
train,healthy,normal,normal_0.mat,97,0,normal,X097_DE_time,1796,65,66560,68608
train,healthy,normal,normal_0.mat,97,0,normal,X097_DE_time,1796,66,67584,69632
train,healthy,normal,normal_0.mat,97,0,normal,X097_DE_time,1796,67,68608,70656
train,healthy,normal,normal_0.mat,97,0,normal,X097_DE_time,1796,68,69632,71680
train,healthy,normal,normal_0.mat,97,0,normal,X097_DE_time,1796,69,70656,72704
train,healthy,normal,normal_0.mat,97,0,normal,X097_DE_time,1796,70,71680,73728
train,healthy,normal,normal_0.mat,97,0,normal,X097_DE_time,1796,71,72704,74752
train,healthy,normal,normal_0.mat,97,0,normal,X097_DE_time,1796,72,73728,75776
train,healthy,normal,normal_0.mat,97,0,normal,X097_DE_time,1796,73,74752,76800
train,healthy,normal,normal_0.mat,97,0,normal,X097_DE_time,1796,74,75776,77824
train,healthy,normal,normal_0.mat,97,0,normal,X097_DE_time,1796,75,76800,78848
train,healthy,normal,normal_0.mat,97,0,normal,X097_DE_time,1796,76,77824,79872
train,healthy,normal,normal_0.mat,97,0,normal,X097_DE_time,1796,77,78848,80896
train,healthy,normal,normal_0.mat,97,0,normal,X097_DE_time,1796,78,79872,81920
train,healthy,normal,normal_0.mat,97,0,normal,X097_DE_time,1796,79,80896,82944
train,healthy,normal,normal_0.mat,97,0,normal,X097_DE_time,1796,80,81920,83968
train,healthy,normal,normal_0.mat,97,0,normal,X097_DE_time,1796,81,82944,84992
train,healthy,normal,normal_0.mat,97,0,normal,X097_DE_time,1796,82,83968,86016
train,healthy,normal,normal_0.mat,97,0,normal,X097_DE_time,1796,83,84992,87040
train,healthy,normal,normal_0.mat,97,0,normal,X097_DE_time,1796,84,86016,88064
train,healthy,normal,normal_0.mat,97,0,normal,X097_DE_time,1796,85,87040,89088
train,healthy,normal,normal_0.mat,97,0,normal,X097_DE_time,1796,86,88064,90112
train,healthy,normal,normal_0.mat,97,0,normal,X097_DE_time,1796,87,89088,91136
train,healthy,normal,normal_0.mat,97,0,normal,X097_DE_time,1796,88,90112,92160
train,healthy,normal,normal_0.mat,97,0,normal,X097_DE_time,1796,89,91136,93184
train,healthy,normal,normal_0.mat,97,0,normal,X097_DE_time,1796,90,92160,94208
train,healthy,normal,normal_0.mat,97,0,normal,X097_DE_time,1796,91,93184,95232
train,healthy,normal,normal_0.mat,97,0,normal,X097_DE_time,1796,92,94208,96256
train,healthy,normal,normal_0.mat,97,0,normal,X097_DE_time,1796,93,95232,97280
train,healthy,normal,normal_0.mat,97,0,normal,X097_DE_time,1796,94,96256,98304
train,healthy,normal,normal_0.mat,97,0,normal,X097_DE_time,1796,95,97280,99328
train,healthy,normal,normal_0.mat,97,0,normal,X097_DE_time,1796,96,98304,100352
train,healthy,normal,normal_0.mat,97,0,normal,X097_DE_time,1796,97,99328,101376
train,healthy,normal,normal_0.mat,97,0,normal,X097_DE_time,1796,98,100352,102400
train,healthy,normal,normal_0.mat,97,0,normal,X097_DE_time,1796,99,101376,103424
train,healthy,normal,normal_0.mat,97,0,normal,X097_DE_time,1796,100,102400,104448
train,healthy,normal,normal_0.mat,97,0,normal,X097_DE_time,1796,101,103424,105472
train,healthy,normal,normal_0.mat,97,0,normal,X097_DE_time,1796,102,104448,106496
train,healthy,normal,normal_0.mat,97,0,normal,X097_DE_time,1796,103,105472,107520
train,healthy,normal,normal_0.mat,97,0,normal,X097_DE_time,1796,104,106496,108544
train,healthy,normal,normal_0.mat,97,0,normal,X097_DE_time,1796,105,107520,109568
train,healthy,normal,normal_0.mat,97,0,normal,X097_DE_time,1796,106,108544,110592
train,healthy,normal,normal_0.mat,97,0,normal,X097_DE_time,1796,107,109568,111616
train,healthy,normal,normal_0.mat,97,0,normal,X097_DE_time,1796,108,110592,112640
train,healthy,normal,normal_0.mat,97,0,normal,X097_DE_time,1796,109,111616,113664
train,healthy,normal,normal_0.mat,97,0,normal,X097_DE_time,1796,110,112640,114688
train,healthy,normal,normal_0.mat,97,0,normal,X097_DE_time,1796,111,113664,115712
train,healthy,normal,normal_0.mat,97,0,normal,X097_DE_time,1796,112,114688,116736
train,healthy,normal,normal_0.mat,97,0,normal,X097_DE_time,1796,113,115712,117760
train,healthy,normal,normal_0.mat,97,0,normal,X097_DE_time,1796,114,116736,118784
train,healthy,normal,normal_0.mat,97,0,normal,X097_DE_time,1796,115,117760,119808
train,healthy,normal,normal_0.mat,97,0,normal,X097_DE_time,1796,116,118784,120832
train,healthy,normal,normal_0.mat,97,0,normal,X097_DE_time,1796,117,119808,121856
train,healthy,normal,normal_0.mat,97,0,normal,X097_DE_time,1796,118,120832,122880
train,healthy,normal,normal_0.mat,97,0,normal,X097_DE_time,1796,119,121856,123904
train,healthy,normal,normal_0.mat,97,0,normal,X097_DE_time,1796,120,122880,124928
train,healthy,normal,normal_0.mat,97,0,normal,X097_DE_time,1796,121,123904,125952
train,healthy,normal,normal_0.mat,97,0,normal,X097_DE_time,1796,122,124928,126976
train,healthy,normal,normal_0.mat,97,0,normal,X097_DE_time,1796,123,125952,128000
train,healthy,normal,normal_0.mat,97,0,normal,X097_DE_time,1796,124,126976,129024
train,healthy,normal,normal_0.mat,97,0,normal,X097_DE_time,1796,125,128000,130048
train,healthy,normal,normal_0.mat,97,0,normal,X097_DE_time,1796,126,129024,131072
train,healthy,normal,normal_0.mat,97,0,normal,X097_DE_time,1796,127,130048,132096
train,healthy,normal,normal_0.mat,97,0,normal,X097_DE_time,1796,128,131072,133120
train,healthy,normal,normal_0.mat,97,0,normal,X097_DE_time,1796,129,132096,134144
train,healthy,normal,normal_0.mat,97,0,normal,X097_DE_time,1796,130,133120,135168
train,healthy,normal,normal_0.mat,97,0,normal,X097_DE_time,1796,131,134144,136192
train,healthy,normal,normal_0.mat,97,0,normal,X097_DE_time,1796,132,135168,137216
train,healthy,normal,normal_0.mat,97,0,normal,X097_DE_time,1796,133,136192,138240
train,healthy,normal,normal_0.mat,97,0,normal,X097_DE_time,1796,134,137216,139264
train,healthy,normal,normal_0.mat,97,0,normal,X097_DE_time,1796,135,138240,140288
train,healthy,normal,normal_0.mat,97,0,normal,X097_DE_time,1796,136,139264,141312
train,healthy,normal,normal_0.mat,97,0,normal,X097_DE_time,1796,137,140288,142336
train,healthy,normal,normal_0.mat,97,0,normal,X097_DE_time,1796,138,141312,143360
train,healthy,normal,normal_0.mat,97,0,normal,X097_DE_time,1796,139,142336,144384
train,healthy,normal,normal_0.mat,97,0,normal,X097_DE_time,1796,140,143360,145408
train,healthy,normal,normal_0.mat,97,0,normal,X097_DE_time,1796,141,144384,146432
train,healthy,normal,normal_0.mat,97,0,normal,X097_DE_time,1796,142,145408,147456
train,healthy,normal,normal_0.mat,97,0,normal,X097_DE_time,1796,143,146432,148480
train,healthy,normal,normal_0.mat,97,0,normal,X097_DE_time,1796,144,147456,149504
train,healthy,normal,normal_0.mat,97,0,normal,X097_DE_time,1796,145,148480,150528
train,healthy,normal,normal_0.mat,97,0,normal,X097_DE_time,1796,146,149504,151552
train,healthy,normal,normal_0.mat,97,0,normal,X097_DE_time,1796,147,150528,152576
train,healthy,normal,normal_0.mat,97,0,normal,X097_DE_time,1796,148,151552,153600
train,healthy,normal,normal_0.mat,97,0,normal,X097_DE_time,1796,149,152576,154624
train,healthy,normal,normal_0.mat,97,0,normal,X097_DE_time,1796,150,153600,155648
train,healthy,normal,normal_0.mat,97,0,normal,X097_DE_time,1796,151,154624,156672
train,healthy,normal,normal_0.mat,97,0,normal,X097_DE_time,1796,152,155648,157696
train,healthy,normal,normal_0.mat,97,0,normal,X097_DE_time,1796,153,156672,158720
train,healthy,normal,normal_0.mat,97,0,normal,X097_DE_time,1796,154,157696,159744
train,healthy,normal,normal_0.mat,97,0,normal,X097_DE_time,1796,155,158720,160768
train,healthy,normal,normal_0.mat,97,0,normal,X097_DE_time,1796,156,159744,161792
train,healthy,normal,normal_0.mat,97,0,normal,X097_DE_time,1796,157,160768,162816
train,healthy,normal,normal_0.mat,97,0,normal,X097_DE_time,1796,158,161792,163840
train,healthy,normal,normal_0.mat,97,0,normal,X097_DE_time,1796,159,162816,164864
train,healthy,normal,normal_0.mat,97,0,normal,X097_DE_time,1796,160,163840,165888
train,healthy,normal,normal_0.mat,97,0,normal,X097_DE_time,1796,161,164864,166912
val,healthy,normal,normal_0.mat,97,0,normal,X097_DE_time,1796,162,169937,171985
val,healthy,normal,normal_0.mat,97,0,normal,X097_DE_time,1796,163,170961,173009
val,healthy,normal,normal_0.mat,97,0,normal,X097_DE_time,1796,164,171985,174033
val,healthy,normal,normal_0.mat,97,0,normal,X097_DE_time,1796,165,173009,175057
val,healthy,normal,normal_0.mat,97,0,normal,X097_DE_time,1796,166,174033,176081
val,healthy,normal,normal_0.mat,97,0,normal,X097_DE_time,1796,167,175057,177105
val,healthy,normal,normal_0.mat,97,0,normal,X097_DE_time,1796,168,176081,178129
val,healthy,normal,normal_0.mat,97,0,normal,X097_DE_time,1796,169,177105,179153
val,healthy,normal,normal_0.mat,97,0,normal,X097_DE_time,1796,170,178129,180177
val,healthy,normal,normal_0.mat,97,0,normal,X097_DE_time,1796,171,179153,181201
val,healthy,normal,normal_0.mat,97,0,normal,X097_DE_time,1796,172,180177,182225
val,healthy,normal,normal_0.mat,97,0,normal,X097_DE_time,1796,173,181201,183249
val,healthy,normal,normal_0.mat,97,0,normal,X097_DE_time,1796,174,182225,184273
val,healthy,normal,normal_0.mat,97,0,normal,X097_DE_time,1796,175,183249,185297
val,healthy,normal,normal_0.mat,97,0,normal,X097_DE_time,1796,176,184273,186321
val,healthy,normal,normal_0.mat,97,0,normal,X097_DE_time,1796,177,185297,187345
val,healthy,normal,normal_0.mat,97,0,normal,X097_DE_time,1796,178,186321,188369
val,healthy,normal,normal_0.mat,97,0,normal,X097_DE_time,1796,179,187345,189393
val,healthy,normal,normal_0.mat,97,0,normal,X097_DE_time,1796,180,188369,190417
val,healthy,normal,normal_0.mat,97,0,normal,X097_DE_time,1796,181,189393,191441
val,healthy,normal,normal_0.mat,97,0,normal,X097_DE_time,1796,182,190417,192465
val,healthy,normal,normal_0.mat,97,0,normal,X097_DE_time,1796,183,191441,193489
val,healthy,normal,normal_0.mat,97,0,normal,X097_DE_time,1796,184,192465,194513
val,healthy,normal,normal_0.mat,97,0,normal,X097_DE_time,1796,185,193489,195537
val,healthy,normal,normal_0.mat,97,0,normal,X097_DE_time,1796,186,194513,196561
val,healthy,normal,normal_0.mat,97,0,normal,X097_DE_time,1796,187,195537,197585
val,healthy,normal,normal_0.mat,97,0,normal,X097_DE_time,1796,188,196561,198609
val,healthy,normal,normal_0.mat,97,0,normal,X097_DE_time,1796,189,197585,199633
val,healthy,normal,normal_0.mat,97,0,normal,X097_DE_time,1796,190,198609,200657
val,healthy,normal,normal_0.mat,97,0,normal,X097_DE_time,1796,191,199633,201681
val,healthy,normal,normal_0.mat,97,0,normal,X097_DE_time,1796,192,200657,202705
val,healthy,normal,normal_0.mat,97,0,normal,X097_DE_time,1796,193,201681,203729
val,healthy,normal,normal_0.mat,97,0,normal,X097_DE_time,1796,194,202705,204753
val,healthy,normal,normal_0.mat,97,0,normal,X097_DE_time,1796,195,203729,205777
test,healthy,normal,normal_0.mat,97,0,normal,X097_DE_time,1796,196,207961,210009
test,healthy,normal,normal_0.mat,97,0,normal,X097_DE_time,1796,197,208985,211033
test,healthy,normal,normal_0.mat,97,0,normal,X097_DE_time,1796,198,210009,212057
test,healthy,normal,normal_0.mat,97,0,normal,X097_DE_time,1796,199,211033,213081
test,healthy,normal,normal_0.mat,97,0,normal,X097_DE_time,1796,200,212057,214105
test,healthy,normal,normal_0.mat,97,0,normal,X097_DE_time,1796,201,213081,215129
test,healthy,normal,normal_0.mat,97,0,normal,X097_DE_time,1796,202,214105,216153
test,healthy,normal,normal_0.mat,97,0,normal,X097_DE_time,1796,203,215129,217177
test,healthy,normal,normal_0.mat,97,0,normal,X097_DE_time,1796,204,216153,218201
test,healthy,normal,normal_0.mat,97,0,normal,X097_DE_time,1796,205,217177,219225
test,healthy,normal,normal_0.mat,97,0,normal,X097_DE_time,1796,206,218201,220249
test,healthy,normal,normal_0.mat,97,0,normal,X097_DE_time,1796,207,219225,221273
test,healthy,normal,normal_0.mat,97,0,normal,X097_DE_time,1796,208,220249,222297
test,healthy,normal,normal_0.mat,97,0,normal,X097_DE_time,1796,209,221273,223321
test,healthy,normal,normal_0.mat,97,0,normal,X097_DE_time,1796,210,222297,224345
test,healthy,normal,normal_0.mat,97,0,normal,X097_DE_time,1796,211,223321,225369
test,healthy,normal,normal_0.mat,97,0,normal,X097_DE_time,1796,212,224345,226393
test,healthy,normal,normal_0.mat,97,0,normal,X097_DE_time,1796,213,225369,227417
test,healthy,normal,normal_0.mat,97,0,normal,X097_DE_time,1796,214,226393,228441
test,healthy,normal,normal_0.mat,97,0,normal,X097_DE_time,1796,215,227417,229465
test,healthy,normal,normal_0.mat,97,0,normal,X097_DE_time,1796,216,228441,230489
test,healthy,normal,normal_0.mat,97,0,normal,X097_DE_time,1796,217,229465,231513
test,healthy,normal,normal_0.mat,97,0,normal,X097_DE_time,1796,218,230489,232537
test,healthy,normal,normal_0.mat,97,0,normal,X097_DE_time,1796,219,231513,233561
test,healthy,normal,normal_0.mat,97,0,normal,X097_DE_time,1796,220,232537,234585
test,healthy,normal,normal_0.mat,97,0,normal,X097_DE_time,1796,221,233561,235609
test,healthy,normal,normal_0.mat,97,0,normal,X097_DE_time,1796,222,234585,236633
test,healthy,normal,normal_0.mat,97,0,normal,X097_DE_time,1796,223,235609,237657
test,healthy,normal,normal_0.mat,97,0,normal,X097_DE_time,1796,224,236633,238681
test,healthy,normal,normal_0.mat,97,0,normal,X097_DE_time,1796,225,237657,239705
test,healthy,normal,normal_0.mat,97,0,normal,X097_DE_time,1796,226,238681,240729
test,healthy,normal,normal_0.mat,97,0,normal,X097_DE_time,1796,227,239705,241753
test,healthy,normal,normal_0.mat,97,0,normal,X097_DE_time,1796,228,240729,242777
test,healthy,normal,normal_0.mat,97,0,normal,X097_DE_time,1796,229,241753,243801
train,healthy,normal,normal_1.mat,98,1,normal,X098_DE_time,,230,0,2048
train,healthy,normal,normal_1.mat,98,1,normal,X098_DE_time,,231,1024,3072
train,healthy,normal,normal_1.mat,98,1,normal,X098_DE_time,,232,2048,4096
train,healthy,normal,normal_1.mat,98,1,normal,X098_DE_time,,233,3072,5120
train,healthy,normal,normal_1.mat,98,1,normal,X098_DE_time,,234,4096,6144
train,healthy,normal,normal_1.mat,98,1,normal,X098_DE_time,,235,5120,7168
train,healthy,normal,normal_1.mat,98,1,normal,X098_DE_time,,236,6144,8192
train,healthy,normal,normal_1.mat,98,1,normal,X098_DE_time,,237,7168,9216
train,healthy,normal,normal_1.mat,98,1,normal,X098_DE_time,,238,8192,10240
train,healthy,normal,normal_1.mat,98,1,normal,X098_DE_time,,239,9216,11264
train,healthy,normal,normal_1.mat,98,1,normal,X098_DE_time,,240,10240,12288
train,healthy,normal,normal_1.mat,98,1,normal,X098_DE_time,,241,11264,13312
train,healthy,normal,normal_1.mat,98,1,normal,X098_DE_time,,242,12288,14336
train,healthy,normal,normal_1.mat,98,1,normal,X098_DE_time,,243,13312,15360
train,healthy,normal,normal_1.mat,98,1,normal,X098_DE_time,,244,14336,16384
train,healthy,normal,normal_1.mat,98,1,normal,X098_DE_time,,245,15360,17408
train,healthy,normal,normal_1.mat,98,1,normal,X098_DE_time,,246,16384,18432
train,healthy,normal,normal_1.mat,98,1,normal,X098_DE_time,,247,17408,19456
train,healthy,normal,normal_1.mat,98,1,normal,X098_DE_time,,248,18432,20480
train,healthy,normal,normal_1.mat,98,1,normal,X098_DE_time,,249,19456,21504
train,healthy,normal,normal_1.mat,98,1,normal,X098_DE_time,,250,20480,22528
train,healthy,normal,normal_1.mat,98,1,normal,X098_DE_time,,251,21504,23552
train,healthy,normal,normal_1.mat,98,1,normal,X098_DE_time,,252,22528,24576
train,healthy,normal,normal_1.mat,98,1,normal,X098_DE_time,,253,23552,25600
train,healthy,normal,normal_1.mat,98,1,normal,X098_DE_time,,254,24576,26624
train,healthy,normal,normal_1.mat,98,1,normal,X098_DE_time,,255,25600,27648
train,healthy,normal,normal_1.mat,98,1,normal,X098_DE_time,,256,26624,28672
train,healthy,normal,normal_1.mat,98,1,normal,X098_DE_time,,257,27648,29696
train,healthy,normal,normal_1.mat,98,1,normal,X098_DE_time,,258,28672,30720
train,healthy,normal,normal_1.mat,98,1,normal,X098_DE_time,,259,29696,31744
train,healthy,normal,normal_1.mat,98,1,normal,X098_DE_time,,260,30720,32768
train,healthy,normal,normal_1.mat,98,1,normal,X098_DE_time,,261,31744,33792
train,healthy,normal,normal_1.mat,98,1,normal,X098_DE_time,,262,32768,34816
train,healthy,normal,normal_1.mat,98,1,normal,X098_DE_time,,263,33792,35840
train,healthy,normal,normal_1.mat,98,1,normal,X098_DE_time,,264,34816,36864
train,healthy,normal,normal_1.mat,98,1,normal,X098_DE_time,,265,35840,37888
train,healthy,normal,normal_1.mat,98,1,normal,X098_DE_time,,266,36864,38912
train,healthy,normal,normal_1.mat,98,1,normal,X098_DE_time,,267,37888,39936
train,healthy,normal,normal_1.mat,98,1,normal,X098_DE_time,,268,38912,40960
train,healthy,normal,normal_1.mat,98,1,normal,X098_DE_time,,269,39936,41984
train,healthy,normal,normal_1.mat,98,1,normal,X098_DE_time,,270,40960,43008
train,healthy,normal,normal_1.mat,98,1,normal,X098_DE_time,,271,41984,44032
train,healthy,normal,normal_1.mat,98,1,normal,X098_DE_time,,272,43008,45056
train,healthy,normal,normal_1.mat,98,1,normal,X098_DE_time,,273,44032,46080
train,healthy,normal,normal_1.mat,98,1,normal,X098_DE_time,,274,45056,47104
train,healthy,normal,normal_1.mat,98,1,normal,X098_DE_time,,275,46080,48128
train,healthy,normal,normal_1.mat,98,1,normal,X098_DE_time,,276,47104,49152
train,healthy,normal,normal_1.mat,98,1,normal,X098_DE_time,,277,48128,50176
train,healthy,normal,normal_1.mat,98,1,normal,X098_DE_time,,278,49152,51200
train,healthy,normal,normal_1.mat,98,1,normal,X098_DE_time,,279,50176,52224
train,healthy,normal,normal_1.mat,98,1,normal,X098_DE_time,,280,51200,53248
train,healthy,normal,normal_1.mat,98,1,normal,X098_DE_time,,281,52224,54272
train,healthy,normal,normal_1.mat,98,1,normal,X098_DE_time,,282,53248,55296
train,healthy,normal,normal_1.mat,98,1,normal,X098_DE_time,,283,54272,56320
train,healthy,normal,normal_1.mat,98,1,normal,X098_DE_time,,284,55296,57344
train,healthy,normal,normal_1.mat,98,1,normal,X098_DE_time,,285,56320,58368
train,healthy,normal,normal_1.mat,98,1,normal,X098_DE_time,,286,57344,59392
train,healthy,normal,normal_1.mat,98,1,normal,X098_DE_time,,287,58368,60416
train,healthy,normal,normal_1.mat,98,1,normal,X098_DE_time,,288,59392,61440
train,healthy,normal,normal_1.mat,98,1,normal,X098_DE_time,,289,60416,62464
train,healthy,normal,normal_1.mat,98,1,normal,X098_DE_time,,290,61440,63488
train,healthy,normal,normal_1.mat,98,1,normal,X098_DE_time,,291,62464,64512
train,healthy,normal,normal_1.mat,98,1,normal,X098_DE_time,,292,63488,65536
train,healthy,normal,normal_1.mat,98,1,normal,X098_DE_time,,293,64512,66560
train,healthy,normal,normal_1.mat,98,1,normal,X098_DE_time,,294,65536,67584
train,healthy,normal,normal_1.mat,98,1,normal,X098_DE_time,,295,66560,68608
train,healthy,normal,normal_1.mat,98,1,normal,X098_DE_time,,296,67584,69632
train,healthy,normal,normal_1.mat,98,1,normal,X098_DE_time,,297,68608,70656
train,healthy,normal,normal_1.mat,98,1,normal,X098_DE_time,,298,69632,71680
train,healthy,normal,normal_1.mat,98,1,normal,X098_DE_time,,299,70656,72704
train,healthy,normal,normal_1.mat,98,1,normal,X098_DE_time,,300,71680,73728
train,healthy,normal,normal_1.mat,98,1,normal,X098_DE_time,,301,72704,74752
train,healthy,normal,normal_1.mat,98,1,normal,X098_DE_time,,302,73728,75776
train,healthy,normal,normal_1.mat,98,1,normal,X098_DE_time,,303,74752,76800
train,healthy,normal,normal_1.mat,98,1,normal,X098_DE_time,,304,75776,77824
train,healthy,normal,normal_1.mat,98,1,normal,X098_DE_time,,305,76800,78848
train,healthy,normal,normal_1.mat,98,1,normal,X098_DE_time,,306,77824,79872
train,healthy,normal,normal_1.mat,98,1,normal,X098_DE_time,,307,78848,80896
train,healthy,normal,normal_1.mat,98,1,normal,X098_DE_time,,308,79872,81920
train,healthy,normal,normal_1.mat,98,1,normal,X098_DE_time,,309,80896,82944
train,healthy,normal,normal_1.mat,98,1,normal,X098_DE_time,,310,81920,83968
train,healthy,normal,normal_1.mat,98,1,normal,X098_DE_time,,311,82944,84992
train,healthy,normal,normal_1.mat,98,1,normal,X098_DE_time,,312,83968,86016
train,healthy,normal,normal_1.mat,98,1,normal,X098_DE_time,,313,84992,87040
train,healthy,normal,normal_1.mat,98,1,normal,X098_DE_time,,314,86016,88064
train,healthy,normal,normal_1.mat,98,1,normal,X098_DE_time,,315,87040,89088
train,healthy,normal,normal_1.mat,98,1,normal,X098_DE_time,,316,88064,90112
train,healthy,normal,normal_1.mat,98,1,normal,X098_DE_time,,317,89088,91136
train,healthy,normal,normal_1.mat,98,1,normal,X098_DE_time,,318,90112,92160
train,healthy,normal,normal_1.mat,98,1,normal,X098_DE_time,,319,91136,93184
train,healthy,normal,normal_1.mat,98,1,normal,X098_DE_time,,320,92160,94208
train,healthy,normal,normal_1.mat,98,1,normal,X098_DE_time,,321,93184,95232
train,healthy,normal,normal_1.mat,98,1,normal,X098_DE_time,,322,94208,96256
train,healthy,normal,normal_1.mat,98,1,normal,X098_DE_time,,323,95232,97280
train,healthy,normal,normal_1.mat,98,1,normal,X098_DE_time,,324,96256,98304
train,healthy,normal,normal_1.mat,98,1,normal,X098_DE_time,,325,97280,99328
train,healthy,normal,normal_1.mat,98,1,normal,X098_DE_time,,326,98304,100352
train,healthy,normal,normal_1.mat,98,1,normal,X098_DE_time,,327,99328,101376
train,healthy,normal,normal_1.mat,98,1,normal,X098_DE_time,,328,100352,102400
train,healthy,normal,normal_1.mat,98,1,normal,X098_DE_time,,329,101376,103424
train,healthy,normal,normal_1.mat,98,1,normal,X098_DE_time,,330,102400,104448
train,healthy,normal,normal_1.mat,98,1,normal,X098_DE_time,,331,103424,105472
train,healthy,normal,normal_1.mat,98,1,normal,X098_DE_time,,332,104448,106496
train,healthy,normal,normal_1.mat,98,1,normal,X098_DE_time,,333,105472,107520
train,healthy,normal,normal_1.mat,98,1,normal,X098_DE_time,,334,106496,108544
train,healthy,normal,normal_1.mat,98,1,normal,X098_DE_time,,335,107520,109568
train,healthy,normal,normal_1.mat,98,1,normal,X098_DE_time,,336,108544,110592
train,healthy,normal,normal_1.mat,98,1,normal,X098_DE_time,,337,109568,111616
train,healthy,normal,normal_1.mat,98,1,normal,X098_DE_time,,338,110592,112640
train,healthy,normal,normal_1.mat,98,1,normal,X098_DE_time,,339,111616,113664
train,healthy,normal,normal_1.mat,98,1,normal,X098_DE_time,,340,112640,114688
train,healthy,normal,normal_1.mat,98,1,normal,X098_DE_time,,341,113664,115712
train,healthy,normal,normal_1.mat,98,1,normal,X098_DE_time,,342,114688,116736
train,healthy,normal,normal_1.mat,98,1,normal,X098_DE_time,,343,115712,117760
train,healthy,normal,normal_1.mat,98,1,normal,X098_DE_time,,344,116736,118784
train,healthy,normal,normal_1.mat,98,1,normal,X098_DE_time,,345,117760,119808
train,healthy,normal,normal_1.mat,98,1,normal,X098_DE_time,,346,118784,120832
train,healthy,normal,normal_1.mat,98,1,normal,X098_DE_time,,347,119808,121856
train,healthy,normal,normal_1.mat,98,1,normal,X098_DE_time,,348,120832,122880
train,healthy,normal,normal_1.mat,98,1,normal,X098_DE_time,,349,121856,123904
train,healthy,normal,normal_1.mat,98,1,normal,X098_DE_time,,350,122880,124928
train,healthy,normal,normal_1.mat,98,1,normal,X098_DE_time,,351,123904,125952
train,healthy,normal,normal_1.mat,98,1,normal,X098_DE_time,,352,124928,126976
train,healthy,normal,normal_1.mat,98,1,normal,X098_DE_time,,353,125952,128000
train,healthy,normal,normal_1.mat,98,1,normal,X098_DE_time,,354,126976,129024
train,healthy,normal,normal_1.mat,98,1,normal,X098_DE_time,,355,128000,130048
train,healthy,normal,normal_1.mat,98,1,normal,X098_DE_time,,356,129024,131072
train,healthy,normal,normal_1.mat,98,1,normal,X098_DE_time,,357,130048,132096
train,healthy,normal,normal_1.mat,98,1,normal,X098_DE_time,,358,131072,133120
train,healthy,normal,normal_1.mat,98,1,normal,X098_DE_time,,359,132096,134144
train,healthy,normal,normal_1.mat,98,1,normal,X098_DE_time,,360,133120,135168
train,healthy,normal,normal_1.mat,98,1,normal,X098_DE_time,,361,134144,136192
train,healthy,normal,normal_1.mat,98,1,normal,X098_DE_time,,362,135168,137216
train,healthy,normal,normal_1.mat,98,1,normal,X098_DE_time,,363,136192,138240
train,healthy,normal,normal_1.mat,98,1,normal,X098_DE_time,,364,137216,139264
train,healthy,normal,normal_1.mat,98,1,normal,X098_DE_time,,365,138240,140288
train,healthy,normal,normal_1.mat,98,1,normal,X098_DE_time,,366,139264,141312
train,healthy,normal,normal_1.mat,98,1,normal,X098_DE_time,,367,140288,142336
train,healthy,normal,normal_1.mat,98,1,normal,X098_DE_time,,368,141312,143360
train,healthy,normal,normal_1.mat,98,1,normal,X098_DE_time,,369,142336,144384
train,healthy,normal,normal_1.mat,98,1,normal,X098_DE_time,,370,143360,145408
train,healthy,normal,normal_1.mat,98,1,normal,X098_DE_time,,371,144384,146432
train,healthy,normal,normal_1.mat,98,1,normal,X098_DE_time,,372,145408,147456
train,healthy,normal,normal_1.mat,98,1,normal,X098_DE_time,,373,146432,148480
train,healthy,normal,normal_1.mat,98,1,normal,X098_DE_time,,374,147456,149504
train,healthy,normal,normal_1.mat,98,1,normal,X098_DE_time,,375,148480,150528
train,healthy,normal,normal_1.mat,98,1,normal,X098_DE_time,,376,149504,151552
train,healthy,normal,normal_1.mat,98,1,normal,X098_DE_time,,377,150528,152576
train,healthy,normal,normal_1.mat,98,1,normal,X098_DE_time,,378,151552,153600
train,healthy,normal,normal_1.mat,98,1,normal,X098_DE_time,,379,152576,154624
train,healthy,normal,normal_1.mat,98,1,normal,X098_DE_time,,380,153600,155648
train,healthy,normal,normal_1.mat,98,1,normal,X098_DE_time,,381,154624,156672
train,healthy,normal,normal_1.mat,98,1,normal,X098_DE_time,,382,155648,157696
train,healthy,normal,normal_1.mat,98,1,normal,X098_DE_time,,383,156672,158720
train,healthy,normal,normal_1.mat,98,1,normal,X098_DE_time,,384,157696,159744
train,healthy,normal,normal_1.mat,98,1,normal,X098_DE_time,,385,158720,160768
train,healthy,normal,normal_1.mat,98,1,normal,X098_DE_time,,386,159744,161792
train,healthy,normal,normal_1.mat,98,1,normal,X098_DE_time,,387,160768,162816
train,healthy,normal,normal_1.mat,98,1,normal,X098_DE_time,,388,161792,163840
train,healthy,normal,normal_1.mat,98,1,normal,X098_DE_time,,389,162816,164864
train,healthy,normal,normal_1.mat,98,1,normal,X098_DE_time,,390,163840,165888
train,healthy,normal,normal_1.mat,98,1,normal,X098_DE_time,,391,164864,166912
train,healthy,normal,normal_1.mat,98,1,normal,X098_DE_time,,392,165888,167936
train,healthy,normal,normal_1.mat,98,1,normal,X098_DE_time,,393,166912,168960
train,healthy,normal,normal_1.mat,98,1,normal,X098_DE_time,,394,167936,169984
train,healthy,normal,normal_1.mat,98,1,normal,X098_DE_time,,395,168960,171008
train,healthy,normal,normal_1.mat,98,1,normal,X098_DE_time,,396,169984,172032
train,healthy,normal,normal_1.mat,98,1,normal,X098_DE_time,,397,171008,173056
train,healthy,normal,normal_1.mat,98,1,normal,X098_DE_time,,398,172032,174080
train,healthy,normal,normal_1.mat,98,1,normal,X098_DE_time,,399,173056,175104
train,healthy,normal,normal_1.mat,98,1,normal,X098_DE_time,,400,174080,176128
train,healthy,normal,normal_1.mat,98,1,normal,X098_DE_time,,401,175104,177152
train,healthy,normal,normal_1.mat,98,1,normal,X098_DE_time,,402,176128,178176
train,healthy,normal,normal_1.mat,98,1,normal,X098_DE_time,,403,177152,179200
train,healthy,normal,normal_1.mat,98,1,normal,X098_DE_time,,404,178176,180224
train,healthy,normal,normal_1.mat,98,1,normal,X098_DE_time,,405,179200,181248
train,healthy,normal,normal_1.mat,98,1,normal,X098_DE_time,,406,180224,182272
train,healthy,normal,normal_1.mat,98,1,normal,X098_DE_time,,407,181248,183296
train,healthy,normal,normal_1.mat,98,1,normal,X098_DE_time,,408,182272,184320
train,healthy,normal,normal_1.mat,98,1,normal,X098_DE_time,,409,183296,185344
train,healthy,normal,normal_1.mat,98,1,normal,X098_DE_time,,410,184320,186368
train,healthy,normal,normal_1.mat,98,1,normal,X098_DE_time,,411,185344,187392
train,healthy,normal,normal_1.mat,98,1,normal,X098_DE_time,,412,186368,188416
train,healthy,normal,normal_1.mat,98,1,normal,X098_DE_time,,413,187392,189440
train,healthy,normal,normal_1.mat,98,1,normal,X098_DE_time,,414,188416,190464
train,healthy,normal,normal_1.mat,98,1,normal,X098_DE_time,,415,189440,191488
train,healthy,normal,normal_1.mat,98,1,normal,X098_DE_time,,416,190464,192512
train,healthy,normal,normal_1.mat,98,1,normal,X098_DE_time,,417,191488,193536
train,healthy,normal,normal_1.mat,98,1,normal,X098_DE_time,,418,192512,194560
train,healthy,normal,normal_1.mat,98,1,normal,X098_DE_time,,419,193536,195584
train,healthy,normal,normal_1.mat,98,1,normal,X098_DE_time,,420,194560,196608
train,healthy,normal,normal_1.mat,98,1,normal,X098_DE_time,,421,195584,197632
train,healthy,normal,normal_1.mat,98,1,normal,X098_DE_time,,422,196608,198656
train,healthy,normal,normal_1.mat,98,1,normal,X098_DE_time,,423,197632,199680
train,healthy,normal,normal_1.mat,98,1,normal,X098_DE_time,,424,198656,200704
train,healthy,normal,normal_1.mat,98,1,normal,X098_DE_time,,425,199680,201728
train,healthy,normal,normal_1.mat,98,1,normal,X098_DE_time,,426,200704,202752
train,healthy,normal,normal_1.mat,98,1,normal,X098_DE_time,,427,201728,203776
train,healthy,normal,normal_1.mat,98,1,normal,X098_DE_time,,428,202752,204800
train,healthy,normal,normal_1.mat,98,1,normal,X098_DE_time,,429,203776,205824
train,healthy,normal,normal_1.mat,98,1,normal,X098_DE_time,,430,204800,206848
train,healthy,normal,normal_1.mat,98,1,normal,X098_DE_time,,431,205824,207872
train,healthy,normal,normal_1.mat,98,1,normal,X098_DE_time,,432,206848,208896
train,healthy,normal,normal_1.mat,98,1,normal,X098_DE_time,,433,207872,209920
train,healthy,normal,normal_1.mat,98,1,normal,X098_DE_time,,434,208896,210944
train,healthy,normal,normal_1.mat,98,1,normal,X098_DE_time,,435,209920,211968
train,healthy,normal,normal_1.mat,98,1,normal,X098_DE_time,,436,210944,212992
train,healthy,normal,normal_1.mat,98,1,normal,X098_DE_time,,437,211968,214016
train,healthy,normal,normal_1.mat,98,1,normal,X098_DE_time,,438,212992,215040
train,healthy,normal,normal_1.mat,98,1,normal,X098_DE_time,,439,214016,216064
train,healthy,normal,normal_1.mat,98,1,normal,X098_DE_time,,440,215040,217088
train,healthy,normal,normal_1.mat,98,1,normal,X098_DE_time,,441,216064,218112
train,healthy,normal,normal_1.mat,98,1,normal,X098_DE_time,,442,217088,219136
train,healthy,normal,normal_1.mat,98,1,normal,X098_DE_time,,443,218112,220160
train,healthy,normal,normal_1.mat,98,1,normal,X098_DE_time,,444,219136,221184
train,healthy,normal,normal_1.mat,98,1,normal,X098_DE_time,,445,220160,222208
train,healthy,normal,normal_1.mat,98,1,normal,X098_DE_time,,446,221184,223232
train,healthy,normal,normal_1.mat,98,1,normal,X098_DE_time,,447,222208,224256
train,healthy,normal,normal_1.mat,98,1,normal,X098_DE_time,,448,223232,225280
train,healthy,normal,normal_1.mat,98,1,normal,X098_DE_time,,449,224256,226304
train,healthy,normal,normal_1.mat,98,1,normal,X098_DE_time,,450,225280,227328
train,healthy,normal,normal_1.mat,98,1,normal,X098_DE_time,,451,226304,228352
train,healthy,normal,normal_1.mat,98,1,normal,X098_DE_time,,452,227328,229376
train,healthy,normal,normal_1.mat,98,1,normal,X098_DE_time,,453,228352,230400
train,healthy,normal,normal_1.mat,98,1,normal,X098_DE_time,,454,229376,231424
train,healthy,normal,normal_1.mat,98,1,normal,X098_DE_time,,455,230400,232448
train,healthy,normal,normal_1.mat,98,1,normal,X098_DE_time,,456,231424,233472
train,healthy,normal,normal_1.mat,98,1,normal,X098_DE_time,,457,232448,234496
train,healthy,normal,normal_1.mat,98,1,normal,X098_DE_time,,458,233472,235520
train,healthy,normal,normal_1.mat,98,1,normal,X098_DE_time,,459,234496,236544
train,healthy,normal,normal_1.mat,98,1,normal,X098_DE_time,,460,235520,237568
train,healthy,normal,normal_1.mat,98,1,normal,X098_DE_time,,461,236544,238592
train,healthy,normal,normal_1.mat,98,1,normal,X098_DE_time,,462,237568,239616
train,healthy,normal,normal_1.mat,98,1,normal,X098_DE_time,,463,238592,240640
train,healthy,normal,normal_1.mat,98,1,normal,X098_DE_time,,464,239616,241664
train,healthy,normal,normal_1.mat,98,1,normal,X098_DE_time,,465,240640,242688
train,healthy,normal,normal_1.mat,98,1,normal,X098_DE_time,,466,241664,243712
train,healthy,normal,normal_1.mat,98,1,normal,X098_DE_time,,467,242688,244736
train,healthy,normal,normal_1.mat,98,1,normal,X098_DE_time,,468,243712,245760
train,healthy,normal,normal_1.mat,98,1,normal,X098_DE_time,,469,244736,246784
train,healthy,normal,normal_1.mat,98,1,normal,X098_DE_time,,470,245760,247808
train,healthy,normal,normal_1.mat,98,1,normal,X098_DE_time,,471,246784,248832
train,healthy,normal,normal_1.mat,98,1,normal,X098_DE_time,,472,247808,249856
train,healthy,normal,normal_1.mat,98,1,normal,X098_DE_time,,473,248832,250880
train,healthy,normal,normal_1.mat,98,1,normal,X098_DE_time,,474,249856,251904
train,healthy,normal,normal_1.mat,98,1,normal,X098_DE_time,,475,250880,252928
train,healthy,normal,normal_1.mat,98,1,normal,X098_DE_time,,476,251904,253952
train,healthy,normal,normal_1.mat,98,1,normal,X098_DE_time,,477,252928,254976
train,healthy,normal,normal_1.mat,98,1,normal,X098_DE_time,,478,253952,256000
train,healthy,normal,normal_1.mat,98,1,normal,X098_DE_time,,479,254976,257024
train,healthy,normal,normal_1.mat,98,1,normal,X098_DE_time,,480,256000,258048
train,healthy,normal,normal_1.mat,98,1,normal,X098_DE_time,,481,257024,259072
train,healthy,normal,normal_1.mat,98,1,normal,X098_DE_time,,482,258048,260096
train,healthy,normal,normal_1.mat,98,1,normal,X098_DE_time,,483,259072,261120
train,healthy,normal,normal_1.mat,98,1,normal,X098_DE_time,,484,260096,262144
train,healthy,normal,normal_1.mat,98,1,normal,X098_DE_time,,485,261120,263168
train,healthy,normal,normal_1.mat,98,1,normal,X098_DE_time,,486,262144,264192
train,healthy,normal,normal_1.mat,98,1,normal,X098_DE_time,,487,263168,265216
train,healthy,normal,normal_1.mat,98,1,normal,X098_DE_time,,488,264192,266240
train,healthy,normal,normal_1.mat,98,1,normal,X098_DE_time,,489,265216,267264
train,healthy,normal,normal_1.mat,98,1,normal,X098_DE_time,,490,266240,268288
train,healthy,normal,normal_1.mat,98,1,normal,X098_DE_time,,491,267264,269312
train,healthy,normal,normal_1.mat,98,1,normal,X098_DE_time,,492,268288,270336
train,healthy,normal,normal_1.mat,98,1,normal,X098_DE_time,,493,269312,271360
train,healthy,normal,normal_1.mat,98,1,normal,X098_DE_time,,494,270336,272384
train,healthy,normal,normal_1.mat,98,1,normal,X098_DE_time,,495,271360,273408
train,healthy,normal,normal_1.mat,98,1,normal,X098_DE_time,,496,272384,274432
train,healthy,normal,normal_1.mat,98,1,normal,X098_DE_time,,497,273408,275456
train,healthy,normal,normal_1.mat,98,1,normal,X098_DE_time,,498,274432,276480
train,healthy,normal,normal_1.mat,98,1,normal,X098_DE_time,,499,275456,277504
train,healthy,normal,normal_1.mat,98,1,normal,X098_DE_time,,500,276480,278528
train,healthy,normal,normal_1.mat,98,1,normal,X098_DE_time,,501,277504,279552
train,healthy,normal,normal_1.mat,98,1,normal,X098_DE_time,,502,278528,280576
train,healthy,normal,normal_1.mat,98,1,normal,X098_DE_time,,503,279552,281600
train,healthy,normal,normal_1.mat,98,1,normal,X098_DE_time,,504,280576,282624
train,healthy,normal,normal_1.mat,98,1,normal,X098_DE_time,,505,281600,283648
train,healthy,normal,normal_1.mat,98,1,normal,X098_DE_time,,506,282624,284672
train,healthy,normal,normal_1.mat,98,1,normal,X098_DE_time,,507,283648,285696
train,healthy,normal,normal_1.mat,98,1,normal,X098_DE_time,,508,284672,286720
train,healthy,normal,normal_1.mat,98,1,normal,X098_DE_time,,509,285696,287744
train,healthy,normal,normal_1.mat,98,1,normal,X098_DE_time,,510,286720,288768
train,healthy,normal,normal_1.mat,98,1,normal,X098_DE_time,,511,287744,289792
train,healthy,normal,normal_1.mat,98,1,normal,X098_DE_time,,512,288768,290816
train,healthy,normal,normal_1.mat,98,1,normal,X098_DE_time,,513,289792,291840
train,healthy,normal,normal_1.mat,98,1,normal,X098_DE_time,,514,290816,292864
train,healthy,normal,normal_1.mat,98,1,normal,X098_DE_time,,515,291840,293888
train,healthy,normal,normal_1.mat,98,1,normal,X098_DE_time,,516,292864,294912
train,healthy,normal,normal_1.mat,98,1,normal,X098_DE_time,,517,293888,295936
train,healthy,normal,normal_1.mat,98,1,normal,X098_DE_time,,518,294912,296960
train,healthy,normal,normal_1.mat,98,1,normal,X098_DE_time,,519,295936,297984
train,healthy,normal,normal_1.mat,98,1,normal,X098_DE_time,,520,296960,299008
train,healthy,normal,normal_1.mat,98,1,normal,X098_DE_time,,521,297984,300032
train,healthy,normal,normal_1.mat,98,1,normal,X098_DE_time,,522,299008,301056
train,healthy,normal,normal_1.mat,98,1,normal,X098_DE_time,,523,300032,302080
train,healthy,normal,normal_1.mat,98,1,normal,X098_DE_time,,524,301056,303104
train,healthy,normal,normal_1.mat,98,1,normal,X098_DE_time,,525,302080,304128
train,healthy,normal,normal_1.mat,98,1,normal,X098_DE_time,,526,303104,305152
train,healthy,normal,normal_1.mat,98,1,normal,X098_DE_time,,527,304128,306176
train,healthy,normal,normal_1.mat,98,1,normal,X098_DE_time,,528,305152,307200
train,healthy,normal,normal_1.mat,98,1,normal,X098_DE_time,,529,306176,308224
train,healthy,normal,normal_1.mat,98,1,normal,X098_DE_time,,530,307200,309248
train,healthy,normal,normal_1.mat,98,1,normal,X098_DE_time,,531,308224,310272
train,healthy,normal,normal_1.mat,98,1,normal,X098_DE_time,,532,309248,311296
train,healthy,normal,normal_1.mat,98,1,normal,X098_DE_time,,533,310272,312320
train,healthy,normal,normal_1.mat,98,1,normal,X098_DE_time,,534,311296,313344
train,healthy,normal,normal_1.mat,98,1,normal,X098_DE_time,,535,312320,314368
train,healthy,normal,normal_1.mat,98,1,normal,X098_DE_time,,536,313344,315392
train,healthy,normal,normal_1.mat,98,1,normal,X098_DE_time,,537,314368,316416
train,healthy,normal,normal_1.mat,98,1,normal,X098_DE_time,,538,315392,317440
train,healthy,normal,normal_1.mat,98,1,normal,X098_DE_time,,539,316416,318464
train,healthy,normal,normal_1.mat,98,1,normal,X098_DE_time,,540,317440,319488
train,healthy,normal,normal_1.mat,98,1,normal,X098_DE_time,,541,318464,320512
train,healthy,normal,normal_1.mat,98,1,normal,X098_DE_time,,542,319488,321536
train,healthy,normal,normal_1.mat,98,1,normal,X098_DE_time,,543,320512,322560
train,healthy,normal,normal_1.mat,98,1,normal,X098_DE_time,,544,321536,323584
train,healthy,normal,normal_1.mat,98,1,normal,X098_DE_time,,545,322560,324608
train,healthy,normal,normal_1.mat,98,1,normal,X098_DE_time,,546,323584,325632
train,healthy,normal,normal_1.mat,98,1,normal,X098_DE_time,,547,324608,326656
train,healthy,normal,normal_1.mat,98,1,normal,X098_DE_time,,548,325632,327680
train,healthy,normal,normal_1.mat,98,1,normal,X098_DE_time,,549,326656,328704
train,healthy,normal,normal_1.mat,98,1,normal,X098_DE_time,,550,327680,329728
train,healthy,normal,normal_1.mat,98,1,normal,X098_DE_time,,551,328704,330752
train,healthy,normal,normal_1.mat,98,1,normal,X098_DE_time,,552,329728,331776
train,healthy,normal,normal_1.mat,98,1,normal,X098_DE_time,,553,330752,332800
train,healthy,normal,normal_1.mat,98,1,normal,X098_DE_time,,554,331776,333824
train,healthy,normal,normal_1.mat,98,1,normal,X098_DE_time,,555,332800,334848
val,healthy,normal,normal_1.mat,98,1,normal,X098_DE_time,,556,337912,339960
val,healthy,normal,normal_1.mat,98,1,normal,X098_DE_time,,557,338936,340984
val,healthy,normal,normal_1.mat,98,1,normal,X098_DE_time,,558,339960,342008
val,healthy,normal,normal_1.mat,98,1,normal,X098_DE_time,,559,340984,343032
val,healthy,normal,normal_1.mat,98,1,normal,X098_DE_time,,560,342008,344056
val,healthy,normal,normal_1.mat,98,1,normal,X098_DE_time,,561,343032,345080
val,healthy,normal,normal_1.mat,98,1,normal,X098_DE_time,,562,344056,346104
val,healthy,normal,normal_1.mat,98,1,normal,X098_DE_time,,563,345080,347128
val,healthy,normal,normal_1.mat,98,1,normal,X098_DE_time,,564,346104,348152
val,healthy,normal,normal_1.mat,98,1,normal,X098_DE_time,,565,347128,349176
val,healthy,normal,normal_1.mat,98,1,normal,X098_DE_time,,566,348152,350200
val,healthy,normal,normal_1.mat,98,1,normal,X098_DE_time,,567,349176,351224
val,healthy,normal,normal_1.mat,98,1,normal,X098_DE_time,,568,350200,352248
val,healthy,normal,normal_1.mat,98,1,normal,X098_DE_time,,569,351224,353272
val,healthy,normal,normal_1.mat,98,1,normal,X098_DE_time,,570,352248,354296
val,healthy,normal,normal_1.mat,98,1,normal,X098_DE_time,,571,353272,355320
val,healthy,normal,normal_1.mat,98,1,normal,X098_DE_time,,572,354296,356344
val,healthy,normal,normal_1.mat,98,1,normal,X098_DE_time,,573,355320,357368
val,healthy,normal,normal_1.mat,98,1,normal,X098_DE_time,,574,356344,358392
val,healthy,normal,normal_1.mat,98,1,normal,X098_DE_time,,575,357368,359416
val,healthy,normal,normal_1.mat,98,1,normal,X098_DE_time,,576,358392,360440
val,healthy,normal,normal_1.mat,98,1,normal,X098_DE_time,,577,359416,361464
val,healthy,normal,normal_1.mat,98,1,normal,X098_DE_time,,578,360440,362488
val,healthy,normal,normal_1.mat,98,1,normal,X098_DE_time,,579,361464,363512
val,healthy,normal,normal_1.mat,98,1,normal,X098_DE_time,,580,362488,364536
val,healthy,normal,normal_1.mat,98,1,normal,X098_DE_time,,581,363512,365560
val,healthy,normal,normal_1.mat,98,1,normal,X098_DE_time,,582,364536,366584
val,healthy,normal,normal_1.mat,98,1,normal,X098_DE_time,,583,365560,367608
val,healthy,normal,normal_1.mat,98,1,normal,X098_DE_time,,584,366584,368632
val,healthy,normal,normal_1.mat,98,1,normal,X098_DE_time,,585,367608,369656
val,healthy,normal,normal_1.mat,98,1,normal,X098_DE_time,,586,368632,370680
val,healthy,normal,normal_1.mat,98,1,normal,X098_DE_time,,587,369656,371704
val,healthy,normal,normal_1.mat,98,1,normal,X098_DE_time,,588,370680,372728
val,healthy,normal,normal_1.mat,98,1,normal,X098_DE_time,,589,371704,373752
val,healthy,normal,normal_1.mat,98,1,normal,X098_DE_time,,590,372728,374776
val,healthy,normal,normal_1.mat,98,1,normal,X098_DE_time,,591,373752,375800
val,healthy,normal,normal_1.mat,98,1,normal,X098_DE_time,,592,374776,376824
val,healthy,normal,normal_1.mat,98,1,normal,X098_DE_time,,593,375800,377848
val,healthy,normal,normal_1.mat,98,1,normal,X098_DE_time,,594,376824,378872
val,healthy,normal,normal_1.mat,98,1,normal,X098_DE_time,,595,377848,379896
val,healthy,normal,normal_1.mat,98,1,normal,X098_DE_time,,596,378872,380920
val,healthy,normal,normal_1.mat,98,1,normal,X098_DE_time,,597,379896,381944
val,healthy,normal,normal_1.mat,98,1,normal,X098_DE_time,,598,380920,382968
val,healthy,normal,normal_1.mat,98,1,normal,X098_DE_time,,599,381944,383992
val,healthy,normal,normal_1.mat,98,1,normal,X098_DE_time,,600,382968,385016
val,healthy,normal,normal_1.mat,98,1,normal,X098_DE_time,,601,383992,386040
val,healthy,normal,normal_1.mat,98,1,normal,X098_DE_time,,602,385016,387064
val,healthy,normal,normal_1.mat,98,1,normal,X098_DE_time,,603,386040,388088
val,healthy,normal,normal_1.mat,98,1,normal,X098_DE_time,,604,387064,389112
val,healthy,normal,normal_1.mat,98,1,normal,X098_DE_time,,605,388088,390136
val,healthy,normal,normal_1.mat,98,1,normal,X098_DE_time,,606,389112,391160
val,healthy,normal,normal_1.mat,98,1,normal,X098_DE_time,,607,390136,392184
val,healthy,normal,normal_1.mat,98,1,normal,X098_DE_time,,608,391160,393208
val,healthy,normal,normal_1.mat,98,1,normal,X098_DE_time,,609,392184,394232
val,healthy,normal,normal_1.mat,98,1,normal,X098_DE_time,,610,393208,395256
val,healthy,normal,normal_1.mat,98,1,normal,X098_DE_time,,611,394232,396280
val,healthy,normal,normal_1.mat,98,1,normal,X098_DE_time,,612,395256,397304
val,healthy,normal,normal_1.mat,98,1,normal,X098_DE_time,,613,396280,398328
val,healthy,normal,normal_1.mat,98,1,normal,X098_DE_time,,614,397304,399352
val,healthy,normal,normal_1.mat,98,1,normal,X098_DE_time,,615,398328,400376
val,healthy,normal,normal_1.mat,98,1,normal,X098_DE_time,,616,399352,401400
val,healthy,normal,normal_1.mat,98,1,normal,X098_DE_time,,617,400376,402424
val,healthy,normal,normal_1.mat,98,1,normal,X098_DE_time,,618,401400,403448
val,healthy,normal,normal_1.mat,98,1,normal,X098_DE_time,,619,402424,404472
val,healthy,normal,normal_1.mat,98,1,normal,X098_DE_time,,620,403448,405496
val,healthy,normal,normal_1.mat,98,1,normal,X098_DE_time,,621,404472,406520
val,healthy,normal,normal_1.mat,98,1,normal,X098_DE_time,,622,405496,407544
val,healthy,normal,normal_1.mat,98,1,normal,X098_DE_time,,623,406520,408568
val,healthy,normal,normal_1.mat,98,1,normal,X098_DE_time,,624,407544,409592
test,healthy,normal,normal_1.mat,98,1,normal,X098_DE_time,,625,411931,413979
test,healthy,normal,normal_1.mat,98,1,normal,X098_DE_time,,626,412955,415003
test,healthy,normal,normal_1.mat,98,1,normal,X098_DE_time,,627,413979,416027
test,healthy,normal,normal_1.mat,98,1,normal,X098_DE_time,,628,415003,417051
test,healthy,normal,normal_1.mat,98,1,normal,X098_DE_time,,629,416027,418075
test,healthy,normal,normal_1.mat,98,1,normal,X098_DE_time,,630,417051,419099
test,healthy,normal,normal_1.mat,98,1,normal,X098_DE_time,,631,418075,420123
test,healthy,normal,normal_1.mat,98,1,normal,X098_DE_time,,632,419099,421147
test,healthy,normal,normal_1.mat,98,1,normal,X098_DE_time,,633,420123,422171
test,healthy,normal,normal_1.mat,98,1,normal,X098_DE_time,,634,421147,423195
test,healthy,normal,normal_1.mat,98,1,normal,X098_DE_time,,635,422171,424219
test,healthy,normal,normal_1.mat,98,1,normal,X098_DE_time,,636,423195,425243
test,healthy,normal,normal_1.mat,98,1,normal,X098_DE_time,,637,424219,426267
test,healthy,normal,normal_1.mat,98,1,normal,X098_DE_time,,638,425243,427291
test,healthy,normal,normal_1.mat,98,1,normal,X098_DE_time,,639,426267,428315
test,healthy,normal,normal_1.mat,98,1,normal,X098_DE_time,,640,427291,429339
test,healthy,normal,normal_1.mat,98,1,normal,X098_DE_time,,641,428315,430363
test,healthy,normal,normal_1.mat,98,1,normal,X098_DE_time,,642,429339,431387
test,healthy,normal,normal_1.mat,98,1,normal,X098_DE_time,,643,430363,432411
test,healthy,normal,normal_1.mat,98,1,normal,X098_DE_time,,644,431387,433435
test,healthy,normal,normal_1.mat,98,1,normal,X098_DE_time,,645,432411,434459
test,healthy,normal,normal_1.mat,98,1,normal,X098_DE_time,,646,433435,435483
test,healthy,normal,normal_1.mat,98,1,normal,X098_DE_time,,647,434459,436507
test,healthy,normal,normal_1.mat,98,1,normal,X098_DE_time,,648,435483,437531
test,healthy,normal,normal_1.mat,98,1,normal,X098_DE_time,,649,436507,438555
test,healthy,normal,normal_1.mat,98,1,normal,X098_DE_time,,650,437531,439579
test,healthy,normal,normal_1.mat,98,1,normal,X098_DE_time,,651,438555,440603
test,healthy,normal,normal_1.mat,98,1,normal,X098_DE_time,,652,439579,441627
test,healthy,normal,normal_1.mat,98,1,normal,X098_DE_time,,653,440603,442651
test,healthy,normal,normal_1.mat,98,1,normal,X098_DE_time,,654,441627,443675
test,healthy,normal,normal_1.mat,98,1,normal,X098_DE_time,,655,442651,444699
test,healthy,normal,normal_1.mat,98,1,normal,X098_DE_time,,656,443675,445723
test,healthy,normal,normal_1.mat,98,1,normal,X098_DE_time,,657,444699,446747
test,healthy,normal,normal_1.mat,98,1,normal,X098_DE_time,,658,445723,447771
test,healthy,normal,normal_1.mat,98,1,normal,X098_DE_time,,659,446747,448795
test,healthy,normal,normal_1.mat,98,1,normal,X098_DE_time,,660,447771,449819
test,healthy,normal,normal_1.mat,98,1,normal,X098_DE_time,,661,448795,450843
test,healthy,normal,normal_1.mat,98,1,normal,X098_DE_time,,662,449819,451867
test,healthy,normal,normal_1.mat,98,1,normal,X098_DE_time,,663,450843,452891
test,healthy,normal,normal_1.mat,98,1,normal,X098_DE_time,,664,451867,453915
test,healthy,normal,normal_1.mat,98,1,normal,X098_DE_time,,665,452891,454939
test,healthy,normal,normal_1.mat,98,1,normal,X098_DE_time,,666,453915,455963
test,healthy,normal,normal_1.mat,98,1,normal,X098_DE_time,,667,454939,456987
test,healthy,normal,normal_1.mat,98,1,normal,X098_DE_time,,668,455963,458011
test,healthy,normal,normal_1.mat,98,1,normal,X098_DE_time,,669,456987,459035
test,healthy,normal,normal_1.mat,98,1,normal,X098_DE_time,,670,458011,460059
test,healthy,normal,normal_1.mat,98,1,normal,X098_DE_time,,671,459035,461083
test,healthy,normal,normal_1.mat,98,1,normal,X098_DE_time,,672,460059,462107
test,healthy,normal,normal_1.mat,98,1,normal,X098_DE_time,,673,461083,463131
test,healthy,normal,normal_1.mat,98,1,normal,X098_DE_time,,674,462107,464155
test,healthy,normal,normal_1.mat,98,1,normal,X098_DE_time,,675,463131,465179
test,healthy,normal,normal_1.mat,98,1,normal,X098_DE_time,,676,464155,466203
test,healthy,normal,normal_1.mat,98,1,normal,X098_DE_time,,677,465179,467227
test,healthy,normal,normal_1.mat,98,1,normal,X098_DE_time,,678,466203,468251
test,healthy,normal,normal_1.mat,98,1,normal,X098_DE_time,,679,467227,469275
test,healthy,normal,normal_1.mat,98,1,normal,X098_DE_time,,680,468251,470299
test,healthy,normal,normal_1.mat,98,1,normal,X098_DE_time,,681,469275,471323
test,healthy,normal,normal_1.mat,98,1,normal,X098_DE_time,,682,470299,472347
test,healthy,normal,normal_1.mat,98,1,normal,X098_DE_time,,683,471323,473371
test,healthy,normal,normal_1.mat,98,1,normal,X098_DE_time,,684,472347,474395
test,healthy,normal,normal_1.mat,98,1,normal,X098_DE_time,,685,473371,475419
test,healthy,normal,normal_1.mat,98,1,normal,X098_DE_time,,686,474395,476443
test,healthy,normal,normal_1.mat,98,1,normal,X098_DE_time,,687,475419,477467
test,healthy,normal,normal_1.mat,98,1,normal,X098_DE_time,,688,476443,478491
test,healthy,normal,normal_1.mat,98,1,normal,X098_DE_time,,689,477467,479515
test,healthy,normal,normal_1.mat,98,1,normal,X098_DE_time,,690,478491,480539
test,healthy,normal,normal_1.mat,98,1,normal,X098_DE_time,,691,479515,481563
test,healthy,normal,normal_1.mat,98,1,normal,X098_DE_time,,692,480539,482587
test,healthy,normal,normal_1.mat,98,1,normal,X098_DE_time,,693,481563,483611
train,healthy,normal,normal_2.mat,99,2,normal,X099_DE_time,,694,0,2048
train,healthy,normal,normal_2.mat,99,2,normal,X099_DE_time,,695,1024,3072
train,healthy,normal,normal_2.mat,99,2,normal,X099_DE_time,,696,2048,4096
train,healthy,normal,normal_2.mat,99,2,normal,X099_DE_time,,697,3072,5120
train,healthy,normal,normal_2.mat,99,2,normal,X099_DE_time,,698,4096,6144
train,healthy,normal,normal_2.mat,99,2,normal,X099_DE_time,,699,5120,7168
train,healthy,normal,normal_2.mat,99,2,normal,X099_DE_time,,700,6144,8192
train,healthy,normal,normal_2.mat,99,2,normal,X099_DE_time,,701,7168,9216
train,healthy,normal,normal_2.mat,99,2,normal,X099_DE_time,,702,8192,10240
train,healthy,normal,normal_2.mat,99,2,normal,X099_DE_time,,703,9216,11264
train,healthy,normal,normal_2.mat,99,2,normal,X099_DE_time,,704,10240,12288
train,healthy,normal,normal_2.mat,99,2,normal,X099_DE_time,,705,11264,13312
train,healthy,normal,normal_2.mat,99,2,normal,X099_DE_time,,706,12288,14336
train,healthy,normal,normal_2.mat,99,2,normal,X099_DE_time,,707,13312,15360
train,healthy,normal,normal_2.mat,99,2,normal,X099_DE_time,,708,14336,16384
train,healthy,normal,normal_2.mat,99,2,normal,X099_DE_time,,709,15360,17408
train,healthy,normal,normal_2.mat,99,2,normal,X099_DE_time,,710,16384,18432
train,healthy,normal,normal_2.mat,99,2,normal,X099_DE_time,,711,17408,19456
train,healthy,normal,normal_2.mat,99,2,normal,X099_DE_time,,712,18432,20480
train,healthy,normal,normal_2.mat,99,2,normal,X099_DE_time,,713,19456,21504
train,healthy,normal,normal_2.mat,99,2,normal,X099_DE_time,,714,20480,22528
train,healthy,normal,normal_2.mat,99,2,normal,X099_DE_time,,715,21504,23552
train,healthy,normal,normal_2.mat,99,2,normal,X099_DE_time,,716,22528,24576
train,healthy,normal,normal_2.mat,99,2,normal,X099_DE_time,,717,23552,25600
train,healthy,normal,normal_2.mat,99,2,normal,X099_DE_time,,718,24576,26624
train,healthy,normal,normal_2.mat,99,2,normal,X099_DE_time,,719,25600,27648
train,healthy,normal,normal_2.mat,99,2,normal,X099_DE_time,,720,26624,28672
train,healthy,normal,normal_2.mat,99,2,normal,X099_DE_time,,721,27648,29696
train,healthy,normal,normal_2.mat,99,2,normal,X099_DE_time,,722,28672,30720
train,healthy,normal,normal_2.mat,99,2,normal,X099_DE_time,,723,29696,31744
train,healthy,normal,normal_2.mat,99,2,normal,X099_DE_time,,724,30720,32768
train,healthy,normal,normal_2.mat,99,2,normal,X099_DE_time,,725,31744,33792
train,healthy,normal,normal_2.mat,99,2,normal,X099_DE_time,,726,32768,34816
train,healthy,normal,normal_2.mat,99,2,normal,X099_DE_time,,727,33792,35840
train,healthy,normal,normal_2.mat,99,2,normal,X099_DE_time,,728,34816,36864
train,healthy,normal,normal_2.mat,99,2,normal,X099_DE_time,,729,35840,37888
train,healthy,normal,normal_2.mat,99,2,normal,X099_DE_time,,730,36864,38912
train,healthy,normal,normal_2.mat,99,2,normal,X099_DE_time,,731,37888,39936
train,healthy,normal,normal_2.mat,99,2,normal,X099_DE_time,,732,38912,40960
train,healthy,normal,normal_2.mat,99,2,normal,X099_DE_time,,733,39936,41984
train,healthy,normal,normal_2.mat,99,2,normal,X099_DE_time,,734,40960,43008
train,healthy,normal,normal_2.mat,99,2,normal,X099_DE_time,,735,41984,44032
train,healthy,normal,normal_2.mat,99,2,normal,X099_DE_time,,736,43008,45056
train,healthy,normal,normal_2.mat,99,2,normal,X099_DE_time,,737,44032,46080
train,healthy,normal,normal_2.mat,99,2,normal,X099_DE_time,,738,45056,47104
train,healthy,normal,normal_2.mat,99,2,normal,X099_DE_time,,739,46080,48128
train,healthy,normal,normal_2.mat,99,2,normal,X099_DE_time,,740,47104,49152
train,healthy,normal,normal_2.mat,99,2,normal,X099_DE_time,,741,48128,50176
train,healthy,normal,normal_2.mat,99,2,normal,X099_DE_time,,742,49152,51200
train,healthy,normal,normal_2.mat,99,2,normal,X099_DE_time,,743,50176,52224
train,healthy,normal,normal_2.mat,99,2,normal,X099_DE_time,,744,51200,53248
train,healthy,normal,normal_2.mat,99,2,normal,X099_DE_time,,745,52224,54272
train,healthy,normal,normal_2.mat,99,2,normal,X099_DE_time,,746,53248,55296
train,healthy,normal,normal_2.mat,99,2,normal,X099_DE_time,,747,54272,56320
train,healthy,normal,normal_2.mat,99,2,normal,X099_DE_time,,748,55296,57344
train,healthy,normal,normal_2.mat,99,2,normal,X099_DE_time,,749,56320,58368
train,healthy,normal,normal_2.mat,99,2,normal,X099_DE_time,,750,57344,59392
train,healthy,normal,normal_2.mat,99,2,normal,X099_DE_time,,751,58368,60416
train,healthy,normal,normal_2.mat,99,2,normal,X099_DE_time,,752,59392,61440
train,healthy,normal,normal_2.mat,99,2,normal,X099_DE_time,,753,60416,62464
train,healthy,normal,normal_2.mat,99,2,normal,X099_DE_time,,754,61440,63488
train,healthy,normal,normal_2.mat,99,2,normal,X099_DE_time,,755,62464,64512
train,healthy,normal,normal_2.mat,99,2,normal,X099_DE_time,,756,63488,65536
train,healthy,normal,normal_2.mat,99,2,normal,X099_DE_time,,757,64512,66560
train,healthy,normal,normal_2.mat,99,2,normal,X099_DE_time,,758,65536,67584
train,healthy,normal,normal_2.mat,99,2,normal,X099_DE_time,,759,66560,68608
train,healthy,normal,normal_2.mat,99,2,normal,X099_DE_time,,760,67584,69632
train,healthy,normal,normal_2.mat,99,2,normal,X099_DE_time,,761,68608,70656
train,healthy,normal,normal_2.mat,99,2,normal,X099_DE_time,,762,69632,71680
train,healthy,normal,normal_2.mat,99,2,normal,X099_DE_time,,763,70656,72704
train,healthy,normal,normal_2.mat,99,2,normal,X099_DE_time,,764,71680,73728
train,healthy,normal,normal_2.mat,99,2,normal,X099_DE_time,,765,72704,74752
train,healthy,normal,normal_2.mat,99,2,normal,X099_DE_time,,766,73728,75776
train,healthy,normal,normal_2.mat,99,2,normal,X099_DE_time,,767,74752,76800
train,healthy,normal,normal_2.mat,99,2,normal,X099_DE_time,,768,75776,77824
train,healthy,normal,normal_2.mat,99,2,normal,X099_DE_time,,769,76800,78848
train,healthy,normal,normal_2.mat,99,2,normal,X099_DE_time,,770,77824,79872
train,healthy,normal,normal_2.mat,99,2,normal,X099_DE_time,,771,78848,80896
train,healthy,normal,normal_2.mat,99,2,normal,X099_DE_time,,772,79872,81920
train,healthy,normal,normal_2.mat,99,2,normal,X099_DE_time,,773,80896,82944
train,healthy,normal,normal_2.mat,99,2,normal,X099_DE_time,,774,81920,83968
train,healthy,normal,normal_2.mat,99,2,normal,X099_DE_time,,775,82944,84992
train,healthy,normal,normal_2.mat,99,2,normal,X099_DE_time,,776,83968,86016
train,healthy,normal,normal_2.mat,99,2,normal,X099_DE_time,,777,84992,87040
train,healthy,normal,normal_2.mat,99,2,normal,X099_DE_time,,778,86016,88064
train,healthy,normal,normal_2.mat,99,2,normal,X099_DE_time,,779,87040,89088
train,healthy,normal,normal_2.mat,99,2,normal,X099_DE_time,,780,88064,90112
train,healthy,normal,normal_2.mat,99,2,normal,X099_DE_time,,781,89088,91136
train,healthy,normal,normal_2.mat,99,2,normal,X099_DE_time,,782,90112,92160
train,healthy,normal,normal_2.mat,99,2,normal,X099_DE_time,,783,91136,93184
train,healthy,normal,normal_2.mat,99,2,normal,X099_DE_time,,784,92160,94208
train,healthy,normal,normal_2.mat,99,2,normal,X099_DE_time,,785,93184,95232
train,healthy,normal,normal_2.mat,99,2,normal,X099_DE_time,,786,94208,96256
train,healthy,normal,normal_2.mat,99,2,normal,X099_DE_time,,787,95232,97280
train,healthy,normal,normal_2.mat,99,2,normal,X099_DE_time,,788,96256,98304
train,healthy,normal,normal_2.mat,99,2,normal,X099_DE_time,,789,97280,99328
train,healthy,normal,normal_2.mat,99,2,normal,X099_DE_time,,790,98304,100352
train,healthy,normal,normal_2.mat,99,2,normal,X099_DE_time,,791,99328,101376
train,healthy,normal,normal_2.mat,99,2,normal,X099_DE_time,,792,100352,102400
train,healthy,normal,normal_2.mat,99,2,normal,X099_DE_time,,793,101376,103424
train,healthy,normal,normal_2.mat,99,2,normal,X099_DE_time,,794,102400,104448
train,healthy,normal,normal_2.mat,99,2,normal,X099_DE_time,,795,103424,105472
train,healthy,normal,normal_2.mat,99,2,normal,X099_DE_time,,796,104448,106496
train,healthy,normal,normal_2.mat,99,2,normal,X099_DE_time,,797,105472,107520
train,healthy,normal,normal_2.mat,99,2,normal,X099_DE_time,,798,106496,108544
train,healthy,normal,normal_2.mat,99,2,normal,X099_DE_time,,799,107520,109568
train,healthy,normal,normal_2.mat,99,2,normal,X099_DE_time,,800,108544,110592
train,healthy,normal,normal_2.mat,99,2,normal,X099_DE_time,,801,109568,111616
train,healthy,normal,normal_2.mat,99,2,normal,X099_DE_time,,802,110592,112640
train,healthy,normal,normal_2.mat,99,2,normal,X099_DE_time,,803,111616,113664
train,healthy,normal,normal_2.mat,99,2,normal,X099_DE_time,,804,112640,114688
train,healthy,normal,normal_2.mat,99,2,normal,X099_DE_time,,805,113664,115712
train,healthy,normal,normal_2.mat,99,2,normal,X099_DE_time,,806,114688,116736
train,healthy,normal,normal_2.mat,99,2,normal,X099_DE_time,,807,115712,117760
train,healthy,normal,normal_2.mat,99,2,normal,X099_DE_time,,808,116736,118784
train,healthy,normal,normal_2.mat,99,2,normal,X099_DE_time,,809,117760,119808
train,healthy,normal,normal_2.mat,99,2,normal,X099_DE_time,,810,118784,120832
train,healthy,normal,normal_2.mat,99,2,normal,X099_DE_time,,811,119808,121856
train,healthy,normal,normal_2.mat,99,2,normal,X099_DE_time,,812,120832,122880
train,healthy,normal,normal_2.mat,99,2,normal,X099_DE_time,,813,121856,123904
train,healthy,normal,normal_2.mat,99,2,normal,X099_DE_time,,814,122880,124928
train,healthy,normal,normal_2.mat,99,2,normal,X099_DE_time,,815,123904,125952
train,healthy,normal,normal_2.mat,99,2,normal,X099_DE_time,,816,124928,126976
train,healthy,normal,normal_2.mat,99,2,normal,X099_DE_time,,817,125952,128000
train,healthy,normal,normal_2.mat,99,2,normal,X099_DE_time,,818,126976,129024
train,healthy,normal,normal_2.mat,99,2,normal,X099_DE_time,,819,128000,130048
train,healthy,normal,normal_2.mat,99,2,normal,X099_DE_time,,820,129024,131072
train,healthy,normal,normal_2.mat,99,2,normal,X099_DE_time,,821,130048,132096
train,healthy,normal,normal_2.mat,99,2,normal,X099_DE_time,,822,131072,133120
train,healthy,normal,normal_2.mat,99,2,normal,X099_DE_time,,823,132096,134144
train,healthy,normal,normal_2.mat,99,2,normal,X099_DE_time,,824,133120,135168
train,healthy,normal,normal_2.mat,99,2,normal,X099_DE_time,,825,134144,136192
train,healthy,normal,normal_2.mat,99,2,normal,X099_DE_time,,826,135168,137216
train,healthy,normal,normal_2.mat,99,2,normal,X099_DE_time,,827,136192,138240
train,healthy,normal,normal_2.mat,99,2,normal,X099_DE_time,,828,137216,139264
train,healthy,normal,normal_2.mat,99,2,normal,X099_DE_time,,829,138240,140288
train,healthy,normal,normal_2.mat,99,2,normal,X099_DE_time,,830,139264,141312
train,healthy,normal,normal_2.mat,99,2,normal,X099_DE_time,,831,140288,142336
train,healthy,normal,normal_2.mat,99,2,normal,X099_DE_time,,832,141312,143360
train,healthy,normal,normal_2.mat,99,2,normal,X099_DE_time,,833,142336,144384
train,healthy,normal,normal_2.mat,99,2,normal,X099_DE_time,,834,143360,145408
train,healthy,normal,normal_2.mat,99,2,normal,X099_DE_time,,835,144384,146432
train,healthy,normal,normal_2.mat,99,2,normal,X099_DE_time,,836,145408,147456
train,healthy,normal,normal_2.mat,99,2,normal,X099_DE_time,,837,146432,148480
train,healthy,normal,normal_2.mat,99,2,normal,X099_DE_time,,838,147456,149504
train,healthy,normal,normal_2.mat,99,2,normal,X099_DE_time,,839,148480,150528
train,healthy,normal,normal_2.mat,99,2,normal,X099_DE_time,,840,149504,151552
train,healthy,normal,normal_2.mat,99,2,normal,X099_DE_time,,841,150528,152576
train,healthy,normal,normal_2.mat,99,2,normal,X099_DE_time,,842,151552,153600
train,healthy,normal,normal_2.mat,99,2,normal,X099_DE_time,,843,152576,154624
train,healthy,normal,normal_2.mat,99,2,normal,X099_DE_time,,844,153600,155648
train,healthy,normal,normal_2.mat,99,2,normal,X099_DE_time,,845,154624,156672
train,healthy,normal,normal_2.mat,99,2,normal,X099_DE_time,,846,155648,157696
train,healthy,normal,normal_2.mat,99,2,normal,X099_DE_time,,847,156672,158720
train,healthy,normal,normal_2.mat,99,2,normal,X099_DE_time,,848,157696,159744
train,healthy,normal,normal_2.mat,99,2,normal,X099_DE_time,,849,158720,160768
train,healthy,normal,normal_2.mat,99,2,normal,X099_DE_time,,850,159744,161792
train,healthy,normal,normal_2.mat,99,2,normal,X099_DE_time,,851,160768,162816
train,healthy,normal,normal_2.mat,99,2,normal,X099_DE_time,,852,161792,163840
train,healthy,normal,normal_2.mat,99,2,normal,X099_DE_time,,853,162816,164864
train,healthy,normal,normal_2.mat,99,2,normal,X099_DE_time,,854,163840,165888
train,healthy,normal,normal_2.mat,99,2,normal,X099_DE_time,,855,164864,166912
train,healthy,normal,normal_2.mat,99,2,normal,X099_DE_time,,856,165888,167936
train,healthy,normal,normal_2.mat,99,2,normal,X099_DE_time,,857,166912,168960
train,healthy,normal,normal_2.mat,99,2,normal,X099_DE_time,,858,167936,169984
train,healthy,normal,normal_2.mat,99,2,normal,X099_DE_time,,859,168960,171008
train,healthy,normal,normal_2.mat,99,2,normal,X099_DE_time,,860,169984,172032
train,healthy,normal,normal_2.mat,99,2,normal,X099_DE_time,,861,171008,173056
train,healthy,normal,normal_2.mat,99,2,normal,X099_DE_time,,862,172032,174080
train,healthy,normal,normal_2.mat,99,2,normal,X099_DE_time,,863,173056,175104
train,healthy,normal,normal_2.mat,99,2,normal,X099_DE_time,,864,174080,176128
train,healthy,normal,normal_2.mat,99,2,normal,X099_DE_time,,865,175104,177152
train,healthy,normal,normal_2.mat,99,2,normal,X099_DE_time,,866,176128,178176
train,healthy,normal,normal_2.mat,99,2,normal,X099_DE_time,,867,177152,179200
train,healthy,normal,normal_2.mat,99,2,normal,X099_DE_time,,868,178176,180224
train,healthy,normal,normal_2.mat,99,2,normal,X099_DE_time,,869,179200,181248
train,healthy,normal,normal_2.mat,99,2,normal,X099_DE_time,,870,180224,182272
train,healthy,normal,normal_2.mat,99,2,normal,X099_DE_time,,871,181248,183296
train,healthy,normal,normal_2.mat,99,2,normal,X099_DE_time,,872,182272,184320
train,healthy,normal,normal_2.mat,99,2,normal,X099_DE_time,,873,183296,185344
train,healthy,normal,normal_2.mat,99,2,normal,X099_DE_time,,874,184320,186368
train,healthy,normal,normal_2.mat,99,2,normal,X099_DE_time,,875,185344,187392
train,healthy,normal,normal_2.mat,99,2,normal,X099_DE_time,,876,186368,188416
train,healthy,normal,normal_2.mat,99,2,normal,X099_DE_time,,877,187392,189440
train,healthy,normal,normal_2.mat,99,2,normal,X099_DE_time,,878,188416,190464
train,healthy,normal,normal_2.mat,99,2,normal,X099_DE_time,,879,189440,191488
train,healthy,normal,normal_2.mat,99,2,normal,X099_DE_time,,880,190464,192512
train,healthy,normal,normal_2.mat,99,2,normal,X099_DE_time,,881,191488,193536
train,healthy,normal,normal_2.mat,99,2,normal,X099_DE_time,,882,192512,194560
train,healthy,normal,normal_2.mat,99,2,normal,X099_DE_time,,883,193536,195584
train,healthy,normal,normal_2.mat,99,2,normal,X099_DE_time,,884,194560,196608
train,healthy,normal,normal_2.mat,99,2,normal,X099_DE_time,,885,195584,197632
train,healthy,normal,normal_2.mat,99,2,normal,X099_DE_time,,886,196608,198656
train,healthy,normal,normal_2.mat,99,2,normal,X099_DE_time,,887,197632,199680
train,healthy,normal,normal_2.mat,99,2,normal,X099_DE_time,,888,198656,200704
train,healthy,normal,normal_2.mat,99,2,normal,X099_DE_time,,889,199680,201728
train,healthy,normal,normal_2.mat,99,2,normal,X099_DE_time,,890,200704,202752
train,healthy,normal,normal_2.mat,99,2,normal,X099_DE_time,,891,201728,203776
train,healthy,normal,normal_2.mat,99,2,normal,X099_DE_time,,892,202752,204800
train,healthy,normal,normal_2.mat,99,2,normal,X099_DE_time,,893,203776,205824
train,healthy,normal,normal_2.mat,99,2,normal,X099_DE_time,,894,204800,206848
train,healthy,normal,normal_2.mat,99,2,normal,X099_DE_time,,895,205824,207872
train,healthy,normal,normal_2.mat,99,2,normal,X099_DE_time,,896,206848,208896
train,healthy,normal,normal_2.mat,99,2,normal,X099_DE_time,,897,207872,209920
train,healthy,normal,normal_2.mat,99,2,normal,X099_DE_time,,898,208896,210944
train,healthy,normal,normal_2.mat,99,2,normal,X099_DE_time,,899,209920,211968
train,healthy,normal,normal_2.mat,99,2,normal,X099_DE_time,,900,210944,212992
train,healthy,normal,normal_2.mat,99,2,normal,X099_DE_time,,901,211968,214016
train,healthy,normal,normal_2.mat,99,2,normal,X099_DE_time,,902,212992,215040
train,healthy,normal,normal_2.mat,99,2,normal,X099_DE_time,,903,214016,216064
train,healthy,normal,normal_2.mat,99,2,normal,X099_DE_time,,904,215040,217088
train,healthy,normal,normal_2.mat,99,2,normal,X099_DE_time,,905,216064,218112
train,healthy,normal,normal_2.mat,99,2,normal,X099_DE_time,,906,217088,219136
train,healthy,normal,normal_2.mat,99,2,normal,X099_DE_time,,907,218112,220160
train,healthy,normal,normal_2.mat,99,2,normal,X099_DE_time,,908,219136,221184
train,healthy,normal,normal_2.mat,99,2,normal,X099_DE_time,,909,220160,222208
train,healthy,normal,normal_2.mat,99,2,normal,X099_DE_time,,910,221184,223232
train,healthy,normal,normal_2.mat,99,2,normal,X099_DE_time,,911,222208,224256
train,healthy,normal,normal_2.mat,99,2,normal,X099_DE_time,,912,223232,225280
train,healthy,normal,normal_2.mat,99,2,normal,X099_DE_time,,913,224256,226304
train,healthy,normal,normal_2.mat,99,2,normal,X099_DE_time,,914,225280,227328
train,healthy,normal,normal_2.mat,99,2,normal,X099_DE_time,,915,226304,228352
train,healthy,normal,normal_2.mat,99,2,normal,X099_DE_time,,916,227328,229376
train,healthy,normal,normal_2.mat,99,2,normal,X099_DE_time,,917,228352,230400
train,healthy,normal,normal_2.mat,99,2,normal,X099_DE_time,,918,229376,231424
train,healthy,normal,normal_2.mat,99,2,normal,X099_DE_time,,919,230400,232448
train,healthy,normal,normal_2.mat,99,2,normal,X099_DE_time,,920,231424,233472
train,healthy,normal,normal_2.mat,99,2,normal,X099_DE_time,,921,232448,234496
train,healthy,normal,normal_2.mat,99,2,normal,X099_DE_time,,922,233472,235520
train,healthy,normal,normal_2.mat,99,2,normal,X099_DE_time,,923,234496,236544
train,healthy,normal,normal_2.mat,99,2,normal,X099_DE_time,,924,235520,237568
train,healthy,normal,normal_2.mat,99,2,normal,X099_DE_time,,925,236544,238592
train,healthy,normal,normal_2.mat,99,2,normal,X099_DE_time,,926,237568,239616
train,healthy,normal,normal_2.mat,99,2,normal,X099_DE_time,,927,238592,240640
train,healthy,normal,normal_2.mat,99,2,normal,X099_DE_time,,928,239616,241664
train,healthy,normal,normal_2.mat,99,2,normal,X099_DE_time,,929,240640,242688
train,healthy,normal,normal_2.mat,99,2,normal,X099_DE_time,,930,241664,243712
train,healthy,normal,normal_2.mat,99,2,normal,X099_DE_time,,931,242688,244736
train,healthy,normal,normal_2.mat,99,2,normal,X099_DE_time,,932,243712,245760
train,healthy,normal,normal_2.mat,99,2,normal,X099_DE_time,,933,244736,246784
train,healthy,normal,normal_2.mat,99,2,normal,X099_DE_time,,934,245760,247808
train,healthy,normal,normal_2.mat,99,2,normal,X099_DE_time,,935,246784,248832
train,healthy,normal,normal_2.mat,99,2,normal,X099_DE_time,,936,247808,249856
train,healthy,normal,normal_2.mat,99,2,normal,X099_DE_time,,937,248832,250880
train,healthy,normal,normal_2.mat,99,2,normal,X099_DE_time,,938,249856,251904
train,healthy,normal,normal_2.mat,99,2,normal,X099_DE_time,,939,250880,252928
train,healthy,normal,normal_2.mat,99,2,normal,X099_DE_time,,940,251904,253952
train,healthy,normal,normal_2.mat,99,2,normal,X099_DE_time,,941,252928,254976
train,healthy,normal,normal_2.mat,99,2,normal,X099_DE_time,,942,253952,256000
train,healthy,normal,normal_2.mat,99,2,normal,X099_DE_time,,943,254976,257024
train,healthy,normal,normal_2.mat,99,2,normal,X099_DE_time,,944,256000,258048
train,healthy,normal,normal_2.mat,99,2,normal,X099_DE_time,,945,257024,259072
train,healthy,normal,normal_2.mat,99,2,normal,X099_DE_time,,946,258048,260096
train,healthy,normal,normal_2.mat,99,2,normal,X099_DE_time,,947,259072,261120
train,healthy,normal,normal_2.mat,99,2,normal,X099_DE_time,,948,260096,262144
train,healthy,normal,normal_2.mat,99,2,normal,X099_DE_time,,949,261120,263168
train,healthy,normal,normal_2.mat,99,2,normal,X099_DE_time,,950,262144,264192
train,healthy,normal,normal_2.mat,99,2,normal,X099_DE_time,,951,263168,265216
train,healthy,normal,normal_2.mat,99,2,normal,X099_DE_time,,952,264192,266240
train,healthy,normal,normal_2.mat,99,2,normal,X099_DE_time,,953,265216,267264
train,healthy,normal,normal_2.mat,99,2,normal,X099_DE_time,,954,266240,268288
train,healthy,normal,normal_2.mat,99,2,normal,X099_DE_time,,955,267264,269312
train,healthy,normal,normal_2.mat,99,2,normal,X099_DE_time,,956,268288,270336
train,healthy,normal,normal_2.mat,99,2,normal,X099_DE_time,,957,269312,271360
train,healthy,normal,normal_2.mat,99,2,normal,X099_DE_time,,958,270336,272384
train,healthy,normal,normal_2.mat,99,2,normal,X099_DE_time,,959,271360,273408
train,healthy,normal,normal_2.mat,99,2,normal,X099_DE_time,,960,272384,274432
train,healthy,normal,normal_2.mat,99,2,normal,X099_DE_time,,961,273408,275456
train,healthy,normal,normal_2.mat,99,2,normal,X099_DE_time,,962,274432,276480
train,healthy,normal,normal_2.mat,99,2,normal,X099_DE_time,,963,275456,277504
train,healthy,normal,normal_2.mat,99,2,normal,X099_DE_time,,964,276480,278528
train,healthy,normal,normal_2.mat,99,2,normal,X099_DE_time,,965,277504,279552
train,healthy,normal,normal_2.mat,99,2,normal,X099_DE_time,,966,278528,280576
train,healthy,normal,normal_2.mat,99,2,normal,X099_DE_time,,967,279552,281600
train,healthy,normal,normal_2.mat,99,2,normal,X099_DE_time,,968,280576,282624
train,healthy,normal,normal_2.mat,99,2,normal,X099_DE_time,,969,281600,283648
train,healthy,normal,normal_2.mat,99,2,normal,X099_DE_time,,970,282624,284672
train,healthy,normal,normal_2.mat,99,2,normal,X099_DE_time,,971,283648,285696
train,healthy,normal,normal_2.mat,99,2,normal,X099_DE_time,,972,284672,286720
train,healthy,normal,normal_2.mat,99,2,normal,X099_DE_time,,973,285696,287744
train,healthy,normal,normal_2.mat,99,2,normal,X099_DE_time,,974,286720,288768
train,healthy,normal,normal_2.mat,99,2,normal,X099_DE_time,,975,287744,289792
train,healthy,normal,normal_2.mat,99,2,normal,X099_DE_time,,976,288768,290816
train,healthy,normal,normal_2.mat,99,2,normal,X099_DE_time,,977,289792,291840
train,healthy,normal,normal_2.mat,99,2,normal,X099_DE_time,,978,290816,292864
train,healthy,normal,normal_2.mat,99,2,normal,X099_DE_time,,979,291840,293888
train,healthy,normal,normal_2.mat,99,2,normal,X099_DE_time,,980,292864,294912
train,healthy,normal,normal_2.mat,99,2,normal,X099_DE_time,,981,293888,295936
train,healthy,normal,normal_2.mat,99,2,normal,X099_DE_time,,982,294912,296960
train,healthy,normal,normal_2.mat,99,2,normal,X099_DE_time,,983,295936,297984
train,healthy,normal,normal_2.mat,99,2,normal,X099_DE_time,,984,296960,299008
train,healthy,normal,normal_2.mat,99,2,normal,X099_DE_time,,985,297984,300032
train,healthy,normal,normal_2.mat,99,2,normal,X099_DE_time,,986,299008,301056
train,healthy,normal,normal_2.mat,99,2,normal,X099_DE_time,,987,300032,302080
train,healthy,normal,normal_2.mat,99,2,normal,X099_DE_time,,988,301056,303104
train,healthy,normal,normal_2.mat,99,2,normal,X099_DE_time,,989,302080,304128
train,healthy,normal,normal_2.mat,99,2,normal,X099_DE_time,,990,303104,305152
train,healthy,normal,normal_2.mat,99,2,normal,X099_DE_time,,991,304128,306176
train,healthy,normal,normal_2.mat,99,2,normal,X099_DE_time,,992,305152,307200
train,healthy,normal,normal_2.mat,99,2,normal,X099_DE_time,,993,306176,308224
train,healthy,normal,normal_2.mat,99,2,normal,X099_DE_time,,994,307200,309248
train,healthy,normal,normal_2.mat,99,2,normal,X099_DE_time,,995,308224,310272
train,healthy,normal,normal_2.mat,99,2,normal,X099_DE_time,,996,309248,311296
train,healthy,normal,normal_2.mat,99,2,normal,X099_DE_time,,997,310272,312320
train,healthy,normal,normal_2.mat,99,2,normal,X099_DE_time,,998,311296,313344
train,healthy,normal,normal_2.mat,99,2,normal,X099_DE_time,,999,312320,314368
train,healthy,normal,normal_2.mat,99,2,normal,X099_DE_time,,1000,313344,315392
train,healthy,normal,normal_2.mat,99,2,normal,X099_DE_time,,1001,314368,316416
train,healthy,normal,normal_2.mat,99,2,normal,X099_DE_time,,1002,315392,317440
train,healthy,normal,normal_2.mat,99,2,normal,X099_DE_time,,1003,316416,318464
train,healthy,normal,normal_2.mat,99,2,normal,X099_DE_time,,1004,317440,319488
train,healthy,normal,normal_2.mat,99,2,normal,X099_DE_time,,1005,318464,320512
train,healthy,normal,normal_2.mat,99,2,normal,X099_DE_time,,1006,319488,321536
train,healthy,normal,normal_2.mat,99,2,normal,X099_DE_time,,1007,320512,322560
train,healthy,normal,normal_2.mat,99,2,normal,X099_DE_time,,1008,321536,323584
train,healthy,normal,normal_2.mat,99,2,normal,X099_DE_time,,1009,322560,324608
train,healthy,normal,normal_2.mat,99,2,normal,X099_DE_time,,1010,323584,325632
train,healthy,normal,normal_2.mat,99,2,normal,X099_DE_time,,1011,324608,326656
train,healthy,normal,normal_2.mat,99,2,normal,X099_DE_time,,1012,325632,327680
train,healthy,normal,normal_2.mat,99,2,normal,X099_DE_time,,1013,326656,328704
train,healthy,normal,normal_2.mat,99,2,normal,X099_DE_time,,1014,327680,329728
train,healthy,normal,normal_2.mat,99,2,normal,X099_DE_time,,1015,328704,330752
train,healthy,normal,normal_2.mat,99,2,normal,X099_DE_time,,1016,329728,331776
train,healthy,normal,normal_2.mat,99,2,normal,X099_DE_time,,1017,330752,332800
train,healthy,normal,normal_2.mat,99,2,normal,X099_DE_time,,1018,331776,333824
train,healthy,normal,normal_2.mat,99,2,normal,X099_DE_time,,1019,332800,334848
train,healthy,normal,normal_2.mat,99,2,normal,X099_DE_time,,1020,333824,335872
val,healthy,normal,normal_2.mat,99,2,normal,X099_DE_time,,1021,338724,340772
val,healthy,normal,normal_2.mat,99,2,normal,X099_DE_time,,1022,339748,341796
val,healthy,normal,normal_2.mat,99,2,normal,X099_DE_time,,1023,340772,342820
val,healthy,normal,normal_2.mat,99,2,normal,X099_DE_time,,1024,341796,343844
val,healthy,normal,normal_2.mat,99,2,normal,X099_DE_time,,1025,342820,344868
val,healthy,normal,normal_2.mat,99,2,normal,X099_DE_time,,1026,343844,345892
val,healthy,normal,normal_2.mat,99,2,normal,X099_DE_time,,1027,344868,346916
val,healthy,normal,normal_2.mat,99,2,normal,X099_DE_time,,1028,345892,347940
val,healthy,normal,normal_2.mat,99,2,normal,X099_DE_time,,1029,346916,348964
val,healthy,normal,normal_2.mat,99,2,normal,X099_DE_time,,1030,347940,349988
val,healthy,normal,normal_2.mat,99,2,normal,X099_DE_time,,1031,348964,351012
val,healthy,normal,normal_2.mat,99,2,normal,X099_DE_time,,1032,349988,352036
val,healthy,normal,normal_2.mat,99,2,normal,X099_DE_time,,1033,351012,353060
val,healthy,normal,normal_2.mat,99,2,normal,X099_DE_time,,1034,352036,354084
val,healthy,normal,normal_2.mat,99,2,normal,X099_DE_time,,1035,353060,355108
val,healthy,normal,normal_2.mat,99,2,normal,X099_DE_time,,1036,354084,356132
val,healthy,normal,normal_2.mat,99,2,normal,X099_DE_time,,1037,355108,357156
val,healthy,normal,normal_2.mat,99,2,normal,X099_DE_time,,1038,356132,358180
val,healthy,normal,normal_2.mat,99,2,normal,X099_DE_time,,1039,357156,359204
val,healthy,normal,normal_2.mat,99,2,normal,X099_DE_time,,1040,358180,360228
val,healthy,normal,normal_2.mat,99,2,normal,X099_DE_time,,1041,359204,361252
val,healthy,normal,normal_2.mat,99,2,normal,X099_DE_time,,1042,360228,362276
val,healthy,normal,normal_2.mat,99,2,normal,X099_DE_time,,1043,361252,363300
val,healthy,normal,normal_2.mat,99,2,normal,X099_DE_time,,1044,362276,364324
val,healthy,normal,normal_2.mat,99,2,normal,X099_DE_time,,1045,363300,365348
val,healthy,normal,normal_2.mat,99,2,normal,X099_DE_time,,1046,364324,366372
val,healthy,normal,normal_2.mat,99,2,normal,X099_DE_time,,1047,365348,367396
val,healthy,normal,normal_2.mat,99,2,normal,X099_DE_time,,1048,366372,368420
val,healthy,normal,normal_2.mat,99,2,normal,X099_DE_time,,1049,367396,369444
val,healthy,normal,normal_2.mat,99,2,normal,X099_DE_time,,1050,368420,370468
val,healthy,normal,normal_2.mat,99,2,normal,X099_DE_time,,1051,369444,371492
val,healthy,normal,normal_2.mat,99,2,normal,X099_DE_time,,1052,370468,372516
val,healthy,normal,normal_2.mat,99,2,normal,X099_DE_time,,1053,371492,373540
val,healthy,normal,normal_2.mat,99,2,normal,X099_DE_time,,1054,372516,374564
val,healthy,normal,normal_2.mat,99,2,normal,X099_DE_time,,1055,373540,375588
val,healthy,normal,normal_2.mat,99,2,normal,X099_DE_time,,1056,374564,376612
val,healthy,normal,normal_2.mat,99,2,normal,X099_DE_time,,1057,375588,377636
val,healthy,normal,normal_2.mat,99,2,normal,X099_DE_time,,1058,376612,378660
val,healthy,normal,normal_2.mat,99,2,normal,X099_DE_time,,1059,377636,379684
val,healthy,normal,normal_2.mat,99,2,normal,X099_DE_time,,1060,378660,380708
val,healthy,normal,normal_2.mat,99,2,normal,X099_DE_time,,1061,379684,381732
val,healthy,normal,normal_2.mat,99,2,normal,X099_DE_time,,1062,380708,382756
val,healthy,normal,normal_2.mat,99,2,normal,X099_DE_time,,1063,381732,383780
val,healthy,normal,normal_2.mat,99,2,normal,X099_DE_time,,1064,382756,384804
val,healthy,normal,normal_2.mat,99,2,normal,X099_DE_time,,1065,383780,385828
val,healthy,normal,normal_2.mat,99,2,normal,X099_DE_time,,1066,384804,386852
val,healthy,normal,normal_2.mat,99,2,normal,X099_DE_time,,1067,385828,387876
val,healthy,normal,normal_2.mat,99,2,normal,X099_DE_time,,1068,386852,388900
val,healthy,normal,normal_2.mat,99,2,normal,X099_DE_time,,1069,387876,389924
val,healthy,normal,normal_2.mat,99,2,normal,X099_DE_time,,1070,388900,390948
val,healthy,normal,normal_2.mat,99,2,normal,X099_DE_time,,1071,389924,391972
val,healthy,normal,normal_2.mat,99,2,normal,X099_DE_time,,1072,390948,392996
val,healthy,normal,normal_2.mat,99,2,normal,X099_DE_time,,1073,391972,394020
val,healthy,normal,normal_2.mat,99,2,normal,X099_DE_time,,1074,392996,395044
val,healthy,normal,normal_2.mat,99,2,normal,X099_DE_time,,1075,394020,396068
val,healthy,normal,normal_2.mat,99,2,normal,X099_DE_time,,1076,395044,397092
val,healthy,normal,normal_2.mat,99,2,normal,X099_DE_time,,1077,396068,398116
val,healthy,normal,normal_2.mat,99,2,normal,X099_DE_time,,1078,397092,399140
val,healthy,normal,normal_2.mat,99,2,normal,X099_DE_time,,1079,398116,400164
val,healthy,normal,normal_2.mat,99,2,normal,X099_DE_time,,1080,399140,401188
val,healthy,normal,normal_2.mat,99,2,normal,X099_DE_time,,1081,400164,402212
val,healthy,normal,normal_2.mat,99,2,normal,X099_DE_time,,1082,401188,403236
val,healthy,normal,normal_2.mat,99,2,normal,X099_DE_time,,1083,402212,404260
val,healthy,normal,normal_2.mat,99,2,normal,X099_DE_time,,1084,403236,405284
val,healthy,normal,normal_2.mat,99,2,normal,X099_DE_time,,1085,404260,406308
val,healthy,normal,normal_2.mat,99,2,normal,X099_DE_time,,1086,405284,407332
val,healthy,normal,normal_2.mat,99,2,normal,X099_DE_time,,1087,406308,408356
val,healthy,normal,normal_2.mat,99,2,normal,X099_DE_time,,1088,407332,409380
val,healthy,normal,normal_2.mat,99,2,normal,X099_DE_time,,1089,408356,410404
test,healthy,normal,normal_2.mat,99,2,normal,X099_DE_time,,1090,412917,414965
test,healthy,normal,normal_2.mat,99,2,normal,X099_DE_time,,1091,413941,415989
test,healthy,normal,normal_2.mat,99,2,normal,X099_DE_time,,1092,414965,417013
test,healthy,normal,normal_2.mat,99,2,normal,X099_DE_time,,1093,415989,418037
test,healthy,normal,normal_2.mat,99,2,normal,X099_DE_time,,1094,417013,419061
test,healthy,normal,normal_2.mat,99,2,normal,X099_DE_time,,1095,418037,420085
test,healthy,normal,normal_2.mat,99,2,normal,X099_DE_time,,1096,419061,421109
test,healthy,normal,normal_2.mat,99,2,normal,X099_DE_time,,1097,420085,422133
test,healthy,normal,normal_2.mat,99,2,normal,X099_DE_time,,1098,421109,423157
test,healthy,normal,normal_2.mat,99,2,normal,X099_DE_time,,1099,422133,424181
test,healthy,normal,normal_2.mat,99,2,normal,X099_DE_time,,1100,423157,425205
test,healthy,normal,normal_2.mat,99,2,normal,X099_DE_time,,1101,424181,426229
test,healthy,normal,normal_2.mat,99,2,normal,X099_DE_time,,1102,425205,427253
test,healthy,normal,normal_2.mat,99,2,normal,X099_DE_time,,1103,426229,428277
test,healthy,normal,normal_2.mat,99,2,normal,X099_DE_time,,1104,427253,429301
test,healthy,normal,normal_2.mat,99,2,normal,X099_DE_time,,1105,428277,430325
test,healthy,normal,normal_2.mat,99,2,normal,X099_DE_time,,1106,429301,431349
test,healthy,normal,normal_2.mat,99,2,normal,X099_DE_time,,1107,430325,432373
test,healthy,normal,normal_2.mat,99,2,normal,X099_DE_time,,1108,431349,433397
test,healthy,normal,normal_2.mat,99,2,normal,X099_DE_time,,1109,432373,434421
test,healthy,normal,normal_2.mat,99,2,normal,X099_DE_time,,1110,433397,435445
test,healthy,normal,normal_2.mat,99,2,normal,X099_DE_time,,1111,434421,436469
test,healthy,normal,normal_2.mat,99,2,normal,X099_DE_time,,1112,435445,437493
test,healthy,normal,normal_2.mat,99,2,normal,X099_DE_time,,1113,436469,438517
test,healthy,normal,normal_2.mat,99,2,normal,X099_DE_time,,1114,437493,439541
test,healthy,normal,normal_2.mat,99,2,normal,X099_DE_time,,1115,438517,440565
test,healthy,normal,normal_2.mat,99,2,normal,X099_DE_time,,1116,439541,441589
test,healthy,normal,normal_2.mat,99,2,normal,X099_DE_time,,1117,440565,442613
test,healthy,normal,normal_2.mat,99,2,normal,X099_DE_time,,1118,441589,443637
test,healthy,normal,normal_2.mat,99,2,normal,X099_DE_time,,1119,442613,444661
test,healthy,normal,normal_2.mat,99,2,normal,X099_DE_time,,1120,443637,445685
test,healthy,normal,normal_2.mat,99,2,normal,X099_DE_time,,1121,444661,446709
test,healthy,normal,normal_2.mat,99,2,normal,X099_DE_time,,1122,445685,447733
test,healthy,normal,normal_2.mat,99,2,normal,X099_DE_time,,1123,446709,448757
test,healthy,normal,normal_2.mat,99,2,normal,X099_DE_time,,1124,447733,449781
test,healthy,normal,normal_2.mat,99,2,normal,X099_DE_time,,1125,448757,450805
test,healthy,normal,normal_2.mat,99,2,normal,X099_DE_time,,1126,449781,451829
test,healthy,normal,normal_2.mat,99,2,normal,X099_DE_time,,1127,450805,452853
test,healthy,normal,normal_2.mat,99,2,normal,X099_DE_time,,1128,451829,453877
test,healthy,normal,normal_2.mat,99,2,normal,X099_DE_time,,1129,452853,454901
test,healthy,normal,normal_2.mat,99,2,normal,X099_DE_time,,1130,453877,455925
test,healthy,normal,normal_2.mat,99,2,normal,X099_DE_time,,1131,454901,456949
test,healthy,normal,normal_2.mat,99,2,normal,X099_DE_time,,1132,455925,457973
test,healthy,normal,normal_2.mat,99,2,normal,X099_DE_time,,1133,456949,458997
test,healthy,normal,normal_2.mat,99,2,normal,X099_DE_time,,1134,457973,460021
test,healthy,normal,normal_2.mat,99,2,normal,X099_DE_time,,1135,458997,461045
test,healthy,normal,normal_2.mat,99,2,normal,X099_DE_time,,1136,460021,462069
test,healthy,normal,normal_2.mat,99,2,normal,X099_DE_time,,1137,461045,463093
test,healthy,normal,normal_2.mat,99,2,normal,X099_DE_time,,1138,462069,464117
test,healthy,normal,normal_2.mat,99,2,normal,X099_DE_time,,1139,463093,465141
test,healthy,normal,normal_2.mat,99,2,normal,X099_DE_time,,1140,464117,466165
test,healthy,normal,normal_2.mat,99,2,normal,X099_DE_time,,1141,465141,467189
test,healthy,normal,normal_2.mat,99,2,normal,X099_DE_time,,1142,466165,468213
test,healthy,normal,normal_2.mat,99,2,normal,X099_DE_time,,1143,467189,469237
test,healthy,normal,normal_2.mat,99,2,normal,X099_DE_time,,1144,468213,470261
test,healthy,normal,normal_2.mat,99,2,normal,X099_DE_time,,1145,469237,471285
test,healthy,normal,normal_2.mat,99,2,normal,X099_DE_time,,1146,470261,472309
test,healthy,normal,normal_2.mat,99,2,normal,X099_DE_time,,1147,471285,473333
test,healthy,normal,normal_2.mat,99,2,normal,X099_DE_time,,1148,472309,474357
test,healthy,normal,normal_2.mat,99,2,normal,X099_DE_time,,1149,473333,475381
test,healthy,normal,normal_2.mat,99,2,normal,X099_DE_time,,1150,474357,476405
test,healthy,normal,normal_2.mat,99,2,normal,X099_DE_time,,1151,475381,477429
test,healthy,normal,normal_2.mat,99,2,normal,X099_DE_time,,1152,476405,478453
test,healthy,normal,normal_2.mat,99,2,normal,X099_DE_time,,1153,477429,479477
test,healthy,normal,normal_2.mat,99,2,normal,X099_DE_time,,1154,478453,480501
test,healthy,normal,normal_2.mat,99,2,normal,X099_DE_time,,1155,479477,481525
test,healthy,normal,normal_2.mat,99,2,normal,X099_DE_time,,1156,480501,482549
test,healthy,normal,normal_2.mat,99,2,normal,X099_DE_time,,1157,481525,483573
test,healthy,normal,normal_2.mat,99,2,normal,X099_DE_time,,1158,482549,484597
train,healthy,normal,normal_3.mat,100,3,normal,X100_DE_time,1725,1159,0,2048
train,healthy,normal,normal_3.mat,100,3,normal,X100_DE_time,1725,1160,1024,3072
train,healthy,normal,normal_3.mat,100,3,normal,X100_DE_time,1725,1161,2048,4096
train,healthy,normal,normal_3.mat,100,3,normal,X100_DE_time,1725,1162,3072,5120
train,healthy,normal,normal_3.mat,100,3,normal,X100_DE_time,1725,1163,4096,6144
train,healthy,normal,normal_3.mat,100,3,normal,X100_DE_time,1725,1164,5120,7168
train,healthy,normal,normal_3.mat,100,3,normal,X100_DE_time,1725,1165,6144,8192
train,healthy,normal,normal_3.mat,100,3,normal,X100_DE_time,1725,1166,7168,9216
train,healthy,normal,normal_3.mat,100,3,normal,X100_DE_time,1725,1167,8192,10240
train,healthy,normal,normal_3.mat,100,3,normal,X100_DE_time,1725,1168,9216,11264
train,healthy,normal,normal_3.mat,100,3,normal,X100_DE_time,1725,1169,10240,12288
train,healthy,normal,normal_3.mat,100,3,normal,X100_DE_time,1725,1170,11264,13312
train,healthy,normal,normal_3.mat,100,3,normal,X100_DE_time,1725,1171,12288,14336
train,healthy,normal,normal_3.mat,100,3,normal,X100_DE_time,1725,1172,13312,15360
train,healthy,normal,normal_3.mat,100,3,normal,X100_DE_time,1725,1173,14336,16384
train,healthy,normal,normal_3.mat,100,3,normal,X100_DE_time,1725,1174,15360,17408
train,healthy,normal,normal_3.mat,100,3,normal,X100_DE_time,1725,1175,16384,18432
train,healthy,normal,normal_3.mat,100,3,normal,X100_DE_time,1725,1176,17408,19456
train,healthy,normal,normal_3.mat,100,3,normal,X100_DE_time,1725,1177,18432,20480
train,healthy,normal,normal_3.mat,100,3,normal,X100_DE_time,1725,1178,19456,21504
train,healthy,normal,normal_3.mat,100,3,normal,X100_DE_time,1725,1179,20480,22528
train,healthy,normal,normal_3.mat,100,3,normal,X100_DE_time,1725,1180,21504,23552
train,healthy,normal,normal_3.mat,100,3,normal,X100_DE_time,1725,1181,22528,24576
train,healthy,normal,normal_3.mat,100,3,normal,X100_DE_time,1725,1182,23552,25600
train,healthy,normal,normal_3.mat,100,3,normal,X100_DE_time,1725,1183,24576,26624
train,healthy,normal,normal_3.mat,100,3,normal,X100_DE_time,1725,1184,25600,27648
train,healthy,normal,normal_3.mat,100,3,normal,X100_DE_time,1725,1185,26624,28672
train,healthy,normal,normal_3.mat,100,3,normal,X100_DE_time,1725,1186,27648,29696
train,healthy,normal,normal_3.mat,100,3,normal,X100_DE_time,1725,1187,28672,30720
train,healthy,normal,normal_3.mat,100,3,normal,X100_DE_time,1725,1188,29696,31744
train,healthy,normal,normal_3.mat,100,3,normal,X100_DE_time,1725,1189,30720,32768
train,healthy,normal,normal_3.mat,100,3,normal,X100_DE_time,1725,1190,31744,33792
train,healthy,normal,normal_3.mat,100,3,normal,X100_DE_time,1725,1191,32768,34816
train,healthy,normal,normal_3.mat,100,3,normal,X100_DE_time,1725,1192,33792,35840
train,healthy,normal,normal_3.mat,100,3,normal,X100_DE_time,1725,1193,34816,36864
train,healthy,normal,normal_3.mat,100,3,normal,X100_DE_time,1725,1194,35840,37888
train,healthy,normal,normal_3.mat,100,3,normal,X100_DE_time,1725,1195,36864,38912
train,healthy,normal,normal_3.mat,100,3,normal,X100_DE_time,1725,1196,37888,39936
train,healthy,normal,normal_3.mat,100,3,normal,X100_DE_time,1725,1197,38912,40960
train,healthy,normal,normal_3.mat,100,3,normal,X100_DE_time,1725,1198,39936,41984
train,healthy,normal,normal_3.mat,100,3,normal,X100_DE_time,1725,1199,40960,43008
train,healthy,normal,normal_3.mat,100,3,normal,X100_DE_time,1725,1200,41984,44032
train,healthy,normal,normal_3.mat,100,3,normal,X100_DE_time,1725,1201,43008,45056
train,healthy,normal,normal_3.mat,100,3,normal,X100_DE_time,1725,1202,44032,46080
train,healthy,normal,normal_3.mat,100,3,normal,X100_DE_time,1725,1203,45056,47104
train,healthy,normal,normal_3.mat,100,3,normal,X100_DE_time,1725,1204,46080,48128
train,healthy,normal,normal_3.mat,100,3,normal,X100_DE_time,1725,1205,47104,49152
train,healthy,normal,normal_3.mat,100,3,normal,X100_DE_time,1725,1206,48128,50176
train,healthy,normal,normal_3.mat,100,3,normal,X100_DE_time,1725,1207,49152,51200
train,healthy,normal,normal_3.mat,100,3,normal,X100_DE_time,1725,1208,50176,52224
train,healthy,normal,normal_3.mat,100,3,normal,X100_DE_time,1725,1209,51200,53248
train,healthy,normal,normal_3.mat,100,3,normal,X100_DE_time,1725,1210,52224,54272
train,healthy,normal,normal_3.mat,100,3,normal,X100_DE_time,1725,1211,53248,55296
train,healthy,normal,normal_3.mat,100,3,normal,X100_DE_time,1725,1212,54272,56320
train,healthy,normal,normal_3.mat,100,3,normal,X100_DE_time,1725,1213,55296,57344
train,healthy,normal,normal_3.mat,100,3,normal,X100_DE_time,1725,1214,56320,58368
train,healthy,normal,normal_3.mat,100,3,normal,X100_DE_time,1725,1215,57344,59392
train,healthy,normal,normal_3.mat,100,3,normal,X100_DE_time,1725,1216,58368,60416
train,healthy,normal,normal_3.mat,100,3,normal,X100_DE_time,1725,1217,59392,61440
train,healthy,normal,normal_3.mat,100,3,normal,X100_DE_time,1725,1218,60416,62464
train,healthy,normal,normal_3.mat,100,3,normal,X100_DE_time,1725,1219,61440,63488
train,healthy,normal,normal_3.mat,100,3,normal,X100_DE_time,1725,1220,62464,64512
train,healthy,normal,normal_3.mat,100,3,normal,X100_DE_time,1725,1221,63488,65536
train,healthy,normal,normal_3.mat,100,3,normal,X100_DE_time,1725,1222,64512,66560
train,healthy,normal,normal_3.mat,100,3,normal,X100_DE_time,1725,1223,65536,67584
train,healthy,normal,normal_3.mat,100,3,normal,X100_DE_time,1725,1224,66560,68608
train,healthy,normal,normal_3.mat,100,3,normal,X100_DE_time,1725,1225,67584,69632
train,healthy,normal,normal_3.mat,100,3,normal,X100_DE_time,1725,1226,68608,70656
train,healthy,normal,normal_3.mat,100,3,normal,X100_DE_time,1725,1227,69632,71680
train,healthy,normal,normal_3.mat,100,3,normal,X100_DE_time,1725,1228,70656,72704
train,healthy,normal,normal_3.mat,100,3,normal,X100_DE_time,1725,1229,71680,73728
train,healthy,normal,normal_3.mat,100,3,normal,X100_DE_time,1725,1230,72704,74752
train,healthy,normal,normal_3.mat,100,3,normal,X100_DE_time,1725,1231,73728,75776
train,healthy,normal,normal_3.mat,100,3,normal,X100_DE_time,1725,1232,74752,76800
train,healthy,normal,normal_3.mat,100,3,normal,X100_DE_time,1725,1233,75776,77824
train,healthy,normal,normal_3.mat,100,3,normal,X100_DE_time,1725,1234,76800,78848
train,healthy,normal,normal_3.mat,100,3,normal,X100_DE_time,1725,1235,77824,79872
train,healthy,normal,normal_3.mat,100,3,normal,X100_DE_time,1725,1236,78848,80896
train,healthy,normal,normal_3.mat,100,3,normal,X100_DE_time,1725,1237,79872,81920
train,healthy,normal,normal_3.mat,100,3,normal,X100_DE_time,1725,1238,80896,82944
train,healthy,normal,normal_3.mat,100,3,normal,X100_DE_time,1725,1239,81920,83968
train,healthy,normal,normal_3.mat,100,3,normal,X100_DE_time,1725,1240,82944,84992
train,healthy,normal,normal_3.mat,100,3,normal,X100_DE_time,1725,1241,83968,86016
train,healthy,normal,normal_3.mat,100,3,normal,X100_DE_time,1725,1242,84992,87040
train,healthy,normal,normal_3.mat,100,3,normal,X100_DE_time,1725,1243,86016,88064
train,healthy,normal,normal_3.mat,100,3,normal,X100_DE_time,1725,1244,87040,89088
train,healthy,normal,normal_3.mat,100,3,normal,X100_DE_time,1725,1245,88064,90112
train,healthy,normal,normal_3.mat,100,3,normal,X100_DE_time,1725,1246,89088,91136
train,healthy,normal,normal_3.mat,100,3,normal,X100_DE_time,1725,1247,90112,92160
train,healthy,normal,normal_3.mat,100,3,normal,X100_DE_time,1725,1248,91136,93184
train,healthy,normal,normal_3.mat,100,3,normal,X100_DE_time,1725,1249,92160,94208
train,healthy,normal,normal_3.mat,100,3,normal,X100_DE_time,1725,1250,93184,95232
train,healthy,normal,normal_3.mat,100,3,normal,X100_DE_time,1725,1251,94208,96256
train,healthy,normal,normal_3.mat,100,3,normal,X100_DE_time,1725,1252,95232,97280
train,healthy,normal,normal_3.mat,100,3,normal,X100_DE_time,1725,1253,96256,98304
train,healthy,normal,normal_3.mat,100,3,normal,X100_DE_time,1725,1254,97280,99328
train,healthy,normal,normal_3.mat,100,3,normal,X100_DE_time,1725,1255,98304,100352
train,healthy,normal,normal_3.mat,100,3,normal,X100_DE_time,1725,1256,99328,101376
train,healthy,normal,normal_3.mat,100,3,normal,X100_DE_time,1725,1257,100352,102400
train,healthy,normal,normal_3.mat,100,3,normal,X100_DE_time,1725,1258,101376,103424
train,healthy,normal,normal_3.mat,100,3,normal,X100_DE_time,1725,1259,102400,104448
train,healthy,normal,normal_3.mat,100,3,normal,X100_DE_time,1725,1260,103424,105472
train,healthy,normal,normal_3.mat,100,3,normal,X100_DE_time,1725,1261,104448,106496
train,healthy,normal,normal_3.mat,100,3,normal,X100_DE_time,1725,1262,105472,107520
train,healthy,normal,normal_3.mat,100,3,normal,X100_DE_time,1725,1263,106496,108544
train,healthy,normal,normal_3.mat,100,3,normal,X100_DE_time,1725,1264,107520,109568
train,healthy,normal,normal_3.mat,100,3,normal,X100_DE_time,1725,1265,108544,110592
train,healthy,normal,normal_3.mat,100,3,normal,X100_DE_time,1725,1266,109568,111616
train,healthy,normal,normal_3.mat,100,3,normal,X100_DE_time,1725,1267,110592,112640
train,healthy,normal,normal_3.mat,100,3,normal,X100_DE_time,1725,1268,111616,113664
train,healthy,normal,normal_3.mat,100,3,normal,X100_DE_time,1725,1269,112640,114688
train,healthy,normal,normal_3.mat,100,3,normal,X100_DE_time,1725,1270,113664,115712
train,healthy,normal,normal_3.mat,100,3,normal,X100_DE_time,1725,1271,114688,116736
train,healthy,normal,normal_3.mat,100,3,normal,X100_DE_time,1725,1272,115712,117760
train,healthy,normal,normal_3.mat,100,3,normal,X100_DE_time,1725,1273,116736,118784
train,healthy,normal,normal_3.mat,100,3,normal,X100_DE_time,1725,1274,117760,119808
train,healthy,normal,normal_3.mat,100,3,normal,X100_DE_time,1725,1275,118784,120832
train,healthy,normal,normal_3.mat,100,3,normal,X100_DE_time,1725,1276,119808,121856
train,healthy,normal,normal_3.mat,100,3,normal,X100_DE_time,1725,1277,120832,122880
train,healthy,normal,normal_3.mat,100,3,normal,X100_DE_time,1725,1278,121856,123904
train,healthy,normal,normal_3.mat,100,3,normal,X100_DE_time,1725,1279,122880,124928
train,healthy,normal,normal_3.mat,100,3,normal,X100_DE_time,1725,1280,123904,125952
train,healthy,normal,normal_3.mat,100,3,normal,X100_DE_time,1725,1281,124928,126976
train,healthy,normal,normal_3.mat,100,3,normal,X100_DE_time,1725,1282,125952,128000
train,healthy,normal,normal_3.mat,100,3,normal,X100_DE_time,1725,1283,126976,129024
train,healthy,normal,normal_3.mat,100,3,normal,X100_DE_time,1725,1284,128000,130048
train,healthy,normal,normal_3.mat,100,3,normal,X100_DE_time,1725,1285,129024,131072
train,healthy,normal,normal_3.mat,100,3,normal,X100_DE_time,1725,1286,130048,132096
train,healthy,normal,normal_3.mat,100,3,normal,X100_DE_time,1725,1287,131072,133120
train,healthy,normal,normal_3.mat,100,3,normal,X100_DE_time,1725,1288,132096,134144
train,healthy,normal,normal_3.mat,100,3,normal,X100_DE_time,1725,1289,133120,135168
train,healthy,normal,normal_3.mat,100,3,normal,X100_DE_time,1725,1290,134144,136192
train,healthy,normal,normal_3.mat,100,3,normal,X100_DE_time,1725,1291,135168,137216
train,healthy,normal,normal_3.mat,100,3,normal,X100_DE_time,1725,1292,136192,138240
train,healthy,normal,normal_3.mat,100,3,normal,X100_DE_time,1725,1293,137216,139264
train,healthy,normal,normal_3.mat,100,3,normal,X100_DE_time,1725,1294,138240,140288
train,healthy,normal,normal_3.mat,100,3,normal,X100_DE_time,1725,1295,139264,141312
train,healthy,normal,normal_3.mat,100,3,normal,X100_DE_time,1725,1296,140288,142336
train,healthy,normal,normal_3.mat,100,3,normal,X100_DE_time,1725,1297,141312,143360
train,healthy,normal,normal_3.mat,100,3,normal,X100_DE_time,1725,1298,142336,144384
train,healthy,normal,normal_3.mat,100,3,normal,X100_DE_time,1725,1299,143360,145408
train,healthy,normal,normal_3.mat,100,3,normal,X100_DE_time,1725,1300,144384,146432
train,healthy,normal,normal_3.mat,100,3,normal,X100_DE_time,1725,1301,145408,147456
train,healthy,normal,normal_3.mat,100,3,normal,X100_DE_time,1725,1302,146432,148480
train,healthy,normal,normal_3.mat,100,3,normal,X100_DE_time,1725,1303,147456,149504
train,healthy,normal,normal_3.mat,100,3,normal,X100_DE_time,1725,1304,148480,150528
train,healthy,normal,normal_3.mat,100,3,normal,X100_DE_time,1725,1305,149504,151552
train,healthy,normal,normal_3.mat,100,3,normal,X100_DE_time,1725,1306,150528,152576
train,healthy,normal,normal_3.mat,100,3,normal,X100_DE_time,1725,1307,151552,153600
train,healthy,normal,normal_3.mat,100,3,normal,X100_DE_time,1725,1308,152576,154624
train,healthy,normal,normal_3.mat,100,3,normal,X100_DE_time,1725,1309,153600,155648
train,healthy,normal,normal_3.mat,100,3,normal,X100_DE_time,1725,1310,154624,156672
train,healthy,normal,normal_3.mat,100,3,normal,X100_DE_time,1725,1311,155648,157696
train,healthy,normal,normal_3.mat,100,3,normal,X100_DE_time,1725,1312,156672,158720
train,healthy,normal,normal_3.mat,100,3,normal,X100_DE_time,1725,1313,157696,159744
train,healthy,normal,normal_3.mat,100,3,normal,X100_DE_time,1725,1314,158720,160768
train,healthy,normal,normal_3.mat,100,3,normal,X100_DE_time,1725,1315,159744,161792
train,healthy,normal,normal_3.mat,100,3,normal,X100_DE_time,1725,1316,160768,162816
train,healthy,normal,normal_3.mat,100,3,normal,X100_DE_time,1725,1317,161792,163840
train,healthy,normal,normal_3.mat,100,3,normal,X100_DE_time,1725,1318,162816,164864
train,healthy,normal,normal_3.mat,100,3,normal,X100_DE_time,1725,1319,163840,165888
train,healthy,normal,normal_3.mat,100,3,normal,X100_DE_time,1725,1320,164864,166912
train,healthy,normal,normal_3.mat,100,3,normal,X100_DE_time,1725,1321,165888,167936
train,healthy,normal,normal_3.mat,100,3,normal,X100_DE_time,1725,1322,166912,168960
train,healthy,normal,normal_3.mat,100,3,normal,X100_DE_time,1725,1323,167936,169984
train,healthy,normal,normal_3.mat,100,3,normal,X100_DE_time,1725,1324,168960,171008
train,healthy,normal,normal_3.mat,100,3,normal,X100_DE_time,1725,1325,169984,172032
train,healthy,normal,normal_3.mat,100,3,normal,X100_DE_time,1725,1326,171008,173056
train,healthy,normal,normal_3.mat,100,3,normal,X100_DE_time,1725,1327,172032,174080
train,healthy,normal,normal_3.mat,100,3,normal,X100_DE_time,1725,1328,173056,175104
train,healthy,normal,normal_3.mat,100,3,normal,X100_DE_time,1725,1329,174080,176128
train,healthy,normal,normal_3.mat,100,3,normal,X100_DE_time,1725,1330,175104,177152
train,healthy,normal,normal_3.mat,100,3,normal,X100_DE_time,1725,1331,176128,178176
train,healthy,normal,normal_3.mat,100,3,normal,X100_DE_time,1725,1332,177152,179200
train,healthy,normal,normal_3.mat,100,3,normal,X100_DE_time,1725,1333,178176,180224
train,healthy,normal,normal_3.mat,100,3,normal,X100_DE_time,1725,1334,179200,181248
train,healthy,normal,normal_3.mat,100,3,normal,X100_DE_time,1725,1335,180224,182272
train,healthy,normal,normal_3.mat,100,3,normal,X100_DE_time,1725,1336,181248,183296
train,healthy,normal,normal_3.mat,100,3,normal,X100_DE_time,1725,1337,182272,184320
train,healthy,normal,normal_3.mat,100,3,normal,X100_DE_time,1725,1338,183296,185344
train,healthy,normal,normal_3.mat,100,3,normal,X100_DE_time,1725,1339,184320,186368
train,healthy,normal,normal_3.mat,100,3,normal,X100_DE_time,1725,1340,185344,187392
train,healthy,normal,normal_3.mat,100,3,normal,X100_DE_time,1725,1341,186368,188416
train,healthy,normal,normal_3.mat,100,3,normal,X100_DE_time,1725,1342,187392,189440
train,healthy,normal,normal_3.mat,100,3,normal,X100_DE_time,1725,1343,188416,190464
train,healthy,normal,normal_3.mat,100,3,normal,X100_DE_time,1725,1344,189440,191488
train,healthy,normal,normal_3.mat,100,3,normal,X100_DE_time,1725,1345,190464,192512
train,healthy,normal,normal_3.mat,100,3,normal,X100_DE_time,1725,1346,191488,193536
train,healthy,normal,normal_3.mat,100,3,normal,X100_DE_time,1725,1347,192512,194560
train,healthy,normal,normal_3.mat,100,3,normal,X100_DE_time,1725,1348,193536,195584
train,healthy,normal,normal_3.mat,100,3,normal,X100_DE_time,1725,1349,194560,196608
train,healthy,normal,normal_3.mat,100,3,normal,X100_DE_time,1725,1350,195584,197632
train,healthy,normal,normal_3.mat,100,3,normal,X100_DE_time,1725,1351,196608,198656
train,healthy,normal,normal_3.mat,100,3,normal,X100_DE_time,1725,1352,197632,199680
train,healthy,normal,normal_3.mat,100,3,normal,X100_DE_time,1725,1353,198656,200704
train,healthy,normal,normal_3.mat,100,3,normal,X100_DE_time,1725,1354,199680,201728
train,healthy,normal,normal_3.mat,100,3,normal,X100_DE_time,1725,1355,200704,202752
train,healthy,normal,normal_3.mat,100,3,normal,X100_DE_time,1725,1356,201728,203776
train,healthy,normal,normal_3.mat,100,3,normal,X100_DE_time,1725,1357,202752,204800
train,healthy,normal,normal_3.mat,100,3,normal,X100_DE_time,1725,1358,203776,205824
train,healthy,normal,normal_3.mat,100,3,normal,X100_DE_time,1725,1359,204800,206848
train,healthy,normal,normal_3.mat,100,3,normal,X100_DE_time,1725,1360,205824,207872
train,healthy,normal,normal_3.mat,100,3,normal,X100_DE_time,1725,1361,206848,208896
train,healthy,normal,normal_3.mat,100,3,normal,X100_DE_time,1725,1362,207872,209920
train,healthy,normal,normal_3.mat,100,3,normal,X100_DE_time,1725,1363,208896,210944
train,healthy,normal,normal_3.mat,100,3,normal,X100_DE_time,1725,1364,209920,211968
train,healthy,normal,normal_3.mat,100,3,normal,X100_DE_time,1725,1365,210944,212992
train,healthy,normal,normal_3.mat,100,3,normal,X100_DE_time,1725,1366,211968,214016
train,healthy,normal,normal_3.mat,100,3,normal,X100_DE_time,1725,1367,212992,215040
train,healthy,normal,normal_3.mat,100,3,normal,X100_DE_time,1725,1368,214016,216064
train,healthy,normal,normal_3.mat,100,3,normal,X100_DE_time,1725,1369,215040,217088
train,healthy,normal,normal_3.mat,100,3,normal,X100_DE_time,1725,1370,216064,218112
train,healthy,normal,normal_3.mat,100,3,normal,X100_DE_time,1725,1371,217088,219136
train,healthy,normal,normal_3.mat,100,3,normal,X100_DE_time,1725,1372,218112,220160
train,healthy,normal,normal_3.mat,100,3,normal,X100_DE_time,1725,1373,219136,221184
train,healthy,normal,normal_3.mat,100,3,normal,X100_DE_time,1725,1374,220160,222208
train,healthy,normal,normal_3.mat,100,3,normal,X100_DE_time,1725,1375,221184,223232
train,healthy,normal,normal_3.mat,100,3,normal,X100_DE_time,1725,1376,222208,224256
train,healthy,normal,normal_3.mat,100,3,normal,X100_DE_time,1725,1377,223232,225280
train,healthy,normal,normal_3.mat,100,3,normal,X100_DE_time,1725,1378,224256,226304
train,healthy,normal,normal_3.mat,100,3,normal,X100_DE_time,1725,1379,225280,227328
train,healthy,normal,normal_3.mat,100,3,normal,X100_DE_time,1725,1380,226304,228352
train,healthy,normal,normal_3.mat,100,3,normal,X100_DE_time,1725,1381,227328,229376
train,healthy,normal,normal_3.mat,100,3,normal,X100_DE_time,1725,1382,228352,230400
train,healthy,normal,normal_3.mat,100,3,normal,X100_DE_time,1725,1383,229376,231424
train,healthy,normal,normal_3.mat,100,3,normal,X100_DE_time,1725,1384,230400,232448
train,healthy,normal,normal_3.mat,100,3,normal,X100_DE_time,1725,1385,231424,233472
train,healthy,normal,normal_3.mat,100,3,normal,X100_DE_time,1725,1386,232448,234496
train,healthy,normal,normal_3.mat,100,3,normal,X100_DE_time,1725,1387,233472,235520
train,healthy,normal,normal_3.mat,100,3,normal,X100_DE_time,1725,1388,234496,236544
train,healthy,normal,normal_3.mat,100,3,normal,X100_DE_time,1725,1389,235520,237568
train,healthy,normal,normal_3.mat,100,3,normal,X100_DE_time,1725,1390,236544,238592
train,healthy,normal,normal_3.mat,100,3,normal,X100_DE_time,1725,1391,237568,239616
train,healthy,normal,normal_3.mat,100,3,normal,X100_DE_time,1725,1392,238592,240640
train,healthy,normal,normal_3.mat,100,3,normal,X100_DE_time,1725,1393,239616,241664
train,healthy,normal,normal_3.mat,100,3,normal,X100_DE_time,1725,1394,240640,242688
train,healthy,normal,normal_3.mat,100,3,normal,X100_DE_time,1725,1395,241664,243712
train,healthy,normal,normal_3.mat,100,3,normal,X100_DE_time,1725,1396,242688,244736
train,healthy,normal,normal_3.mat,100,3,normal,X100_DE_time,1725,1397,243712,245760
train,healthy,normal,normal_3.mat,100,3,normal,X100_DE_time,1725,1398,244736,246784
train,healthy,normal,normal_3.mat,100,3,normal,X100_DE_time,1725,1399,245760,247808
train,healthy,normal,normal_3.mat,100,3,normal,X100_DE_time,1725,1400,246784,248832
train,healthy,normal,normal_3.mat,100,3,normal,X100_DE_time,1725,1401,247808,249856
train,healthy,normal,normal_3.mat,100,3,normal,X100_DE_time,1725,1402,248832,250880
train,healthy,normal,normal_3.mat,100,3,normal,X100_DE_time,1725,1403,249856,251904
train,healthy,normal,normal_3.mat,100,3,normal,X100_DE_time,1725,1404,250880,252928
train,healthy,normal,normal_3.mat,100,3,normal,X100_DE_time,1725,1405,251904,253952
train,healthy,normal,normal_3.mat,100,3,normal,X100_DE_time,1725,1406,252928,254976
train,healthy,normal,normal_3.mat,100,3,normal,X100_DE_time,1725,1407,253952,256000
train,healthy,normal,normal_3.mat,100,3,normal,X100_DE_time,1725,1408,254976,257024
train,healthy,normal,normal_3.mat,100,3,normal,X100_DE_time,1725,1409,256000,258048
train,healthy,normal,normal_3.mat,100,3,normal,X100_DE_time,1725,1410,257024,259072
train,healthy,normal,normal_3.mat,100,3,normal,X100_DE_time,1725,1411,258048,260096
train,healthy,normal,normal_3.mat,100,3,normal,X100_DE_time,1725,1412,259072,261120
train,healthy,normal,normal_3.mat,100,3,normal,X100_DE_time,1725,1413,260096,262144
train,healthy,normal,normal_3.mat,100,3,normal,X100_DE_time,1725,1414,261120,263168
train,healthy,normal,normal_3.mat,100,3,normal,X100_DE_time,1725,1415,262144,264192
train,healthy,normal,normal_3.mat,100,3,normal,X100_DE_time,1725,1416,263168,265216
train,healthy,normal,normal_3.mat,100,3,normal,X100_DE_time,1725,1417,264192,266240
train,healthy,normal,normal_3.mat,100,3,normal,X100_DE_time,1725,1418,265216,267264
train,healthy,normal,normal_3.mat,100,3,normal,X100_DE_time,1725,1419,266240,268288
train,healthy,normal,normal_3.mat,100,3,normal,X100_DE_time,1725,1420,267264,269312
train,healthy,normal,normal_3.mat,100,3,normal,X100_DE_time,1725,1421,268288,270336
train,healthy,normal,normal_3.mat,100,3,normal,X100_DE_time,1725,1422,269312,271360
train,healthy,normal,normal_3.mat,100,3,normal,X100_DE_time,1725,1423,270336,272384
train,healthy,normal,normal_3.mat,100,3,normal,X100_DE_time,1725,1424,271360,273408
train,healthy,normal,normal_3.mat,100,3,normal,X100_DE_time,1725,1425,272384,274432
train,healthy,normal,normal_3.mat,100,3,normal,X100_DE_time,1725,1426,273408,275456
train,healthy,normal,normal_3.mat,100,3,normal,X100_DE_time,1725,1427,274432,276480
train,healthy,normal,normal_3.mat,100,3,normal,X100_DE_time,1725,1428,275456,277504
train,healthy,normal,normal_3.mat,100,3,normal,X100_DE_time,1725,1429,276480,278528
train,healthy,normal,normal_3.mat,100,3,normal,X100_DE_time,1725,1430,277504,279552
train,healthy,normal,normal_3.mat,100,3,normal,X100_DE_time,1725,1431,278528,280576
train,healthy,normal,normal_3.mat,100,3,normal,X100_DE_time,1725,1432,279552,281600
train,healthy,normal,normal_3.mat,100,3,normal,X100_DE_time,1725,1433,280576,282624
train,healthy,normal,normal_3.mat,100,3,normal,X100_DE_time,1725,1434,281600,283648
train,healthy,normal,normal_3.mat,100,3,normal,X100_DE_time,1725,1435,282624,284672
train,healthy,normal,normal_3.mat,100,3,normal,X100_DE_time,1725,1436,283648,285696
train,healthy,normal,normal_3.mat,100,3,normal,X100_DE_time,1725,1437,284672,286720
train,healthy,normal,normal_3.mat,100,3,normal,X100_DE_time,1725,1438,285696,287744
train,healthy,normal,normal_3.mat,100,3,normal,X100_DE_time,1725,1439,286720,288768
train,healthy,normal,normal_3.mat,100,3,normal,X100_DE_time,1725,1440,287744,289792
train,healthy,normal,normal_3.mat,100,3,normal,X100_DE_time,1725,1441,288768,290816
train,healthy,normal,normal_3.mat,100,3,normal,X100_DE_time,1725,1442,289792,291840
train,healthy,normal,normal_3.mat,100,3,normal,X100_DE_time,1725,1443,290816,292864
train,healthy,normal,normal_3.mat,100,3,normal,X100_DE_time,1725,1444,291840,293888
train,healthy,normal,normal_3.mat,100,3,normal,X100_DE_time,1725,1445,292864,294912
train,healthy,normal,normal_3.mat,100,3,normal,X100_DE_time,1725,1446,293888,295936
train,healthy,normal,normal_3.mat,100,3,normal,X100_DE_time,1725,1447,294912,296960
train,healthy,normal,normal_3.mat,100,3,normal,X100_DE_time,1725,1448,295936,297984
train,healthy,normal,normal_3.mat,100,3,normal,X100_DE_time,1725,1449,296960,299008
train,healthy,normal,normal_3.mat,100,3,normal,X100_DE_time,1725,1450,297984,300032
train,healthy,normal,normal_3.mat,100,3,normal,X100_DE_time,1725,1451,299008,301056
train,healthy,normal,normal_3.mat,100,3,normal,X100_DE_time,1725,1452,300032,302080
train,healthy,normal,normal_3.mat,100,3,normal,X100_DE_time,1725,1453,301056,303104
train,healthy,normal,normal_3.mat,100,3,normal,X100_DE_time,1725,1454,302080,304128
train,healthy,normal,normal_3.mat,100,3,normal,X100_DE_time,1725,1455,303104,305152
train,healthy,normal,normal_3.mat,100,3,normal,X100_DE_time,1725,1456,304128,306176
train,healthy,normal,normal_3.mat,100,3,normal,X100_DE_time,1725,1457,305152,307200
train,healthy,normal,normal_3.mat,100,3,normal,X100_DE_time,1725,1458,306176,308224
train,healthy,normal,normal_3.mat,100,3,normal,X100_DE_time,1725,1459,307200,309248
train,healthy,normal,normal_3.mat,100,3,normal,X100_DE_time,1725,1460,308224,310272
train,healthy,normal,normal_3.mat,100,3,normal,X100_DE_time,1725,1461,309248,311296
train,healthy,normal,normal_3.mat,100,3,normal,X100_DE_time,1725,1462,310272,312320
train,healthy,normal,normal_3.mat,100,3,normal,X100_DE_time,1725,1463,311296,313344
train,healthy,normal,normal_3.mat,100,3,normal,X100_DE_time,1725,1464,312320,314368
train,healthy,normal,normal_3.mat,100,3,normal,X100_DE_time,1725,1465,313344,315392
train,healthy,normal,normal_3.mat,100,3,normal,X100_DE_time,1725,1466,314368,316416
train,healthy,normal,normal_3.mat,100,3,normal,X100_DE_time,1725,1467,315392,317440
train,healthy,normal,normal_3.mat,100,3,normal,X100_DE_time,1725,1468,316416,318464
train,healthy,normal,normal_3.mat,100,3,normal,X100_DE_time,1725,1469,317440,319488
train,healthy,normal,normal_3.mat,100,3,normal,X100_DE_time,1725,1470,318464,320512
train,healthy,normal,normal_3.mat,100,3,normal,X100_DE_time,1725,1471,319488,321536
train,healthy,normal,normal_3.mat,100,3,normal,X100_DE_time,1725,1472,320512,322560
train,healthy,normal,normal_3.mat,100,3,normal,X100_DE_time,1725,1473,321536,323584
train,healthy,normal,normal_3.mat,100,3,normal,X100_DE_time,1725,1474,322560,324608
train,healthy,normal,normal_3.mat,100,3,normal,X100_DE_time,1725,1475,323584,325632
train,healthy,normal,normal_3.mat,100,3,normal,X100_DE_time,1725,1476,324608,326656
train,healthy,normal,normal_3.mat,100,3,normal,X100_DE_time,1725,1477,325632,327680
train,healthy,normal,normal_3.mat,100,3,normal,X100_DE_time,1725,1478,326656,328704
train,healthy,normal,normal_3.mat,100,3,normal,X100_DE_time,1725,1479,327680,329728
train,healthy,normal,normal_3.mat,100,3,normal,X100_DE_time,1725,1480,328704,330752
train,healthy,normal,normal_3.mat,100,3,normal,X100_DE_time,1725,1481,329728,331776
train,healthy,normal,normal_3.mat,100,3,normal,X100_DE_time,1725,1482,330752,332800
train,healthy,normal,normal_3.mat,100,3,normal,X100_DE_time,1725,1483,331776,333824
train,healthy,normal,normal_3.mat,100,3,normal,X100_DE_time,1725,1484,332800,334848
train,healthy,normal,normal_3.mat,100,3,normal,X100_DE_time,1725,1485,333824,335872
train,healthy,normal,normal_3.mat,100,3,normal,X100_DE_time,1725,1486,334848,336896
val,healthy,normal,normal_3.mat,100,3,normal,X100_DE_time,1725,1487,339130,341178
val,healthy,normal,normal_3.mat,100,3,normal,X100_DE_time,1725,1488,340154,342202
val,healthy,normal,normal_3.mat,100,3,normal,X100_DE_time,1725,1489,341178,343226
val,healthy,normal,normal_3.mat,100,3,normal,X100_DE_time,1725,1490,342202,344250
val,healthy,normal,normal_3.mat,100,3,normal,X100_DE_time,1725,1491,343226,345274
val,healthy,normal,normal_3.mat,100,3,normal,X100_DE_time,1725,1492,344250,346298
val,healthy,normal,normal_3.mat,100,3,normal,X100_DE_time,1725,1493,345274,347322
val,healthy,normal,normal_3.mat,100,3,normal,X100_DE_time,1725,1494,346298,348346
val,healthy,normal,normal_3.mat,100,3,normal,X100_DE_time,1725,1495,347322,349370
val,healthy,normal,normal_3.mat,100,3,normal,X100_DE_time,1725,1496,348346,350394
val,healthy,normal,normal_3.mat,100,3,normal,X100_DE_time,1725,1497,349370,351418
val,healthy,normal,normal_3.mat,100,3,normal,X100_DE_time,1725,1498,350394,352442
val,healthy,normal,normal_3.mat,100,3,normal,X100_DE_time,1725,1499,351418,353466
val,healthy,normal,normal_3.mat,100,3,normal,X100_DE_time,1725,1500,352442,354490
val,healthy,normal,normal_3.mat,100,3,normal,X100_DE_time,1725,1501,353466,355514
val,healthy,normal,normal_3.mat,100,3,normal,X100_DE_time,1725,1502,354490,356538
val,healthy,normal,normal_3.mat,100,3,normal,X100_DE_time,1725,1503,355514,357562
val,healthy,normal,normal_3.mat,100,3,normal,X100_DE_time,1725,1504,356538,358586
val,healthy,normal,normal_3.mat,100,3,normal,X100_DE_time,1725,1505,357562,359610
val,healthy,normal,normal_3.mat,100,3,normal,X100_DE_time,1725,1506,358586,360634
val,healthy,normal,normal_3.mat,100,3,normal,X100_DE_time,1725,1507,359610,361658
val,healthy,normal,normal_3.mat,100,3,normal,X100_DE_time,1725,1508,360634,362682
val,healthy,normal,normal_3.mat,100,3,normal,X100_DE_time,1725,1509,361658,363706
val,healthy,normal,normal_3.mat,100,3,normal,X100_DE_time,1725,1510,362682,364730
val,healthy,normal,normal_3.mat,100,3,normal,X100_DE_time,1725,1511,363706,365754
val,healthy,normal,normal_3.mat,100,3,normal,X100_DE_time,1725,1512,364730,366778
val,healthy,normal,normal_3.mat,100,3,normal,X100_DE_time,1725,1513,365754,367802
val,healthy,normal,normal_3.mat,100,3,normal,X100_DE_time,1725,1514,366778,368826
val,healthy,normal,normal_3.mat,100,3,normal,X100_DE_time,1725,1515,367802,369850
val,healthy,normal,normal_3.mat,100,3,normal,X100_DE_time,1725,1516,368826,370874
val,healthy,normal,normal_3.mat,100,3,normal,X100_DE_time,1725,1517,369850,371898
val,healthy,normal,normal_3.mat,100,3,normal,X100_DE_time,1725,1518,370874,372922
val,healthy,normal,normal_3.mat,100,3,normal,X100_DE_time,1725,1519,371898,373946
val,healthy,normal,normal_3.mat,100,3,normal,X100_DE_time,1725,1520,372922,374970
val,healthy,normal,normal_3.mat,100,3,normal,X100_DE_time,1725,1521,373946,375994
val,healthy,normal,normal_3.mat,100,3,normal,X100_DE_time,1725,1522,374970,377018
val,healthy,normal,normal_3.mat,100,3,normal,X100_DE_time,1725,1523,375994,378042
val,healthy,normal,normal_3.mat,100,3,normal,X100_DE_time,1725,1524,377018,379066
val,healthy,normal,normal_3.mat,100,3,normal,X100_DE_time,1725,1525,378042,380090
val,healthy,normal,normal_3.mat,100,3,normal,X100_DE_time,1725,1526,379066,381114
val,healthy,normal,normal_3.mat,100,3,normal,X100_DE_time,1725,1527,380090,382138
val,healthy,normal,normal_3.mat,100,3,normal,X100_DE_time,1725,1528,381114,383162
val,healthy,normal,normal_3.mat,100,3,normal,X100_DE_time,1725,1529,382138,384186
val,healthy,normal,normal_3.mat,100,3,normal,X100_DE_time,1725,1530,383162,385210
val,healthy,normal,normal_3.mat,100,3,normal,X100_DE_time,1725,1531,384186,386234
val,healthy,normal,normal_3.mat,100,3,normal,X100_DE_time,1725,1532,385210,387258
val,healthy,normal,normal_3.mat,100,3,normal,X100_DE_time,1725,1533,386234,388282
val,healthy,normal,normal_3.mat,100,3,normal,X100_DE_time,1725,1534,387258,389306
val,healthy,normal,normal_3.mat,100,3,normal,X100_DE_time,1725,1535,388282,390330
val,healthy,normal,normal_3.mat,100,3,normal,X100_DE_time,1725,1536,389306,391354
val,healthy,normal,normal_3.mat,100,3,normal,X100_DE_time,1725,1537,390330,392378
val,healthy,normal,normal_3.mat,100,3,normal,X100_DE_time,1725,1538,391354,393402
val,healthy,normal,normal_3.mat,100,3,normal,X100_DE_time,1725,1539,392378,394426
val,healthy,normal,normal_3.mat,100,3,normal,X100_DE_time,1725,1540,393402,395450
val,healthy,normal,normal_3.mat,100,3,normal,X100_DE_time,1725,1541,394426,396474
val,healthy,normal,normal_3.mat,100,3,normal,X100_DE_time,1725,1542,395450,397498
val,healthy,normal,normal_3.mat,100,3,normal,X100_DE_time,1725,1543,396474,398522
val,healthy,normal,normal_3.mat,100,3,normal,X100_DE_time,1725,1544,397498,399546
val,healthy,normal,normal_3.mat,100,3,normal,X100_DE_time,1725,1545,398522,400570
val,healthy,normal,normal_3.mat,100,3,normal,X100_DE_time,1725,1546,399546,401594
val,healthy,normal,normal_3.mat,100,3,normal,X100_DE_time,1725,1547,400570,402618
val,healthy,normal,normal_3.mat,100,3,normal,X100_DE_time,1725,1548,401594,403642
val,healthy,normal,normal_3.mat,100,3,normal,X100_DE_time,1725,1549,402618,404666
val,healthy,normal,normal_3.mat,100,3,normal,X100_DE_time,1725,1550,403642,405690
val,healthy,normal,normal_3.mat,100,3,normal,X100_DE_time,1725,1551,404666,406714
val,healthy,normal,normal_3.mat,100,3,normal,X100_DE_time,1725,1552,405690,407738
val,healthy,normal,normal_3.mat,100,3,normal,X100_DE_time,1725,1553,406714,408762
val,healthy,normal,normal_3.mat,100,3,normal,X100_DE_time,1725,1554,407738,409786
val,healthy,normal,normal_3.mat,100,3,normal,X100_DE_time,1725,1555,408762,410810
test,healthy,normal,normal_3.mat,100,3,normal,X100_DE_time,1725,1556,413410,415458
test,healthy,normal,normal_3.mat,100,3,normal,X100_DE_time,1725,1557,414434,416482
test,healthy,normal,normal_3.mat,100,3,normal,X100_DE_time,1725,1558,415458,417506
test,healthy,normal,normal_3.mat,100,3,normal,X100_DE_time,1725,1559,416482,418530
test,healthy,normal,normal_3.mat,100,3,normal,X100_DE_time,1725,1560,417506,419554
test,healthy,normal,normal_3.mat,100,3,normal,X100_DE_time,1725,1561,418530,420578
test,healthy,normal,normal_3.mat,100,3,normal,X100_DE_time,1725,1562,419554,421602
test,healthy,normal,normal_3.mat,100,3,normal,X100_DE_time,1725,1563,420578,422626
test,healthy,normal,normal_3.mat,100,3,normal,X100_DE_time,1725,1564,421602,423650
test,healthy,normal,normal_3.mat,100,3,normal,X100_DE_time,1725,1565,422626,424674
test,healthy,normal,normal_3.mat,100,3,normal,X100_DE_time,1725,1566,423650,425698
test,healthy,normal,normal_3.mat,100,3,normal,X100_DE_time,1725,1567,424674,426722
test,healthy,normal,normal_3.mat,100,3,normal,X100_DE_time,1725,1568,425698,427746
test,healthy,normal,normal_3.mat,100,3,normal,X100_DE_time,1725,1569,426722,428770
test,healthy,normal,normal_3.mat,100,3,normal,X100_DE_time,1725,1570,427746,429794
test,healthy,normal,normal_3.mat,100,3,normal,X100_DE_time,1725,1571,428770,430818
test,healthy,normal,normal_3.mat,100,3,normal,X100_DE_time,1725,1572,429794,431842
test,healthy,normal,normal_3.mat,100,3,normal,X100_DE_time,1725,1573,430818,432866
test,healthy,normal,normal_3.mat,100,3,normal,X100_DE_time,1725,1574,431842,433890
test,healthy,normal,normal_3.mat,100,3,normal,X100_DE_time,1725,1575,432866,434914
test,healthy,normal,normal_3.mat,100,3,normal,X100_DE_time,1725,1576,433890,435938
test,healthy,normal,normal_3.mat,100,3,normal,X100_DE_time,1725,1577,434914,436962
test,healthy,normal,normal_3.mat,100,3,normal,X100_DE_time,1725,1578,435938,437986
test,healthy,normal,normal_3.mat,100,3,normal,X100_DE_time,1725,1579,436962,439010
test,healthy,normal,normal_3.mat,100,3,normal,X100_DE_time,1725,1580,437986,440034
test,healthy,normal,normal_3.mat,100,3,normal,X100_DE_time,1725,1581,439010,441058
test,healthy,normal,normal_3.mat,100,3,normal,X100_DE_time,1725,1582,440034,442082
test,healthy,normal,normal_3.mat,100,3,normal,X100_DE_time,1725,1583,441058,443106
test,healthy,normal,normal_3.mat,100,3,normal,X100_DE_time,1725,1584,442082,444130
test,healthy,normal,normal_3.mat,100,3,normal,X100_DE_time,1725,1585,443106,445154
test,healthy,normal,normal_3.mat,100,3,normal,X100_DE_time,1725,1586,444130,446178
test,healthy,normal,normal_3.mat,100,3,normal,X100_DE_time,1725,1587,445154,447202
test,healthy,normal,normal_3.mat,100,3,normal,X100_DE_time,1725,1588,446178,448226
test,healthy,normal,normal_3.mat,100,3,normal,X100_DE_time,1725,1589,447202,449250
test,healthy,normal,normal_3.mat,100,3,normal,X100_DE_time,1725,1590,448226,450274
test,healthy,normal,normal_3.mat,100,3,normal,X100_DE_time,1725,1591,449250,451298
test,healthy,normal,normal_3.mat,100,3,normal,X100_DE_time,1725,1592,450274,452322
test,healthy,normal,normal_3.mat,100,3,normal,X100_DE_time,1725,1593,451298,453346
test,healthy,normal,normal_3.mat,100,3,normal,X100_DE_time,1725,1594,452322,454370
test,healthy,normal,normal_3.mat,100,3,normal,X100_DE_time,1725,1595,453346,455394
test,healthy,normal,normal_3.mat,100,3,normal,X100_DE_time,1725,1596,454370,456418
test,healthy,normal,normal_3.mat,100,3,normal,X100_DE_time,1725,1597,455394,457442
test,healthy,normal,normal_3.mat,100,3,normal,X100_DE_time,1725,1598,456418,458466
test,healthy,normal,normal_3.mat,100,3,normal,X100_DE_time,1725,1599,457442,459490
test,healthy,normal,normal_3.mat,100,3,normal,X100_DE_time,1725,1600,458466,460514
test,healthy,normal,normal_3.mat,100,3,normal,X100_DE_time,1725,1601,459490,461538
test,healthy,normal,normal_3.mat,100,3,normal,X100_DE_time,1725,1602,460514,462562
test,healthy,normal,normal_3.mat,100,3,normal,X100_DE_time,1725,1603,461538,463586
test,healthy,normal,normal_3.mat,100,3,normal,X100_DE_time,1725,1604,462562,464610
test,healthy,normal,normal_3.mat,100,3,normal,X100_DE_time,1725,1605,463586,465634
test,healthy,normal,normal_3.mat,100,3,normal,X100_DE_time,1725,1606,464610,466658
test,healthy,normal,normal_3.mat,100,3,normal,X100_DE_time,1725,1607,465634,467682
test,healthy,normal,normal_3.mat,100,3,normal,X100_DE_time,1725,1608,466658,468706
test,healthy,normal,normal_3.mat,100,3,normal,X100_DE_time,1725,1609,467682,469730
test,healthy,normal,normal_3.mat,100,3,normal,X100_DE_time,1725,1610,468706,470754
test,healthy,normal,normal_3.mat,100,3,normal,X100_DE_time,1725,1611,469730,471778
test,healthy,normal,normal_3.mat,100,3,normal,X100_DE_time,1725,1612,470754,472802
test,healthy,normal,normal_3.mat,100,3,normal,X100_DE_time,1725,1613,471778,473826
test,healthy,normal,normal_3.mat,100,3,normal,X100_DE_time,1725,1614,472802,474850
test,healthy,normal,normal_3.mat,100,3,normal,X100_DE_time,1725,1615,473826,475874
test,healthy,normal,normal_3.mat,100,3,normal,X100_DE_time,1725,1616,474850,476898
test,healthy,normal,normal_3.mat,100,3,normal,X100_DE_time,1725,1617,475874,477922
test,healthy,normal,normal_3.mat,100,3,normal,X100_DE_time,1725,1618,476898,478946
test,healthy,normal,normal_3.mat,100,3,normal,X100_DE_time,1725,1619,477922,479970
test,healthy,normal,normal_3.mat,100,3,normal,X100_DE_time,1725,1620,478946,480994
test,healthy,normal,normal_3.mat,100,3,normal,X100_DE_time,1725,1621,479970,482018
test,healthy,normal,normal_3.mat,100,3,normal,X100_DE_time,1725,1622,480994,483042
test,healthy,normal,normal_3.mat,100,3,normal,X100_DE_time,1725,1623,482018,484066
test,healthy,normal,normal_3.mat,100,3,normal,X100_DE_time,1725,1624,483042,485090
test,fault,inner_race,ir007_0.mat,105,0,ir_007,X105_DE_time,1797,1625,0,2048
test,fault,inner_race,ir007_0.mat,105,0,ir_007,X105_DE_time,1797,1626,1024,3072
test,fault,inner_race,ir007_0.mat,105,0,ir_007,X105_DE_time,1797,1627,2048,4096
test,fault,inner_race,ir007_0.mat,105,0,ir_007,X105_DE_time,1797,1628,3072,5120
test,fault,inner_race,ir007_0.mat,105,0,ir_007,X105_DE_time,1797,1629,4096,6144
test,fault,inner_race,ir007_0.mat,105,0,ir_007,X105_DE_time,1797,1630,5120,7168
test,fault,inner_race,ir007_0.mat,105,0,ir_007,X105_DE_time,1797,1631,6144,8192
test,fault,inner_race,ir007_0.mat,105,0,ir_007,X105_DE_time,1797,1632,7168,9216
test,fault,inner_race,ir007_0.mat,105,0,ir_007,X105_DE_time,1797,1633,8192,10240
test,fault,inner_race,ir007_0.mat,105,0,ir_007,X105_DE_time,1797,1634,9216,11264
test,fault,inner_race,ir007_0.mat,105,0,ir_007,X105_DE_time,1797,1635,10240,12288
test,fault,inner_race,ir007_0.mat,105,0,ir_007,X105_DE_time,1797,1636,11264,13312
test,fault,inner_race,ir007_0.mat,105,0,ir_007,X105_DE_time,1797,1637,12288,14336
test,fault,inner_race,ir007_0.mat,105,0,ir_007,X105_DE_time,1797,1638,13312,15360
test,fault,inner_race,ir007_0.mat,105,0,ir_007,X105_DE_time,1797,1639,14336,16384
test,fault,inner_race,ir007_0.mat,105,0,ir_007,X105_DE_time,1797,1640,15360,17408
test,fault,inner_race,ir007_0.mat,105,0,ir_007,X105_DE_time,1797,1641,16384,18432
test,fault,inner_race,ir007_0.mat,105,0,ir_007,X105_DE_time,1797,1642,17408,19456
test,fault,inner_race,ir007_0.mat,105,0,ir_007,X105_DE_time,1797,1643,18432,20480
test,fault,inner_race,ir007_0.mat,105,0,ir_007,X105_DE_time,1797,1644,19456,21504
test,fault,inner_race,ir007_0.mat,105,0,ir_007,X105_DE_time,1797,1645,20480,22528
test,fault,inner_race,ir007_0.mat,105,0,ir_007,X105_DE_time,1797,1646,21504,23552
test,fault,inner_race,ir007_0.mat,105,0,ir_007,X105_DE_time,1797,1647,22528,24576
test,fault,inner_race,ir007_0.mat,105,0,ir_007,X105_DE_time,1797,1648,23552,25600
test,fault,inner_race,ir007_0.mat,105,0,ir_007,X105_DE_time,1797,1649,24576,26624
test,fault,inner_race,ir007_0.mat,105,0,ir_007,X105_DE_time,1797,1650,25600,27648
test,fault,inner_race,ir007_0.mat,105,0,ir_007,X105_DE_time,1797,1651,26624,28672
test,fault,inner_race,ir007_0.mat,105,0,ir_007,X105_DE_time,1797,1652,27648,29696
test,fault,inner_race,ir007_0.mat,105,0,ir_007,X105_DE_time,1797,1653,28672,30720
test,fault,inner_race,ir007_0.mat,105,0,ir_007,X105_DE_time,1797,1654,29696,31744
test,fault,inner_race,ir007_0.mat,105,0,ir_007,X105_DE_time,1797,1655,30720,32768
test,fault,inner_race,ir007_0.mat,105,0,ir_007,X105_DE_time,1797,1656,31744,33792
test,fault,inner_race,ir007_0.mat,105,0,ir_007,X105_DE_time,1797,1657,32768,34816
test,fault,inner_race,ir007_0.mat,105,0,ir_007,X105_DE_time,1797,1658,33792,35840
test,fault,inner_race,ir007_0.mat,105,0,ir_007,X105_DE_time,1797,1659,34816,36864
test,fault,inner_race,ir007_0.mat,105,0,ir_007,X105_DE_time,1797,1660,35840,37888
test,fault,inner_race,ir007_0.mat,105,0,ir_007,X105_DE_time,1797,1661,36864,38912
test,fault,inner_race,ir007_0.mat,105,0,ir_007,X105_DE_time,1797,1662,37888,39936
test,fault,inner_race,ir007_0.mat,105,0,ir_007,X105_DE_time,1797,1663,38912,40960
test,fault,inner_race,ir007_0.mat,105,0,ir_007,X105_DE_time,1797,1664,39936,41984
test,fault,inner_race,ir007_0.mat,105,0,ir_007,X105_DE_time,1797,1665,40960,43008
test,fault,inner_race,ir007_0.mat,105,0,ir_007,X105_DE_time,1797,1666,41984,44032
test,fault,inner_race,ir007_0.mat,105,0,ir_007,X105_DE_time,1797,1667,43008,45056
test,fault,inner_race,ir007_0.mat,105,0,ir_007,X105_DE_time,1797,1668,44032,46080
test,fault,inner_race,ir007_0.mat,105,0,ir_007,X105_DE_time,1797,1669,45056,47104
test,fault,inner_race,ir007_0.mat,105,0,ir_007,X105_DE_time,1797,1670,46080,48128
test,fault,inner_race,ir007_0.mat,105,0,ir_007,X105_DE_time,1797,1671,47104,49152
test,fault,inner_race,ir007_0.mat,105,0,ir_007,X105_DE_time,1797,1672,48128,50176
test,fault,inner_race,ir007_0.mat,105,0,ir_007,X105_DE_time,1797,1673,49152,51200
test,fault,inner_race,ir007_0.mat,105,0,ir_007,X105_DE_time,1797,1674,50176,52224
test,fault,inner_race,ir007_0.mat,105,0,ir_007,X105_DE_time,1797,1675,51200,53248
test,fault,inner_race,ir007_0.mat,105,0,ir_007,X105_DE_time,1797,1676,52224,54272
test,fault,inner_race,ir007_0.mat,105,0,ir_007,X105_DE_time,1797,1677,53248,55296
test,fault,inner_race,ir007_0.mat,105,0,ir_007,X105_DE_time,1797,1678,54272,56320
test,fault,inner_race,ir007_0.mat,105,0,ir_007,X105_DE_time,1797,1679,55296,57344
test,fault,inner_race,ir007_0.mat,105,0,ir_007,X105_DE_time,1797,1680,56320,58368
test,fault,inner_race,ir007_0.mat,105,0,ir_007,X105_DE_time,1797,1681,57344,59392
test,fault,inner_race,ir007_0.mat,105,0,ir_007,X105_DE_time,1797,1682,58368,60416
test,fault,inner_race,ir007_0.mat,105,0,ir_007,X105_DE_time,1797,1683,59392,61440
test,fault,inner_race,ir007_0.mat,105,0,ir_007,X105_DE_time,1797,1684,60416,62464
test,fault,inner_race,ir007_0.mat,105,0,ir_007,X105_DE_time,1797,1685,61440,63488
test,fault,inner_race,ir007_0.mat,105,0,ir_007,X105_DE_time,1797,1686,62464,64512
test,fault,inner_race,ir007_0.mat,105,0,ir_007,X105_DE_time,1797,1687,63488,65536
test,fault,inner_race,ir007_0.mat,105,0,ir_007,X105_DE_time,1797,1688,64512,66560
test,fault,inner_race,ir007_0.mat,105,0,ir_007,X105_DE_time,1797,1689,65536,67584
test,fault,inner_race,ir007_0.mat,105,0,ir_007,X105_DE_time,1797,1690,66560,68608
test,fault,inner_race,ir007_0.mat,105,0,ir_007,X105_DE_time,1797,1691,67584,69632
test,fault,inner_race,ir007_0.mat,105,0,ir_007,X105_DE_time,1797,1692,68608,70656
test,fault,inner_race,ir007_0.mat,105,0,ir_007,X105_DE_time,1797,1693,69632,71680
test,fault,inner_race,ir007_0.mat,105,0,ir_007,X105_DE_time,1797,1694,70656,72704
test,fault,inner_race,ir007_0.mat,105,0,ir_007,X105_DE_time,1797,1695,71680,73728
test,fault,inner_race,ir007_0.mat,105,0,ir_007,X105_DE_time,1797,1696,72704,74752
test,fault,inner_race,ir007_0.mat,105,0,ir_007,X105_DE_time,1797,1697,73728,75776
test,fault,inner_race,ir007_0.mat,105,0,ir_007,X105_DE_time,1797,1698,74752,76800
test,fault,inner_race,ir007_0.mat,105,0,ir_007,X105_DE_time,1797,1699,75776,77824
test,fault,inner_race,ir007_0.mat,105,0,ir_007,X105_DE_time,1797,1700,76800,78848
test,fault,inner_race,ir007_0.mat,105,0,ir_007,X105_DE_time,1797,1701,77824,79872
test,fault,inner_race,ir007_0.mat,105,0,ir_007,X105_DE_time,1797,1702,78848,80896
test,fault,inner_race,ir007_0.mat,105,0,ir_007,X105_DE_time,1797,1703,79872,81920
test,fault,inner_race,ir007_0.mat,105,0,ir_007,X105_DE_time,1797,1704,80896,82944
test,fault,inner_race,ir007_0.mat,105,0,ir_007,X105_DE_time,1797,1705,81920,83968
test,fault,inner_race,ir007_0.mat,105,0,ir_007,X105_DE_time,1797,1706,82944,84992
test,fault,inner_race,ir007_0.mat,105,0,ir_007,X105_DE_time,1797,1707,83968,86016
test,fault,inner_race,ir007_0.mat,105,0,ir_007,X105_DE_time,1797,1708,84992,87040
test,fault,inner_race,ir007_0.mat,105,0,ir_007,X105_DE_time,1797,1709,86016,88064
test,fault,inner_race,ir007_0.mat,105,0,ir_007,X105_DE_time,1797,1710,87040,89088
test,fault,inner_race,ir007_0.mat,105,0,ir_007,X105_DE_time,1797,1711,88064,90112
test,fault,inner_race,ir007_0.mat,105,0,ir_007,X105_DE_time,1797,1712,89088,91136
test,fault,inner_race,ir007_0.mat,105,0,ir_007,X105_DE_time,1797,1713,90112,92160
test,fault,inner_race,ir007_0.mat,105,0,ir_007,X105_DE_time,1797,1714,91136,93184
test,fault,inner_race,ir007_0.mat,105,0,ir_007,X105_DE_time,1797,1715,92160,94208
test,fault,inner_race,ir007_0.mat,105,0,ir_007,X105_DE_time,1797,1716,93184,95232
test,fault,inner_race,ir007_0.mat,105,0,ir_007,X105_DE_time,1797,1717,94208,96256
test,fault,inner_race,ir007_0.mat,105,0,ir_007,X105_DE_time,1797,1718,95232,97280
test,fault,inner_race,ir007_0.mat,105,0,ir_007,X105_DE_time,1797,1719,96256,98304
test,fault,inner_race,ir007_0.mat,105,0,ir_007,X105_DE_time,1797,1720,97280,99328
test,fault,inner_race,ir007_0.mat,105,0,ir_007,X105_DE_time,1797,1721,98304,100352
test,fault,inner_race,ir007_0.mat,105,0,ir_007,X105_DE_time,1797,1722,99328,101376
test,fault,inner_race,ir007_0.mat,105,0,ir_007,X105_DE_time,1797,1723,100352,102400
test,fault,inner_race,ir007_0.mat,105,0,ir_007,X105_DE_time,1797,1724,101376,103424
test,fault,inner_race,ir007_0.mat,105,0,ir_007,X105_DE_time,1797,1725,102400,104448
test,fault,inner_race,ir007_0.mat,105,0,ir_007,X105_DE_time,1797,1726,103424,105472
test,fault,inner_race,ir007_0.mat,105,0,ir_007,X105_DE_time,1797,1727,104448,106496
test,fault,inner_race,ir007_0.mat,105,0,ir_007,X105_DE_time,1797,1728,105472,107520
test,fault,inner_race,ir007_0.mat,105,0,ir_007,X105_DE_time,1797,1729,106496,108544
test,fault,inner_race,ir007_0.mat,105,0,ir_007,X105_DE_time,1797,1730,107520,109568
test,fault,inner_race,ir007_0.mat,105,0,ir_007,X105_DE_time,1797,1731,108544,110592
test,fault,inner_race,ir007_0.mat,105,0,ir_007,X105_DE_time,1797,1732,109568,111616
test,fault,inner_race,ir007_0.mat,105,0,ir_007,X105_DE_time,1797,1733,110592,112640
test,fault,inner_race,ir007_0.mat,105,0,ir_007,X105_DE_time,1797,1734,111616,113664
test,fault,inner_race,ir007_0.mat,105,0,ir_007,X105_DE_time,1797,1735,112640,114688
test,fault,inner_race,ir007_0.mat,105,0,ir_007,X105_DE_time,1797,1736,113664,115712
test,fault,inner_race,ir007_0.mat,105,0,ir_007,X105_DE_time,1797,1737,114688,116736
test,fault,inner_race,ir007_0.mat,105,0,ir_007,X105_DE_time,1797,1738,115712,117760
test,fault,inner_race,ir007_0.mat,105,0,ir_007,X105_DE_time,1797,1739,116736,118784
test,fault,inner_race,ir007_0.mat,105,0,ir_007,X105_DE_time,1797,1740,117760,119808
test,fault,inner_race,ir007_0.mat,105,0,ir_007,X105_DE_time,1797,1741,118784,120832
test,fault,inner_race,ir007_1.mat,106,1,ir_007,X106_DE_time,1772,1742,0,2048
test,fault,inner_race,ir007_1.mat,106,1,ir_007,X106_DE_time,1772,1743,1024,3072
test,fault,inner_race,ir007_1.mat,106,1,ir_007,X106_DE_time,1772,1744,2048,4096
test,fault,inner_race,ir007_1.mat,106,1,ir_007,X106_DE_time,1772,1745,3072,5120
test,fault,inner_race,ir007_1.mat,106,1,ir_007,X106_DE_time,1772,1746,4096,6144
test,fault,inner_race,ir007_1.mat,106,1,ir_007,X106_DE_time,1772,1747,5120,7168
test,fault,inner_race,ir007_1.mat,106,1,ir_007,X106_DE_time,1772,1748,6144,8192
test,fault,inner_race,ir007_1.mat,106,1,ir_007,X106_DE_time,1772,1749,7168,9216
test,fault,inner_race,ir007_1.mat,106,1,ir_007,X106_DE_time,1772,1750,8192,10240
test,fault,inner_race,ir007_1.mat,106,1,ir_007,X106_DE_time,1772,1751,9216,11264
test,fault,inner_race,ir007_1.mat,106,1,ir_007,X106_DE_time,1772,1752,10240,12288
test,fault,inner_race,ir007_1.mat,106,1,ir_007,X106_DE_time,1772,1753,11264,13312
test,fault,inner_race,ir007_1.mat,106,1,ir_007,X106_DE_time,1772,1754,12288,14336
test,fault,inner_race,ir007_1.mat,106,1,ir_007,X106_DE_time,1772,1755,13312,15360
test,fault,inner_race,ir007_1.mat,106,1,ir_007,X106_DE_time,1772,1756,14336,16384
test,fault,inner_race,ir007_1.mat,106,1,ir_007,X106_DE_time,1772,1757,15360,17408
test,fault,inner_race,ir007_1.mat,106,1,ir_007,X106_DE_time,1772,1758,16384,18432
test,fault,inner_race,ir007_1.mat,106,1,ir_007,X106_DE_time,1772,1759,17408,19456
test,fault,inner_race,ir007_1.mat,106,1,ir_007,X106_DE_time,1772,1760,18432,20480
test,fault,inner_race,ir007_1.mat,106,1,ir_007,X106_DE_time,1772,1761,19456,21504
test,fault,inner_race,ir007_1.mat,106,1,ir_007,X106_DE_time,1772,1762,20480,22528
test,fault,inner_race,ir007_1.mat,106,1,ir_007,X106_DE_time,1772,1763,21504,23552
test,fault,inner_race,ir007_1.mat,106,1,ir_007,X106_DE_time,1772,1764,22528,24576
test,fault,inner_race,ir007_1.mat,106,1,ir_007,X106_DE_time,1772,1765,23552,25600
test,fault,inner_race,ir007_1.mat,106,1,ir_007,X106_DE_time,1772,1766,24576,26624
test,fault,inner_race,ir007_1.mat,106,1,ir_007,X106_DE_time,1772,1767,25600,27648
test,fault,inner_race,ir007_1.mat,106,1,ir_007,X106_DE_time,1772,1768,26624,28672
test,fault,inner_race,ir007_1.mat,106,1,ir_007,X106_DE_time,1772,1769,27648,29696
test,fault,inner_race,ir007_1.mat,106,1,ir_007,X106_DE_time,1772,1770,28672,30720
test,fault,inner_race,ir007_1.mat,106,1,ir_007,X106_DE_time,1772,1771,29696,31744
test,fault,inner_race,ir007_1.mat,106,1,ir_007,X106_DE_time,1772,1772,30720,32768
test,fault,inner_race,ir007_1.mat,106,1,ir_007,X106_DE_time,1772,1773,31744,33792
test,fault,inner_race,ir007_1.mat,106,1,ir_007,X106_DE_time,1772,1774,32768,34816
test,fault,inner_race,ir007_1.mat,106,1,ir_007,X106_DE_time,1772,1775,33792,35840
test,fault,inner_race,ir007_1.mat,106,1,ir_007,X106_DE_time,1772,1776,34816,36864
test,fault,inner_race,ir007_1.mat,106,1,ir_007,X106_DE_time,1772,1777,35840,37888
test,fault,inner_race,ir007_1.mat,106,1,ir_007,X106_DE_time,1772,1778,36864,38912
test,fault,inner_race,ir007_1.mat,106,1,ir_007,X106_DE_time,1772,1779,37888,39936
test,fault,inner_race,ir007_1.mat,106,1,ir_007,X106_DE_time,1772,1780,38912,40960
test,fault,inner_race,ir007_1.mat,106,1,ir_007,X106_DE_time,1772,1781,39936,41984
test,fault,inner_race,ir007_1.mat,106,1,ir_007,X106_DE_time,1772,1782,40960,43008
test,fault,inner_race,ir007_1.mat,106,1,ir_007,X106_DE_time,1772,1783,41984,44032
test,fault,inner_race,ir007_1.mat,106,1,ir_007,X106_DE_time,1772,1784,43008,45056
test,fault,inner_race,ir007_1.mat,106,1,ir_007,X106_DE_time,1772,1785,44032,46080
test,fault,inner_race,ir007_1.mat,106,1,ir_007,X106_DE_time,1772,1786,45056,47104
test,fault,inner_race,ir007_1.mat,106,1,ir_007,X106_DE_time,1772,1787,46080,48128
test,fault,inner_race,ir007_1.mat,106,1,ir_007,X106_DE_time,1772,1788,47104,49152
test,fault,inner_race,ir007_1.mat,106,1,ir_007,X106_DE_time,1772,1789,48128,50176
test,fault,inner_race,ir007_1.mat,106,1,ir_007,X106_DE_time,1772,1790,49152,51200
test,fault,inner_race,ir007_1.mat,106,1,ir_007,X106_DE_time,1772,1791,50176,52224
test,fault,inner_race,ir007_1.mat,106,1,ir_007,X106_DE_time,1772,1792,51200,53248
test,fault,inner_race,ir007_1.mat,106,1,ir_007,X106_DE_time,1772,1793,52224,54272
test,fault,inner_race,ir007_1.mat,106,1,ir_007,X106_DE_time,1772,1794,53248,55296
test,fault,inner_race,ir007_1.mat,106,1,ir_007,X106_DE_time,1772,1795,54272,56320
test,fault,inner_race,ir007_1.mat,106,1,ir_007,X106_DE_time,1772,1796,55296,57344
test,fault,inner_race,ir007_1.mat,106,1,ir_007,X106_DE_time,1772,1797,56320,58368
test,fault,inner_race,ir007_1.mat,106,1,ir_007,X106_DE_time,1772,1798,57344,59392
test,fault,inner_race,ir007_1.mat,106,1,ir_007,X106_DE_time,1772,1799,58368,60416
test,fault,inner_race,ir007_1.mat,106,1,ir_007,X106_DE_time,1772,1800,59392,61440
test,fault,inner_race,ir007_1.mat,106,1,ir_007,X106_DE_time,1772,1801,60416,62464
test,fault,inner_race,ir007_1.mat,106,1,ir_007,X106_DE_time,1772,1802,61440,63488
test,fault,inner_race,ir007_1.mat,106,1,ir_007,X106_DE_time,1772,1803,62464,64512
test,fault,inner_race,ir007_1.mat,106,1,ir_007,X106_DE_time,1772,1804,63488,65536
test,fault,inner_race,ir007_1.mat,106,1,ir_007,X106_DE_time,1772,1805,64512,66560
test,fault,inner_race,ir007_1.mat,106,1,ir_007,X106_DE_time,1772,1806,65536,67584
test,fault,inner_race,ir007_1.mat,106,1,ir_007,X106_DE_time,1772,1807,66560,68608
test,fault,inner_race,ir007_1.mat,106,1,ir_007,X106_DE_time,1772,1808,67584,69632
test,fault,inner_race,ir007_1.mat,106,1,ir_007,X106_DE_time,1772,1809,68608,70656
test,fault,inner_race,ir007_1.mat,106,1,ir_007,X106_DE_time,1772,1810,69632,71680
test,fault,inner_race,ir007_1.mat,106,1,ir_007,X106_DE_time,1772,1811,70656,72704
test,fault,inner_race,ir007_1.mat,106,1,ir_007,X106_DE_time,1772,1812,71680,73728
test,fault,inner_race,ir007_1.mat,106,1,ir_007,X106_DE_time,1772,1813,72704,74752
test,fault,inner_race,ir007_1.mat,106,1,ir_007,X106_DE_time,1772,1814,73728,75776
test,fault,inner_race,ir007_1.mat,106,1,ir_007,X106_DE_time,1772,1815,74752,76800
test,fault,inner_race,ir007_1.mat,106,1,ir_007,X106_DE_time,1772,1816,75776,77824
test,fault,inner_race,ir007_1.mat,106,1,ir_007,X106_DE_time,1772,1817,76800,78848
test,fault,inner_race,ir007_1.mat,106,1,ir_007,X106_DE_time,1772,1818,77824,79872
test,fault,inner_race,ir007_1.mat,106,1,ir_007,X106_DE_time,1772,1819,78848,80896
test,fault,inner_race,ir007_1.mat,106,1,ir_007,X106_DE_time,1772,1820,79872,81920
test,fault,inner_race,ir007_1.mat,106,1,ir_007,X106_DE_time,1772,1821,80896,82944
test,fault,inner_race,ir007_1.mat,106,1,ir_007,X106_DE_time,1772,1822,81920,83968
test,fault,inner_race,ir007_1.mat,106,1,ir_007,X106_DE_time,1772,1823,82944,84992
test,fault,inner_race,ir007_1.mat,106,1,ir_007,X106_DE_time,1772,1824,83968,86016
test,fault,inner_race,ir007_1.mat,106,1,ir_007,X106_DE_time,1772,1825,84992,87040
test,fault,inner_race,ir007_1.mat,106,1,ir_007,X106_DE_time,1772,1826,86016,88064
test,fault,inner_race,ir007_1.mat,106,1,ir_007,X106_DE_time,1772,1827,87040,89088
test,fault,inner_race,ir007_1.mat,106,1,ir_007,X106_DE_time,1772,1828,88064,90112
test,fault,inner_race,ir007_1.mat,106,1,ir_007,X106_DE_time,1772,1829,89088,91136
test,fault,inner_race,ir007_1.mat,106,1,ir_007,X106_DE_time,1772,1830,90112,92160
test,fault,inner_race,ir007_1.mat,106,1,ir_007,X106_DE_time,1772,1831,91136,93184
test,fault,inner_race,ir007_1.mat,106,1,ir_007,X106_DE_time,1772,1832,92160,94208
test,fault,inner_race,ir007_1.mat,106,1,ir_007,X106_DE_time,1772,1833,93184,95232
test,fault,inner_race,ir007_1.mat,106,1,ir_007,X106_DE_time,1772,1834,94208,96256
test,fault,inner_race,ir007_1.mat,106,1,ir_007,X106_DE_time,1772,1835,95232,97280
test,fault,inner_race,ir007_1.mat,106,1,ir_007,X106_DE_time,1772,1836,96256,98304
test,fault,inner_race,ir007_1.mat,106,1,ir_007,X106_DE_time,1772,1837,97280,99328
test,fault,inner_race,ir007_1.mat,106,1,ir_007,X106_DE_time,1772,1838,98304,100352
test,fault,inner_race,ir007_1.mat,106,1,ir_007,X106_DE_time,1772,1839,99328,101376
test,fault,inner_race,ir007_1.mat,106,1,ir_007,X106_DE_time,1772,1840,100352,102400
test,fault,inner_race,ir007_1.mat,106,1,ir_007,X106_DE_time,1772,1841,101376,103424
test,fault,inner_race,ir007_1.mat,106,1,ir_007,X106_DE_time,1772,1842,102400,104448
test,fault,inner_race,ir007_1.mat,106,1,ir_007,X106_DE_time,1772,1843,103424,105472
test,fault,inner_race,ir007_1.mat,106,1,ir_007,X106_DE_time,1772,1844,104448,106496
test,fault,inner_race,ir007_1.mat,106,1,ir_007,X106_DE_time,1772,1845,105472,107520
test,fault,inner_race,ir007_1.mat,106,1,ir_007,X106_DE_time,1772,1846,106496,108544
test,fault,inner_race,ir007_1.mat,106,1,ir_007,X106_DE_time,1772,1847,107520,109568
test,fault,inner_race,ir007_1.mat,106,1,ir_007,X106_DE_time,1772,1848,108544,110592
test,fault,inner_race,ir007_1.mat,106,1,ir_007,X106_DE_time,1772,1849,109568,111616
test,fault,inner_race,ir007_1.mat,106,1,ir_007,X106_DE_time,1772,1850,110592,112640
test,fault,inner_race,ir007_1.mat,106,1,ir_007,X106_DE_time,1772,1851,111616,113664
test,fault,inner_race,ir007_1.mat,106,1,ir_007,X106_DE_time,1772,1852,112640,114688
test,fault,inner_race,ir007_1.mat,106,1,ir_007,X106_DE_time,1772,1853,113664,115712
test,fault,inner_race,ir007_1.mat,106,1,ir_007,X106_DE_time,1772,1854,114688,116736
test,fault,inner_race,ir007_1.mat,106,1,ir_007,X106_DE_time,1772,1855,115712,117760
test,fault,inner_race,ir007_1.mat,106,1,ir_007,X106_DE_time,1772,1856,116736,118784
test,fault,inner_race,ir007_1.mat,106,1,ir_007,X106_DE_time,1772,1857,117760,119808
test,fault,inner_race,ir007_1.mat,106,1,ir_007,X106_DE_time,1772,1858,118784,120832
test,fault,inner_race,ir007_1.mat,106,1,ir_007,X106_DE_time,1772,1859,119808,121856
test,fault,inner_race,ir007_2.mat,107,2,ir_007,X107_DE_time,1748,1860,0,2048
test,fault,inner_race,ir007_2.mat,107,2,ir_007,X107_DE_time,1748,1861,1024,3072
test,fault,inner_race,ir007_2.mat,107,2,ir_007,X107_DE_time,1748,1862,2048,4096
test,fault,inner_race,ir007_2.mat,107,2,ir_007,X107_DE_time,1748,1863,3072,5120
test,fault,inner_race,ir007_2.mat,107,2,ir_007,X107_DE_time,1748,1864,4096,6144
test,fault,inner_race,ir007_2.mat,107,2,ir_007,X107_DE_time,1748,1865,5120,7168
test,fault,inner_race,ir007_2.mat,107,2,ir_007,X107_DE_time,1748,1866,6144,8192
test,fault,inner_race,ir007_2.mat,107,2,ir_007,X107_DE_time,1748,1867,7168,9216
test,fault,inner_race,ir007_2.mat,107,2,ir_007,X107_DE_time,1748,1868,8192,10240
test,fault,inner_race,ir007_2.mat,107,2,ir_007,X107_DE_time,1748,1869,9216,11264
test,fault,inner_race,ir007_2.mat,107,2,ir_007,X107_DE_time,1748,1870,10240,12288
test,fault,inner_race,ir007_2.mat,107,2,ir_007,X107_DE_time,1748,1871,11264,13312
test,fault,inner_race,ir007_2.mat,107,2,ir_007,X107_DE_time,1748,1872,12288,14336
test,fault,inner_race,ir007_2.mat,107,2,ir_007,X107_DE_time,1748,1873,13312,15360
test,fault,inner_race,ir007_2.mat,107,2,ir_007,X107_DE_time,1748,1874,14336,16384
test,fault,inner_race,ir007_2.mat,107,2,ir_007,X107_DE_time,1748,1875,15360,17408
test,fault,inner_race,ir007_2.mat,107,2,ir_007,X107_DE_time,1748,1876,16384,18432
test,fault,inner_race,ir007_2.mat,107,2,ir_007,X107_DE_time,1748,1877,17408,19456
test,fault,inner_race,ir007_2.mat,107,2,ir_007,X107_DE_time,1748,1878,18432,20480
test,fault,inner_race,ir007_2.mat,107,2,ir_007,X107_DE_time,1748,1879,19456,21504
test,fault,inner_race,ir007_2.mat,107,2,ir_007,X107_DE_time,1748,1880,20480,22528
test,fault,inner_race,ir007_2.mat,107,2,ir_007,X107_DE_time,1748,1881,21504,23552
test,fault,inner_race,ir007_2.mat,107,2,ir_007,X107_DE_time,1748,1882,22528,24576
test,fault,inner_race,ir007_2.mat,107,2,ir_007,X107_DE_time,1748,1883,23552,25600
test,fault,inner_race,ir007_2.mat,107,2,ir_007,X107_DE_time,1748,1884,24576,26624
test,fault,inner_race,ir007_2.mat,107,2,ir_007,X107_DE_time,1748,1885,25600,27648
test,fault,inner_race,ir007_2.mat,107,2,ir_007,X107_DE_time,1748,1886,26624,28672
test,fault,inner_race,ir007_2.mat,107,2,ir_007,X107_DE_time,1748,1887,27648,29696
test,fault,inner_race,ir007_2.mat,107,2,ir_007,X107_DE_time,1748,1888,28672,30720
test,fault,inner_race,ir007_2.mat,107,2,ir_007,X107_DE_time,1748,1889,29696,31744
test,fault,inner_race,ir007_2.mat,107,2,ir_007,X107_DE_time,1748,1890,30720,32768
test,fault,inner_race,ir007_2.mat,107,2,ir_007,X107_DE_time,1748,1891,31744,33792
test,fault,inner_race,ir007_2.mat,107,2,ir_007,X107_DE_time,1748,1892,32768,34816
test,fault,inner_race,ir007_2.mat,107,2,ir_007,X107_DE_time,1748,1893,33792,35840
test,fault,inner_race,ir007_2.mat,107,2,ir_007,X107_DE_time,1748,1894,34816,36864
test,fault,inner_race,ir007_2.mat,107,2,ir_007,X107_DE_time,1748,1895,35840,37888
test,fault,inner_race,ir007_2.mat,107,2,ir_007,X107_DE_time,1748,1896,36864,38912
test,fault,inner_race,ir007_2.mat,107,2,ir_007,X107_DE_time,1748,1897,37888,39936
test,fault,inner_race,ir007_2.mat,107,2,ir_007,X107_DE_time,1748,1898,38912,40960
test,fault,inner_race,ir007_2.mat,107,2,ir_007,X107_DE_time,1748,1899,39936,41984
test,fault,inner_race,ir007_2.mat,107,2,ir_007,X107_DE_time,1748,1900,40960,43008
test,fault,inner_race,ir007_2.mat,107,2,ir_007,X107_DE_time,1748,1901,41984,44032
test,fault,inner_race,ir007_2.mat,107,2,ir_007,X107_DE_time,1748,1902,43008,45056
test,fault,inner_race,ir007_2.mat,107,2,ir_007,X107_DE_time,1748,1903,44032,46080
test,fault,inner_race,ir007_2.mat,107,2,ir_007,X107_DE_time,1748,1904,45056,47104
test,fault,inner_race,ir007_2.mat,107,2,ir_007,X107_DE_time,1748,1905,46080,48128
test,fault,inner_race,ir007_2.mat,107,2,ir_007,X107_DE_time,1748,1906,47104,49152
test,fault,inner_race,ir007_2.mat,107,2,ir_007,X107_DE_time,1748,1907,48128,50176
test,fault,inner_race,ir007_2.mat,107,2,ir_007,X107_DE_time,1748,1908,49152,51200
test,fault,inner_race,ir007_2.mat,107,2,ir_007,X107_DE_time,1748,1909,50176,52224
test,fault,inner_race,ir007_2.mat,107,2,ir_007,X107_DE_time,1748,1910,51200,53248
test,fault,inner_race,ir007_2.mat,107,2,ir_007,X107_DE_time,1748,1911,52224,54272
test,fault,inner_race,ir007_2.mat,107,2,ir_007,X107_DE_time,1748,1912,53248,55296
test,fault,inner_race,ir007_2.mat,107,2,ir_007,X107_DE_time,1748,1913,54272,56320
test,fault,inner_race,ir007_2.mat,107,2,ir_007,X107_DE_time,1748,1914,55296,57344
test,fault,inner_race,ir007_2.mat,107,2,ir_007,X107_DE_time,1748,1915,56320,58368
test,fault,inner_race,ir007_2.mat,107,2,ir_007,X107_DE_time,1748,1916,57344,59392
test,fault,inner_race,ir007_2.mat,107,2,ir_007,X107_DE_time,1748,1917,58368,60416
test,fault,inner_race,ir007_2.mat,107,2,ir_007,X107_DE_time,1748,1918,59392,61440
test,fault,inner_race,ir007_2.mat,107,2,ir_007,X107_DE_time,1748,1919,60416,62464
test,fault,inner_race,ir007_2.mat,107,2,ir_007,X107_DE_time,1748,1920,61440,63488
test,fault,inner_race,ir007_2.mat,107,2,ir_007,X107_DE_time,1748,1921,62464,64512
test,fault,inner_race,ir007_2.mat,107,2,ir_007,X107_DE_time,1748,1922,63488,65536
test,fault,inner_race,ir007_2.mat,107,2,ir_007,X107_DE_time,1748,1923,64512,66560
test,fault,inner_race,ir007_2.mat,107,2,ir_007,X107_DE_time,1748,1924,65536,67584
test,fault,inner_race,ir007_2.mat,107,2,ir_007,X107_DE_time,1748,1925,66560,68608
test,fault,inner_race,ir007_2.mat,107,2,ir_007,X107_DE_time,1748,1926,67584,69632
test,fault,inner_race,ir007_2.mat,107,2,ir_007,X107_DE_time,1748,1927,68608,70656
test,fault,inner_race,ir007_2.mat,107,2,ir_007,X107_DE_time,1748,1928,69632,71680
test,fault,inner_race,ir007_2.mat,107,2,ir_007,X107_DE_time,1748,1929,70656,72704
test,fault,inner_race,ir007_2.mat,107,2,ir_007,X107_DE_time,1748,1930,71680,73728
test,fault,inner_race,ir007_2.mat,107,2,ir_007,X107_DE_time,1748,1931,72704,74752
test,fault,inner_race,ir007_2.mat,107,2,ir_007,X107_DE_time,1748,1932,73728,75776
test,fault,inner_race,ir007_2.mat,107,2,ir_007,X107_DE_time,1748,1933,74752,76800
test,fault,inner_race,ir007_2.mat,107,2,ir_007,X107_DE_time,1748,1934,75776,77824
test,fault,inner_race,ir007_2.mat,107,2,ir_007,X107_DE_time,1748,1935,76800,78848
test,fault,inner_race,ir007_2.mat,107,2,ir_007,X107_DE_time,1748,1936,77824,79872
test,fault,inner_race,ir007_2.mat,107,2,ir_007,X107_DE_time,1748,1937,78848,80896
test,fault,inner_race,ir007_2.mat,107,2,ir_007,X107_DE_time,1748,1938,79872,81920
test,fault,inner_race,ir007_2.mat,107,2,ir_007,X107_DE_time,1748,1939,80896,82944
test,fault,inner_race,ir007_2.mat,107,2,ir_007,X107_DE_time,1748,1940,81920,83968
test,fault,inner_race,ir007_2.mat,107,2,ir_007,X107_DE_time,1748,1941,82944,84992
test,fault,inner_race,ir007_2.mat,107,2,ir_007,X107_DE_time,1748,1942,83968,86016
test,fault,inner_race,ir007_2.mat,107,2,ir_007,X107_DE_time,1748,1943,84992,87040
test,fault,inner_race,ir007_2.mat,107,2,ir_007,X107_DE_time,1748,1944,86016,88064
test,fault,inner_race,ir007_2.mat,107,2,ir_007,X107_DE_time,1748,1945,87040,89088
test,fault,inner_race,ir007_2.mat,107,2,ir_007,X107_DE_time,1748,1946,88064,90112
test,fault,inner_race,ir007_2.mat,107,2,ir_007,X107_DE_time,1748,1947,89088,91136
test,fault,inner_race,ir007_2.mat,107,2,ir_007,X107_DE_time,1748,1948,90112,92160
test,fault,inner_race,ir007_2.mat,107,2,ir_007,X107_DE_time,1748,1949,91136,93184
test,fault,inner_race,ir007_2.mat,107,2,ir_007,X107_DE_time,1748,1950,92160,94208
test,fault,inner_race,ir007_2.mat,107,2,ir_007,X107_DE_time,1748,1951,93184,95232
test,fault,inner_race,ir007_2.mat,107,2,ir_007,X107_DE_time,1748,1952,94208,96256
test,fault,inner_race,ir007_2.mat,107,2,ir_007,X107_DE_time,1748,1953,95232,97280
test,fault,inner_race,ir007_2.mat,107,2,ir_007,X107_DE_time,1748,1954,96256,98304
test,fault,inner_race,ir007_2.mat,107,2,ir_007,X107_DE_time,1748,1955,97280,99328
test,fault,inner_race,ir007_2.mat,107,2,ir_007,X107_DE_time,1748,1956,98304,100352
test,fault,inner_race,ir007_2.mat,107,2,ir_007,X107_DE_time,1748,1957,99328,101376
test,fault,inner_race,ir007_2.mat,107,2,ir_007,X107_DE_time,1748,1958,100352,102400
test,fault,inner_race,ir007_2.mat,107,2,ir_007,X107_DE_time,1748,1959,101376,103424
test,fault,inner_race,ir007_2.mat,107,2,ir_007,X107_DE_time,1748,1960,102400,104448
test,fault,inner_race,ir007_2.mat,107,2,ir_007,X107_DE_time,1748,1961,103424,105472
test,fault,inner_race,ir007_2.mat,107,2,ir_007,X107_DE_time,1748,1962,104448,106496
test,fault,inner_race,ir007_2.mat,107,2,ir_007,X107_DE_time,1748,1963,105472,107520
test,fault,inner_race,ir007_2.mat,107,2,ir_007,X107_DE_time,1748,1964,106496,108544
test,fault,inner_race,ir007_2.mat,107,2,ir_007,X107_DE_time,1748,1965,107520,109568
test,fault,inner_race,ir007_2.mat,107,2,ir_007,X107_DE_time,1748,1966,108544,110592
test,fault,inner_race,ir007_2.mat,107,2,ir_007,X107_DE_time,1748,1967,109568,111616
test,fault,inner_race,ir007_2.mat,107,2,ir_007,X107_DE_time,1748,1968,110592,112640
test,fault,inner_race,ir007_2.mat,107,2,ir_007,X107_DE_time,1748,1969,111616,113664
test,fault,inner_race,ir007_2.mat,107,2,ir_007,X107_DE_time,1748,1970,112640,114688
test,fault,inner_race,ir007_2.mat,107,2,ir_007,X107_DE_time,1748,1971,113664,115712
test,fault,inner_race,ir007_2.mat,107,2,ir_007,X107_DE_time,1748,1972,114688,116736
test,fault,inner_race,ir007_2.mat,107,2,ir_007,X107_DE_time,1748,1973,115712,117760
test,fault,inner_race,ir007_2.mat,107,2,ir_007,X107_DE_time,1748,1974,116736,118784
test,fault,inner_race,ir007_2.mat,107,2,ir_007,X107_DE_time,1748,1975,117760,119808
test,fault,inner_race,ir007_2.mat,107,2,ir_007,X107_DE_time,1748,1976,118784,120832
test,fault,inner_race,ir007_2.mat,107,2,ir_007,X107_DE_time,1748,1977,119808,121856
test,fault,inner_race,ir007_3.mat,108,3,ir_007,X108_DE_time,1721,1978,0,2048
test,fault,inner_race,ir007_3.mat,108,3,ir_007,X108_DE_time,1721,1979,1024,3072
test,fault,inner_race,ir007_3.mat,108,3,ir_007,X108_DE_time,1721,1980,2048,4096
test,fault,inner_race,ir007_3.mat,108,3,ir_007,X108_DE_time,1721,1981,3072,5120
test,fault,inner_race,ir007_3.mat,108,3,ir_007,X108_DE_time,1721,1982,4096,6144
test,fault,inner_race,ir007_3.mat,108,3,ir_007,X108_DE_time,1721,1983,5120,7168
test,fault,inner_race,ir007_3.mat,108,3,ir_007,X108_DE_time,1721,1984,6144,8192
test,fault,inner_race,ir007_3.mat,108,3,ir_007,X108_DE_time,1721,1985,7168,9216
test,fault,inner_race,ir007_3.mat,108,3,ir_007,X108_DE_time,1721,1986,8192,10240
test,fault,inner_race,ir007_3.mat,108,3,ir_007,X108_DE_time,1721,1987,9216,11264
test,fault,inner_race,ir007_3.mat,108,3,ir_007,X108_DE_time,1721,1988,10240,12288
test,fault,inner_race,ir007_3.mat,108,3,ir_007,X108_DE_time,1721,1989,11264,13312
test,fault,inner_race,ir007_3.mat,108,3,ir_007,X108_DE_time,1721,1990,12288,14336
test,fault,inner_race,ir007_3.mat,108,3,ir_007,X108_DE_time,1721,1991,13312,15360
test,fault,inner_race,ir007_3.mat,108,3,ir_007,X108_DE_time,1721,1992,14336,16384
test,fault,inner_race,ir007_3.mat,108,3,ir_007,X108_DE_time,1721,1993,15360,17408
test,fault,inner_race,ir007_3.mat,108,3,ir_007,X108_DE_time,1721,1994,16384,18432
test,fault,inner_race,ir007_3.mat,108,3,ir_007,X108_DE_time,1721,1995,17408,19456
test,fault,inner_race,ir007_3.mat,108,3,ir_007,X108_DE_time,1721,1996,18432,20480
test,fault,inner_race,ir007_3.mat,108,3,ir_007,X108_DE_time,1721,1997,19456,21504
test,fault,inner_race,ir007_3.mat,108,3,ir_007,X108_DE_time,1721,1998,20480,22528
test,fault,inner_race,ir007_3.mat,108,3,ir_007,X108_DE_time,1721,1999,21504,23552
test,fault,inner_race,ir007_3.mat,108,3,ir_007,X108_DE_time,1721,2000,22528,24576
test,fault,inner_race,ir007_3.mat,108,3,ir_007,X108_DE_time,1721,2001,23552,25600
test,fault,inner_race,ir007_3.mat,108,3,ir_007,X108_DE_time,1721,2002,24576,26624
test,fault,inner_race,ir007_3.mat,108,3,ir_007,X108_DE_time,1721,2003,25600,27648
test,fault,inner_race,ir007_3.mat,108,3,ir_007,X108_DE_time,1721,2004,26624,28672
test,fault,inner_race,ir007_3.mat,108,3,ir_007,X108_DE_time,1721,2005,27648,29696
test,fault,inner_race,ir007_3.mat,108,3,ir_007,X108_DE_time,1721,2006,28672,30720
test,fault,inner_race,ir007_3.mat,108,3,ir_007,X108_DE_time,1721,2007,29696,31744
test,fault,inner_race,ir007_3.mat,108,3,ir_007,X108_DE_time,1721,2008,30720,32768
test,fault,inner_race,ir007_3.mat,108,3,ir_007,X108_DE_time,1721,2009,31744,33792
test,fault,inner_race,ir007_3.mat,108,3,ir_007,X108_DE_time,1721,2010,32768,34816
test,fault,inner_race,ir007_3.mat,108,3,ir_007,X108_DE_time,1721,2011,33792,35840
test,fault,inner_race,ir007_3.mat,108,3,ir_007,X108_DE_time,1721,2012,34816,36864
test,fault,inner_race,ir007_3.mat,108,3,ir_007,X108_DE_time,1721,2013,35840,37888
test,fault,inner_race,ir007_3.mat,108,3,ir_007,X108_DE_time,1721,2014,36864,38912
test,fault,inner_race,ir007_3.mat,108,3,ir_007,X108_DE_time,1721,2015,37888,39936
test,fault,inner_race,ir007_3.mat,108,3,ir_007,X108_DE_time,1721,2016,38912,40960
test,fault,inner_race,ir007_3.mat,108,3,ir_007,X108_DE_time,1721,2017,39936,41984
test,fault,inner_race,ir007_3.mat,108,3,ir_007,X108_DE_time,1721,2018,40960,43008
test,fault,inner_race,ir007_3.mat,108,3,ir_007,X108_DE_time,1721,2019,41984,44032
test,fault,inner_race,ir007_3.mat,108,3,ir_007,X108_DE_time,1721,2020,43008,45056
test,fault,inner_race,ir007_3.mat,108,3,ir_007,X108_DE_time,1721,2021,44032,46080
test,fault,inner_race,ir007_3.mat,108,3,ir_007,X108_DE_time,1721,2022,45056,47104
test,fault,inner_race,ir007_3.mat,108,3,ir_007,X108_DE_time,1721,2023,46080,48128
test,fault,inner_race,ir007_3.mat,108,3,ir_007,X108_DE_time,1721,2024,47104,49152
test,fault,inner_race,ir007_3.mat,108,3,ir_007,X108_DE_time,1721,2025,48128,50176
test,fault,inner_race,ir007_3.mat,108,3,ir_007,X108_DE_time,1721,2026,49152,51200
test,fault,inner_race,ir007_3.mat,108,3,ir_007,X108_DE_time,1721,2027,50176,52224
test,fault,inner_race,ir007_3.mat,108,3,ir_007,X108_DE_time,1721,2028,51200,53248
test,fault,inner_race,ir007_3.mat,108,3,ir_007,X108_DE_time,1721,2029,52224,54272
test,fault,inner_race,ir007_3.mat,108,3,ir_007,X108_DE_time,1721,2030,53248,55296
test,fault,inner_race,ir007_3.mat,108,3,ir_007,X108_DE_time,1721,2031,54272,56320
test,fault,inner_race,ir007_3.mat,108,3,ir_007,X108_DE_time,1721,2032,55296,57344
test,fault,inner_race,ir007_3.mat,108,3,ir_007,X108_DE_time,1721,2033,56320,58368
test,fault,inner_race,ir007_3.mat,108,3,ir_007,X108_DE_time,1721,2034,57344,59392
test,fault,inner_race,ir007_3.mat,108,3,ir_007,X108_DE_time,1721,2035,58368,60416
test,fault,inner_race,ir007_3.mat,108,3,ir_007,X108_DE_time,1721,2036,59392,61440
test,fault,inner_race,ir007_3.mat,108,3,ir_007,X108_DE_time,1721,2037,60416,62464
test,fault,inner_race,ir007_3.mat,108,3,ir_007,X108_DE_time,1721,2038,61440,63488
test,fault,inner_race,ir007_3.mat,108,3,ir_007,X108_DE_time,1721,2039,62464,64512
test,fault,inner_race,ir007_3.mat,108,3,ir_007,X108_DE_time,1721,2040,63488,65536
test,fault,inner_race,ir007_3.mat,108,3,ir_007,X108_DE_time,1721,2041,64512,66560
test,fault,inner_race,ir007_3.mat,108,3,ir_007,X108_DE_time,1721,2042,65536,67584
test,fault,inner_race,ir007_3.mat,108,3,ir_007,X108_DE_time,1721,2043,66560,68608
test,fault,inner_race,ir007_3.mat,108,3,ir_007,X108_DE_time,1721,2044,67584,69632
test,fault,inner_race,ir007_3.mat,108,3,ir_007,X108_DE_time,1721,2045,68608,70656
test,fault,inner_race,ir007_3.mat,108,3,ir_007,X108_DE_time,1721,2046,69632,71680
test,fault,inner_race,ir007_3.mat,108,3,ir_007,X108_DE_time,1721,2047,70656,72704
test,fault,inner_race,ir007_3.mat,108,3,ir_007,X108_DE_time,1721,2048,71680,73728
test,fault,inner_race,ir007_3.mat,108,3,ir_007,X108_DE_time,1721,2049,72704,74752
test,fault,inner_race,ir007_3.mat,108,3,ir_007,X108_DE_time,1721,2050,73728,75776
test,fault,inner_race,ir007_3.mat,108,3,ir_007,X108_DE_time,1721,2051,74752,76800
test,fault,inner_race,ir007_3.mat,108,3,ir_007,X108_DE_time,1721,2052,75776,77824
test,fault,inner_race,ir007_3.mat,108,3,ir_007,X108_DE_time,1721,2053,76800,78848
test,fault,inner_race,ir007_3.mat,108,3,ir_007,X108_DE_time,1721,2054,77824,79872
test,fault,inner_race,ir007_3.mat,108,3,ir_007,X108_DE_time,1721,2055,78848,80896
test,fault,inner_race,ir007_3.mat,108,3,ir_007,X108_DE_time,1721,2056,79872,81920
test,fault,inner_race,ir007_3.mat,108,3,ir_007,X108_DE_time,1721,2057,80896,82944
test,fault,inner_race,ir007_3.mat,108,3,ir_007,X108_DE_time,1721,2058,81920,83968
test,fault,inner_race,ir007_3.mat,108,3,ir_007,X108_DE_time,1721,2059,82944,84992
test,fault,inner_race,ir007_3.mat,108,3,ir_007,X108_DE_time,1721,2060,83968,86016
test,fault,inner_race,ir007_3.mat,108,3,ir_007,X108_DE_time,1721,2061,84992,87040
test,fault,inner_race,ir007_3.mat,108,3,ir_007,X108_DE_time,1721,2062,86016,88064
test,fault,inner_race,ir007_3.mat,108,3,ir_007,X108_DE_time,1721,2063,87040,89088
test,fault,inner_race,ir007_3.mat,108,3,ir_007,X108_DE_time,1721,2064,88064,90112
test,fault,inner_race,ir007_3.mat,108,3,ir_007,X108_DE_time,1721,2065,89088,91136
test,fault,inner_race,ir007_3.mat,108,3,ir_007,X108_DE_time,1721,2066,90112,92160
test,fault,inner_race,ir007_3.mat,108,3,ir_007,X108_DE_time,1721,2067,91136,93184
test,fault,inner_race,ir007_3.mat,108,3,ir_007,X108_DE_time,1721,2068,92160,94208
test,fault,inner_race,ir007_3.mat,108,3,ir_007,X108_DE_time,1721,2069,93184,95232
test,fault,inner_race,ir007_3.mat,108,3,ir_007,X108_DE_time,1721,2070,94208,96256
test,fault,inner_race,ir007_3.mat,108,3,ir_007,X108_DE_time,1721,2071,95232,97280
test,fault,inner_race,ir007_3.mat,108,3,ir_007,X108_DE_time,1721,2072,96256,98304
test,fault,inner_race,ir007_3.mat,108,3,ir_007,X108_DE_time,1721,2073,97280,99328
test,fault,inner_race,ir007_3.mat,108,3,ir_007,X108_DE_time,1721,2074,98304,100352
test,fault,inner_race,ir007_3.mat,108,3,ir_007,X108_DE_time,1721,2075,99328,101376
test,fault,inner_race,ir007_3.mat,108,3,ir_007,X108_DE_time,1721,2076,100352,102400
test,fault,inner_race,ir007_3.mat,108,3,ir_007,X108_DE_time,1721,2077,101376,103424
test,fault,inner_race,ir007_3.mat,108,3,ir_007,X108_DE_time,1721,2078,102400,104448
test,fault,inner_race,ir007_3.mat,108,3,ir_007,X108_DE_time,1721,2079,103424,105472
test,fault,inner_race,ir007_3.mat,108,3,ir_007,X108_DE_time,1721,2080,104448,106496
test,fault,inner_race,ir007_3.mat,108,3,ir_007,X108_DE_time,1721,2081,105472,107520
test,fault,inner_race,ir007_3.mat,108,3,ir_007,X108_DE_time,1721,2082,106496,108544
test,fault,inner_race,ir007_3.mat,108,3,ir_007,X108_DE_time,1721,2083,107520,109568
test,fault,inner_race,ir007_3.mat,108,3,ir_007,X108_DE_time,1721,2084,108544,110592
test,fault,inner_race,ir007_3.mat,108,3,ir_007,X108_DE_time,1721,2085,109568,111616
test,fault,inner_race,ir007_3.mat,108,3,ir_007,X108_DE_time,1721,2086,110592,112640
test,fault,inner_race,ir007_3.mat,108,3,ir_007,X108_DE_time,1721,2087,111616,113664
test,fault,inner_race,ir007_3.mat,108,3,ir_007,X108_DE_time,1721,2088,112640,114688
test,fault,inner_race,ir007_3.mat,108,3,ir_007,X108_DE_time,1721,2089,113664,115712
test,fault,inner_race,ir007_3.mat,108,3,ir_007,X108_DE_time,1721,2090,114688,116736
test,fault,inner_race,ir007_3.mat,108,3,ir_007,X108_DE_time,1721,2091,115712,117760
test,fault,inner_race,ir007_3.mat,108,3,ir_007,X108_DE_time,1721,2092,116736,118784
test,fault,inner_race,ir007_3.mat,108,3,ir_007,X108_DE_time,1721,2093,117760,119808
test,fault,inner_race,ir007_3.mat,108,3,ir_007,X108_DE_time,1721,2094,118784,120832
test,fault,inner_race,ir007_3.mat,108,3,ir_007,X108_DE_time,1721,2095,119808,121856
test,fault,inner_race,ir007_3.mat,108,3,ir_007,X108_DE_time,1721,2096,120832,122880
test,fault,ball,ball007_0.mat,118,0,ball_007,X118_DE_time,1796,2097,0,2048
test,fault,ball,ball007_0.mat,118,0,ball_007,X118_DE_time,1796,2098,1024,3072
test,fault,ball,ball007_0.mat,118,0,ball_007,X118_DE_time,1796,2099,2048,4096
test,fault,ball,ball007_0.mat,118,0,ball_007,X118_DE_time,1796,2100,3072,5120
test,fault,ball,ball007_0.mat,118,0,ball_007,X118_DE_time,1796,2101,4096,6144
test,fault,ball,ball007_0.mat,118,0,ball_007,X118_DE_time,1796,2102,5120,7168
test,fault,ball,ball007_0.mat,118,0,ball_007,X118_DE_time,1796,2103,6144,8192
test,fault,ball,ball007_0.mat,118,0,ball_007,X118_DE_time,1796,2104,7168,9216
test,fault,ball,ball007_0.mat,118,0,ball_007,X118_DE_time,1796,2105,8192,10240
test,fault,ball,ball007_0.mat,118,0,ball_007,X118_DE_time,1796,2106,9216,11264
test,fault,ball,ball007_0.mat,118,0,ball_007,X118_DE_time,1796,2107,10240,12288
test,fault,ball,ball007_0.mat,118,0,ball_007,X118_DE_time,1796,2108,11264,13312
test,fault,ball,ball007_0.mat,118,0,ball_007,X118_DE_time,1796,2109,12288,14336
test,fault,ball,ball007_0.mat,118,0,ball_007,X118_DE_time,1796,2110,13312,15360
test,fault,ball,ball007_0.mat,118,0,ball_007,X118_DE_time,1796,2111,14336,16384
test,fault,ball,ball007_0.mat,118,0,ball_007,X118_DE_time,1796,2112,15360,17408
test,fault,ball,ball007_0.mat,118,0,ball_007,X118_DE_time,1796,2113,16384,18432
test,fault,ball,ball007_0.mat,118,0,ball_007,X118_DE_time,1796,2114,17408,19456
test,fault,ball,ball007_0.mat,118,0,ball_007,X118_DE_time,1796,2115,18432,20480
test,fault,ball,ball007_0.mat,118,0,ball_007,X118_DE_time,1796,2116,19456,21504
test,fault,ball,ball007_0.mat,118,0,ball_007,X118_DE_time,1796,2117,20480,22528
test,fault,ball,ball007_0.mat,118,0,ball_007,X118_DE_time,1796,2118,21504,23552
test,fault,ball,ball007_0.mat,118,0,ball_007,X118_DE_time,1796,2119,22528,24576
test,fault,ball,ball007_0.mat,118,0,ball_007,X118_DE_time,1796,2120,23552,25600
test,fault,ball,ball007_0.mat,118,0,ball_007,X118_DE_time,1796,2121,24576,26624
test,fault,ball,ball007_0.mat,118,0,ball_007,X118_DE_time,1796,2122,25600,27648
test,fault,ball,ball007_0.mat,118,0,ball_007,X118_DE_time,1796,2123,26624,28672
test,fault,ball,ball007_0.mat,118,0,ball_007,X118_DE_time,1796,2124,27648,29696
test,fault,ball,ball007_0.mat,118,0,ball_007,X118_DE_time,1796,2125,28672,30720
test,fault,ball,ball007_0.mat,118,0,ball_007,X118_DE_time,1796,2126,29696,31744
test,fault,ball,ball007_0.mat,118,0,ball_007,X118_DE_time,1796,2127,30720,32768
test,fault,ball,ball007_0.mat,118,0,ball_007,X118_DE_time,1796,2128,31744,33792
test,fault,ball,ball007_0.mat,118,0,ball_007,X118_DE_time,1796,2129,32768,34816
test,fault,ball,ball007_0.mat,118,0,ball_007,X118_DE_time,1796,2130,33792,35840
test,fault,ball,ball007_0.mat,118,0,ball_007,X118_DE_time,1796,2131,34816,36864
test,fault,ball,ball007_0.mat,118,0,ball_007,X118_DE_time,1796,2132,35840,37888
test,fault,ball,ball007_0.mat,118,0,ball_007,X118_DE_time,1796,2133,36864,38912
test,fault,ball,ball007_0.mat,118,0,ball_007,X118_DE_time,1796,2134,37888,39936
test,fault,ball,ball007_0.mat,118,0,ball_007,X118_DE_time,1796,2135,38912,40960
test,fault,ball,ball007_0.mat,118,0,ball_007,X118_DE_time,1796,2136,39936,41984
test,fault,ball,ball007_0.mat,118,0,ball_007,X118_DE_time,1796,2137,40960,43008
test,fault,ball,ball007_0.mat,118,0,ball_007,X118_DE_time,1796,2138,41984,44032
test,fault,ball,ball007_0.mat,118,0,ball_007,X118_DE_time,1796,2139,43008,45056
test,fault,ball,ball007_0.mat,118,0,ball_007,X118_DE_time,1796,2140,44032,46080
test,fault,ball,ball007_0.mat,118,0,ball_007,X118_DE_time,1796,2141,45056,47104
test,fault,ball,ball007_0.mat,118,0,ball_007,X118_DE_time,1796,2142,46080,48128
test,fault,ball,ball007_0.mat,118,0,ball_007,X118_DE_time,1796,2143,47104,49152
test,fault,ball,ball007_0.mat,118,0,ball_007,X118_DE_time,1796,2144,48128,50176
test,fault,ball,ball007_0.mat,118,0,ball_007,X118_DE_time,1796,2145,49152,51200
test,fault,ball,ball007_0.mat,118,0,ball_007,X118_DE_time,1796,2146,50176,52224
test,fault,ball,ball007_0.mat,118,0,ball_007,X118_DE_time,1796,2147,51200,53248
test,fault,ball,ball007_0.mat,118,0,ball_007,X118_DE_time,1796,2148,52224,54272
test,fault,ball,ball007_0.mat,118,0,ball_007,X118_DE_time,1796,2149,53248,55296
test,fault,ball,ball007_0.mat,118,0,ball_007,X118_DE_time,1796,2150,54272,56320
test,fault,ball,ball007_0.mat,118,0,ball_007,X118_DE_time,1796,2151,55296,57344
test,fault,ball,ball007_0.mat,118,0,ball_007,X118_DE_time,1796,2152,56320,58368
test,fault,ball,ball007_0.mat,118,0,ball_007,X118_DE_time,1796,2153,57344,59392
test,fault,ball,ball007_0.mat,118,0,ball_007,X118_DE_time,1796,2154,58368,60416
test,fault,ball,ball007_0.mat,118,0,ball_007,X118_DE_time,1796,2155,59392,61440
test,fault,ball,ball007_0.mat,118,0,ball_007,X118_DE_time,1796,2156,60416,62464
test,fault,ball,ball007_0.mat,118,0,ball_007,X118_DE_time,1796,2157,61440,63488
test,fault,ball,ball007_0.mat,118,0,ball_007,X118_DE_time,1796,2158,62464,64512
test,fault,ball,ball007_0.mat,118,0,ball_007,X118_DE_time,1796,2159,63488,65536
test,fault,ball,ball007_0.mat,118,0,ball_007,X118_DE_time,1796,2160,64512,66560
test,fault,ball,ball007_0.mat,118,0,ball_007,X118_DE_time,1796,2161,65536,67584
test,fault,ball,ball007_0.mat,118,0,ball_007,X118_DE_time,1796,2162,66560,68608
test,fault,ball,ball007_0.mat,118,0,ball_007,X118_DE_time,1796,2163,67584,69632
test,fault,ball,ball007_0.mat,118,0,ball_007,X118_DE_time,1796,2164,68608,70656
test,fault,ball,ball007_0.mat,118,0,ball_007,X118_DE_time,1796,2165,69632,71680
test,fault,ball,ball007_0.mat,118,0,ball_007,X118_DE_time,1796,2166,70656,72704
test,fault,ball,ball007_0.mat,118,0,ball_007,X118_DE_time,1796,2167,71680,73728
test,fault,ball,ball007_0.mat,118,0,ball_007,X118_DE_time,1796,2168,72704,74752
test,fault,ball,ball007_0.mat,118,0,ball_007,X118_DE_time,1796,2169,73728,75776
test,fault,ball,ball007_0.mat,118,0,ball_007,X118_DE_time,1796,2170,74752,76800
test,fault,ball,ball007_0.mat,118,0,ball_007,X118_DE_time,1796,2171,75776,77824
test,fault,ball,ball007_0.mat,118,0,ball_007,X118_DE_time,1796,2172,76800,78848
test,fault,ball,ball007_0.mat,118,0,ball_007,X118_DE_time,1796,2173,77824,79872
test,fault,ball,ball007_0.mat,118,0,ball_007,X118_DE_time,1796,2174,78848,80896
test,fault,ball,ball007_0.mat,118,0,ball_007,X118_DE_time,1796,2175,79872,81920
test,fault,ball,ball007_0.mat,118,0,ball_007,X118_DE_time,1796,2176,80896,82944
test,fault,ball,ball007_0.mat,118,0,ball_007,X118_DE_time,1796,2177,81920,83968
test,fault,ball,ball007_0.mat,118,0,ball_007,X118_DE_time,1796,2178,82944,84992
test,fault,ball,ball007_0.mat,118,0,ball_007,X118_DE_time,1796,2179,83968,86016
test,fault,ball,ball007_0.mat,118,0,ball_007,X118_DE_time,1796,2180,84992,87040
test,fault,ball,ball007_0.mat,118,0,ball_007,X118_DE_time,1796,2181,86016,88064
test,fault,ball,ball007_0.mat,118,0,ball_007,X118_DE_time,1796,2182,87040,89088
test,fault,ball,ball007_0.mat,118,0,ball_007,X118_DE_time,1796,2183,88064,90112
test,fault,ball,ball007_0.mat,118,0,ball_007,X118_DE_time,1796,2184,89088,91136
test,fault,ball,ball007_0.mat,118,0,ball_007,X118_DE_time,1796,2185,90112,92160
test,fault,ball,ball007_0.mat,118,0,ball_007,X118_DE_time,1796,2186,91136,93184
test,fault,ball,ball007_0.mat,118,0,ball_007,X118_DE_time,1796,2187,92160,94208
test,fault,ball,ball007_0.mat,118,0,ball_007,X118_DE_time,1796,2188,93184,95232
test,fault,ball,ball007_0.mat,118,0,ball_007,X118_DE_time,1796,2189,94208,96256
test,fault,ball,ball007_0.mat,118,0,ball_007,X118_DE_time,1796,2190,95232,97280
test,fault,ball,ball007_0.mat,118,0,ball_007,X118_DE_time,1796,2191,96256,98304
test,fault,ball,ball007_0.mat,118,0,ball_007,X118_DE_time,1796,2192,97280,99328
test,fault,ball,ball007_0.mat,118,0,ball_007,X118_DE_time,1796,2193,98304,100352
test,fault,ball,ball007_0.mat,118,0,ball_007,X118_DE_time,1796,2194,99328,101376
test,fault,ball,ball007_0.mat,118,0,ball_007,X118_DE_time,1796,2195,100352,102400
test,fault,ball,ball007_0.mat,118,0,ball_007,X118_DE_time,1796,2196,101376,103424
test,fault,ball,ball007_0.mat,118,0,ball_007,X118_DE_time,1796,2197,102400,104448
test,fault,ball,ball007_0.mat,118,0,ball_007,X118_DE_time,1796,2198,103424,105472
test,fault,ball,ball007_0.mat,118,0,ball_007,X118_DE_time,1796,2199,104448,106496
test,fault,ball,ball007_0.mat,118,0,ball_007,X118_DE_time,1796,2200,105472,107520
test,fault,ball,ball007_0.mat,118,0,ball_007,X118_DE_time,1796,2201,106496,108544
test,fault,ball,ball007_0.mat,118,0,ball_007,X118_DE_time,1796,2202,107520,109568
test,fault,ball,ball007_0.mat,118,0,ball_007,X118_DE_time,1796,2203,108544,110592
test,fault,ball,ball007_0.mat,118,0,ball_007,X118_DE_time,1796,2204,109568,111616
test,fault,ball,ball007_0.mat,118,0,ball_007,X118_DE_time,1796,2205,110592,112640
test,fault,ball,ball007_0.mat,118,0,ball_007,X118_DE_time,1796,2206,111616,113664
test,fault,ball,ball007_0.mat,118,0,ball_007,X118_DE_time,1796,2207,112640,114688
test,fault,ball,ball007_0.mat,118,0,ball_007,X118_DE_time,1796,2208,113664,115712
test,fault,ball,ball007_0.mat,118,0,ball_007,X118_DE_time,1796,2209,114688,116736
test,fault,ball,ball007_0.mat,118,0,ball_007,X118_DE_time,1796,2210,115712,117760
test,fault,ball,ball007_0.mat,118,0,ball_007,X118_DE_time,1796,2211,116736,118784
test,fault,ball,ball007_0.mat,118,0,ball_007,X118_DE_time,1796,2212,117760,119808
test,fault,ball,ball007_0.mat,118,0,ball_007,X118_DE_time,1796,2213,118784,120832
test,fault,ball,ball007_0.mat,118,0,ball_007,X118_DE_time,1796,2214,119808,121856
test,fault,ball,ball007_1.mat,119,1,ball_007,X119_DE_time,1772,2215,0,2048
test,fault,ball,ball007_1.mat,119,1,ball_007,X119_DE_time,1772,2216,1024,3072
test,fault,ball,ball007_1.mat,119,1,ball_007,X119_DE_time,1772,2217,2048,4096
test,fault,ball,ball007_1.mat,119,1,ball_007,X119_DE_time,1772,2218,3072,5120
test,fault,ball,ball007_1.mat,119,1,ball_007,X119_DE_time,1772,2219,4096,6144
test,fault,ball,ball007_1.mat,119,1,ball_007,X119_DE_time,1772,2220,5120,7168
test,fault,ball,ball007_1.mat,119,1,ball_007,X119_DE_time,1772,2221,6144,8192
test,fault,ball,ball007_1.mat,119,1,ball_007,X119_DE_time,1772,2222,7168,9216
test,fault,ball,ball007_1.mat,119,1,ball_007,X119_DE_time,1772,2223,8192,10240
test,fault,ball,ball007_1.mat,119,1,ball_007,X119_DE_time,1772,2224,9216,11264
test,fault,ball,ball007_1.mat,119,1,ball_007,X119_DE_time,1772,2225,10240,12288
test,fault,ball,ball007_1.mat,119,1,ball_007,X119_DE_time,1772,2226,11264,13312
test,fault,ball,ball007_1.mat,119,1,ball_007,X119_DE_time,1772,2227,12288,14336
test,fault,ball,ball007_1.mat,119,1,ball_007,X119_DE_time,1772,2228,13312,15360
test,fault,ball,ball007_1.mat,119,1,ball_007,X119_DE_time,1772,2229,14336,16384
test,fault,ball,ball007_1.mat,119,1,ball_007,X119_DE_time,1772,2230,15360,17408
test,fault,ball,ball007_1.mat,119,1,ball_007,X119_DE_time,1772,2231,16384,18432
test,fault,ball,ball007_1.mat,119,1,ball_007,X119_DE_time,1772,2232,17408,19456
test,fault,ball,ball007_1.mat,119,1,ball_007,X119_DE_time,1772,2233,18432,20480
test,fault,ball,ball007_1.mat,119,1,ball_007,X119_DE_time,1772,2234,19456,21504
test,fault,ball,ball007_1.mat,119,1,ball_007,X119_DE_time,1772,2235,20480,22528
test,fault,ball,ball007_1.mat,119,1,ball_007,X119_DE_time,1772,2236,21504,23552
test,fault,ball,ball007_1.mat,119,1,ball_007,X119_DE_time,1772,2237,22528,24576
test,fault,ball,ball007_1.mat,119,1,ball_007,X119_DE_time,1772,2238,23552,25600
test,fault,ball,ball007_1.mat,119,1,ball_007,X119_DE_time,1772,2239,24576,26624
test,fault,ball,ball007_1.mat,119,1,ball_007,X119_DE_time,1772,2240,25600,27648
test,fault,ball,ball007_1.mat,119,1,ball_007,X119_DE_time,1772,2241,26624,28672
test,fault,ball,ball007_1.mat,119,1,ball_007,X119_DE_time,1772,2242,27648,29696
test,fault,ball,ball007_1.mat,119,1,ball_007,X119_DE_time,1772,2243,28672,30720
test,fault,ball,ball007_1.mat,119,1,ball_007,X119_DE_time,1772,2244,29696,31744
test,fault,ball,ball007_1.mat,119,1,ball_007,X119_DE_time,1772,2245,30720,32768
test,fault,ball,ball007_1.mat,119,1,ball_007,X119_DE_time,1772,2246,31744,33792
test,fault,ball,ball007_1.mat,119,1,ball_007,X119_DE_time,1772,2247,32768,34816
test,fault,ball,ball007_1.mat,119,1,ball_007,X119_DE_time,1772,2248,33792,35840
test,fault,ball,ball007_1.mat,119,1,ball_007,X119_DE_time,1772,2249,34816,36864
test,fault,ball,ball007_1.mat,119,1,ball_007,X119_DE_time,1772,2250,35840,37888
test,fault,ball,ball007_1.mat,119,1,ball_007,X119_DE_time,1772,2251,36864,38912
test,fault,ball,ball007_1.mat,119,1,ball_007,X119_DE_time,1772,2252,37888,39936
test,fault,ball,ball007_1.mat,119,1,ball_007,X119_DE_time,1772,2253,38912,40960
test,fault,ball,ball007_1.mat,119,1,ball_007,X119_DE_time,1772,2254,39936,41984
test,fault,ball,ball007_1.mat,119,1,ball_007,X119_DE_time,1772,2255,40960,43008
test,fault,ball,ball007_1.mat,119,1,ball_007,X119_DE_time,1772,2256,41984,44032
test,fault,ball,ball007_1.mat,119,1,ball_007,X119_DE_time,1772,2257,43008,45056
test,fault,ball,ball007_1.mat,119,1,ball_007,X119_DE_time,1772,2258,44032,46080
test,fault,ball,ball007_1.mat,119,1,ball_007,X119_DE_time,1772,2259,45056,47104
test,fault,ball,ball007_1.mat,119,1,ball_007,X119_DE_time,1772,2260,46080,48128
test,fault,ball,ball007_1.mat,119,1,ball_007,X119_DE_time,1772,2261,47104,49152
test,fault,ball,ball007_1.mat,119,1,ball_007,X119_DE_time,1772,2262,48128,50176
test,fault,ball,ball007_1.mat,119,1,ball_007,X119_DE_time,1772,2263,49152,51200
test,fault,ball,ball007_1.mat,119,1,ball_007,X119_DE_time,1772,2264,50176,52224
test,fault,ball,ball007_1.mat,119,1,ball_007,X119_DE_time,1772,2265,51200,53248
test,fault,ball,ball007_1.mat,119,1,ball_007,X119_DE_time,1772,2266,52224,54272
test,fault,ball,ball007_1.mat,119,1,ball_007,X119_DE_time,1772,2267,53248,55296
test,fault,ball,ball007_1.mat,119,1,ball_007,X119_DE_time,1772,2268,54272,56320
test,fault,ball,ball007_1.mat,119,1,ball_007,X119_DE_time,1772,2269,55296,57344
test,fault,ball,ball007_1.mat,119,1,ball_007,X119_DE_time,1772,2270,56320,58368
test,fault,ball,ball007_1.mat,119,1,ball_007,X119_DE_time,1772,2271,57344,59392
test,fault,ball,ball007_1.mat,119,1,ball_007,X119_DE_time,1772,2272,58368,60416
test,fault,ball,ball007_1.mat,119,1,ball_007,X119_DE_time,1772,2273,59392,61440
test,fault,ball,ball007_1.mat,119,1,ball_007,X119_DE_time,1772,2274,60416,62464
test,fault,ball,ball007_1.mat,119,1,ball_007,X119_DE_time,1772,2275,61440,63488
test,fault,ball,ball007_1.mat,119,1,ball_007,X119_DE_time,1772,2276,62464,64512
test,fault,ball,ball007_1.mat,119,1,ball_007,X119_DE_time,1772,2277,63488,65536
test,fault,ball,ball007_1.mat,119,1,ball_007,X119_DE_time,1772,2278,64512,66560
test,fault,ball,ball007_1.mat,119,1,ball_007,X119_DE_time,1772,2279,65536,67584
test,fault,ball,ball007_1.mat,119,1,ball_007,X119_DE_time,1772,2280,66560,68608
test,fault,ball,ball007_1.mat,119,1,ball_007,X119_DE_time,1772,2281,67584,69632
test,fault,ball,ball007_1.mat,119,1,ball_007,X119_DE_time,1772,2282,68608,70656
test,fault,ball,ball007_1.mat,119,1,ball_007,X119_DE_time,1772,2283,69632,71680
test,fault,ball,ball007_1.mat,119,1,ball_007,X119_DE_time,1772,2284,70656,72704
test,fault,ball,ball007_1.mat,119,1,ball_007,X119_DE_time,1772,2285,71680,73728
test,fault,ball,ball007_1.mat,119,1,ball_007,X119_DE_time,1772,2286,72704,74752
test,fault,ball,ball007_1.mat,119,1,ball_007,X119_DE_time,1772,2287,73728,75776
test,fault,ball,ball007_1.mat,119,1,ball_007,X119_DE_time,1772,2288,74752,76800
test,fault,ball,ball007_1.mat,119,1,ball_007,X119_DE_time,1772,2289,75776,77824
test,fault,ball,ball007_1.mat,119,1,ball_007,X119_DE_time,1772,2290,76800,78848
test,fault,ball,ball007_1.mat,119,1,ball_007,X119_DE_time,1772,2291,77824,79872
test,fault,ball,ball007_1.mat,119,1,ball_007,X119_DE_time,1772,2292,78848,80896
test,fault,ball,ball007_1.mat,119,1,ball_007,X119_DE_time,1772,2293,79872,81920
test,fault,ball,ball007_1.mat,119,1,ball_007,X119_DE_time,1772,2294,80896,82944
test,fault,ball,ball007_1.mat,119,1,ball_007,X119_DE_time,1772,2295,81920,83968
test,fault,ball,ball007_1.mat,119,1,ball_007,X119_DE_time,1772,2296,82944,84992
test,fault,ball,ball007_1.mat,119,1,ball_007,X119_DE_time,1772,2297,83968,86016
test,fault,ball,ball007_1.mat,119,1,ball_007,X119_DE_time,1772,2298,84992,87040
test,fault,ball,ball007_1.mat,119,1,ball_007,X119_DE_time,1772,2299,86016,88064
test,fault,ball,ball007_1.mat,119,1,ball_007,X119_DE_time,1772,2300,87040,89088
test,fault,ball,ball007_1.mat,119,1,ball_007,X119_DE_time,1772,2301,88064,90112
test,fault,ball,ball007_1.mat,119,1,ball_007,X119_DE_time,1772,2302,89088,91136
test,fault,ball,ball007_1.mat,119,1,ball_007,X119_DE_time,1772,2303,90112,92160
test,fault,ball,ball007_1.mat,119,1,ball_007,X119_DE_time,1772,2304,91136,93184
test,fault,ball,ball007_1.mat,119,1,ball_007,X119_DE_time,1772,2305,92160,94208
test,fault,ball,ball007_1.mat,119,1,ball_007,X119_DE_time,1772,2306,93184,95232
test,fault,ball,ball007_1.mat,119,1,ball_007,X119_DE_time,1772,2307,94208,96256
test,fault,ball,ball007_1.mat,119,1,ball_007,X119_DE_time,1772,2308,95232,97280
test,fault,ball,ball007_1.mat,119,1,ball_007,X119_DE_time,1772,2309,96256,98304
test,fault,ball,ball007_1.mat,119,1,ball_007,X119_DE_time,1772,2310,97280,99328
test,fault,ball,ball007_1.mat,119,1,ball_007,X119_DE_time,1772,2311,98304,100352
test,fault,ball,ball007_1.mat,119,1,ball_007,X119_DE_time,1772,2312,99328,101376
test,fault,ball,ball007_1.mat,119,1,ball_007,X119_DE_time,1772,2313,100352,102400
test,fault,ball,ball007_1.mat,119,1,ball_007,X119_DE_time,1772,2314,101376,103424
test,fault,ball,ball007_1.mat,119,1,ball_007,X119_DE_time,1772,2315,102400,104448
test,fault,ball,ball007_1.mat,119,1,ball_007,X119_DE_time,1772,2316,103424,105472
test,fault,ball,ball007_1.mat,119,1,ball_007,X119_DE_time,1772,2317,104448,106496
test,fault,ball,ball007_1.mat,119,1,ball_007,X119_DE_time,1772,2318,105472,107520
test,fault,ball,ball007_1.mat,119,1,ball_007,X119_DE_time,1772,2319,106496,108544
test,fault,ball,ball007_1.mat,119,1,ball_007,X119_DE_time,1772,2320,107520,109568
test,fault,ball,ball007_1.mat,119,1,ball_007,X119_DE_time,1772,2321,108544,110592
test,fault,ball,ball007_1.mat,119,1,ball_007,X119_DE_time,1772,2322,109568,111616
test,fault,ball,ball007_1.mat,119,1,ball_007,X119_DE_time,1772,2323,110592,112640
test,fault,ball,ball007_1.mat,119,1,ball_007,X119_DE_time,1772,2324,111616,113664
test,fault,ball,ball007_1.mat,119,1,ball_007,X119_DE_time,1772,2325,112640,114688
test,fault,ball,ball007_1.mat,119,1,ball_007,X119_DE_time,1772,2326,113664,115712
test,fault,ball,ball007_1.mat,119,1,ball_007,X119_DE_time,1772,2327,114688,116736
test,fault,ball,ball007_1.mat,119,1,ball_007,X119_DE_time,1772,2328,115712,117760
test,fault,ball,ball007_1.mat,119,1,ball_007,X119_DE_time,1772,2329,116736,118784
test,fault,ball,ball007_1.mat,119,1,ball_007,X119_DE_time,1772,2330,117760,119808
test,fault,ball,ball007_1.mat,119,1,ball_007,X119_DE_time,1772,2331,118784,120832
test,fault,ball,ball007_2.mat,120,2,ball_007,X120_DE_time,1748,2332,0,2048
test,fault,ball,ball007_2.mat,120,2,ball_007,X120_DE_time,1748,2333,1024,3072
test,fault,ball,ball007_2.mat,120,2,ball_007,X120_DE_time,1748,2334,2048,4096
test,fault,ball,ball007_2.mat,120,2,ball_007,X120_DE_time,1748,2335,3072,5120
test,fault,ball,ball007_2.mat,120,2,ball_007,X120_DE_time,1748,2336,4096,6144
test,fault,ball,ball007_2.mat,120,2,ball_007,X120_DE_time,1748,2337,5120,7168
test,fault,ball,ball007_2.mat,120,2,ball_007,X120_DE_time,1748,2338,6144,8192
test,fault,ball,ball007_2.mat,120,2,ball_007,X120_DE_time,1748,2339,7168,9216
test,fault,ball,ball007_2.mat,120,2,ball_007,X120_DE_time,1748,2340,8192,10240
test,fault,ball,ball007_2.mat,120,2,ball_007,X120_DE_time,1748,2341,9216,11264
test,fault,ball,ball007_2.mat,120,2,ball_007,X120_DE_time,1748,2342,10240,12288
test,fault,ball,ball007_2.mat,120,2,ball_007,X120_DE_time,1748,2343,11264,13312
test,fault,ball,ball007_2.mat,120,2,ball_007,X120_DE_time,1748,2344,12288,14336
test,fault,ball,ball007_2.mat,120,2,ball_007,X120_DE_time,1748,2345,13312,15360
test,fault,ball,ball007_2.mat,120,2,ball_007,X120_DE_time,1748,2346,14336,16384
test,fault,ball,ball007_2.mat,120,2,ball_007,X120_DE_time,1748,2347,15360,17408
test,fault,ball,ball007_2.mat,120,2,ball_007,X120_DE_time,1748,2348,16384,18432
test,fault,ball,ball007_2.mat,120,2,ball_007,X120_DE_time,1748,2349,17408,19456
test,fault,ball,ball007_2.mat,120,2,ball_007,X120_DE_time,1748,2350,18432,20480
test,fault,ball,ball007_2.mat,120,2,ball_007,X120_DE_time,1748,2351,19456,21504
test,fault,ball,ball007_2.mat,120,2,ball_007,X120_DE_time,1748,2352,20480,22528
test,fault,ball,ball007_2.mat,120,2,ball_007,X120_DE_time,1748,2353,21504,23552
test,fault,ball,ball007_2.mat,120,2,ball_007,X120_DE_time,1748,2354,22528,24576
test,fault,ball,ball007_2.mat,120,2,ball_007,X120_DE_time,1748,2355,23552,25600
test,fault,ball,ball007_2.mat,120,2,ball_007,X120_DE_time,1748,2356,24576,26624
test,fault,ball,ball007_2.mat,120,2,ball_007,X120_DE_time,1748,2357,25600,27648
test,fault,ball,ball007_2.mat,120,2,ball_007,X120_DE_time,1748,2358,26624,28672
test,fault,ball,ball007_2.mat,120,2,ball_007,X120_DE_time,1748,2359,27648,29696
test,fault,ball,ball007_2.mat,120,2,ball_007,X120_DE_time,1748,2360,28672,30720
test,fault,ball,ball007_2.mat,120,2,ball_007,X120_DE_time,1748,2361,29696,31744
test,fault,ball,ball007_2.mat,120,2,ball_007,X120_DE_time,1748,2362,30720,32768
test,fault,ball,ball007_2.mat,120,2,ball_007,X120_DE_time,1748,2363,31744,33792
test,fault,ball,ball007_2.mat,120,2,ball_007,X120_DE_time,1748,2364,32768,34816
test,fault,ball,ball007_2.mat,120,2,ball_007,X120_DE_time,1748,2365,33792,35840
test,fault,ball,ball007_2.mat,120,2,ball_007,X120_DE_time,1748,2366,34816,36864
test,fault,ball,ball007_2.mat,120,2,ball_007,X120_DE_time,1748,2367,35840,37888
test,fault,ball,ball007_2.mat,120,2,ball_007,X120_DE_time,1748,2368,36864,38912
test,fault,ball,ball007_2.mat,120,2,ball_007,X120_DE_time,1748,2369,37888,39936
test,fault,ball,ball007_2.mat,120,2,ball_007,X120_DE_time,1748,2370,38912,40960
test,fault,ball,ball007_2.mat,120,2,ball_007,X120_DE_time,1748,2371,39936,41984
test,fault,ball,ball007_2.mat,120,2,ball_007,X120_DE_time,1748,2372,40960,43008
test,fault,ball,ball007_2.mat,120,2,ball_007,X120_DE_time,1748,2373,41984,44032
test,fault,ball,ball007_2.mat,120,2,ball_007,X120_DE_time,1748,2374,43008,45056
test,fault,ball,ball007_2.mat,120,2,ball_007,X120_DE_time,1748,2375,44032,46080
test,fault,ball,ball007_2.mat,120,2,ball_007,X120_DE_time,1748,2376,45056,47104
test,fault,ball,ball007_2.mat,120,2,ball_007,X120_DE_time,1748,2377,46080,48128
test,fault,ball,ball007_2.mat,120,2,ball_007,X120_DE_time,1748,2378,47104,49152
test,fault,ball,ball007_2.mat,120,2,ball_007,X120_DE_time,1748,2379,48128,50176
test,fault,ball,ball007_2.mat,120,2,ball_007,X120_DE_time,1748,2380,49152,51200
test,fault,ball,ball007_2.mat,120,2,ball_007,X120_DE_time,1748,2381,50176,52224
test,fault,ball,ball007_2.mat,120,2,ball_007,X120_DE_time,1748,2382,51200,53248
test,fault,ball,ball007_2.mat,120,2,ball_007,X120_DE_time,1748,2383,52224,54272
test,fault,ball,ball007_2.mat,120,2,ball_007,X120_DE_time,1748,2384,53248,55296
test,fault,ball,ball007_2.mat,120,2,ball_007,X120_DE_time,1748,2385,54272,56320
test,fault,ball,ball007_2.mat,120,2,ball_007,X120_DE_time,1748,2386,55296,57344
test,fault,ball,ball007_2.mat,120,2,ball_007,X120_DE_time,1748,2387,56320,58368
test,fault,ball,ball007_2.mat,120,2,ball_007,X120_DE_time,1748,2388,57344,59392
test,fault,ball,ball007_2.mat,120,2,ball_007,X120_DE_time,1748,2389,58368,60416
test,fault,ball,ball007_2.mat,120,2,ball_007,X120_DE_time,1748,2390,59392,61440
test,fault,ball,ball007_2.mat,120,2,ball_007,X120_DE_time,1748,2391,60416,62464
test,fault,ball,ball007_2.mat,120,2,ball_007,X120_DE_time,1748,2392,61440,63488
test,fault,ball,ball007_2.mat,120,2,ball_007,X120_DE_time,1748,2393,62464,64512
test,fault,ball,ball007_2.mat,120,2,ball_007,X120_DE_time,1748,2394,63488,65536
test,fault,ball,ball007_2.mat,120,2,ball_007,X120_DE_time,1748,2395,64512,66560
test,fault,ball,ball007_2.mat,120,2,ball_007,X120_DE_time,1748,2396,65536,67584
test,fault,ball,ball007_2.mat,120,2,ball_007,X120_DE_time,1748,2397,66560,68608
test,fault,ball,ball007_2.mat,120,2,ball_007,X120_DE_time,1748,2398,67584,69632
test,fault,ball,ball007_2.mat,120,2,ball_007,X120_DE_time,1748,2399,68608,70656
test,fault,ball,ball007_2.mat,120,2,ball_007,X120_DE_time,1748,2400,69632,71680
test,fault,ball,ball007_2.mat,120,2,ball_007,X120_DE_time,1748,2401,70656,72704
test,fault,ball,ball007_2.mat,120,2,ball_007,X120_DE_time,1748,2402,71680,73728
test,fault,ball,ball007_2.mat,120,2,ball_007,X120_DE_time,1748,2403,72704,74752
test,fault,ball,ball007_2.mat,120,2,ball_007,X120_DE_time,1748,2404,73728,75776
test,fault,ball,ball007_2.mat,120,2,ball_007,X120_DE_time,1748,2405,74752,76800
test,fault,ball,ball007_2.mat,120,2,ball_007,X120_DE_time,1748,2406,75776,77824
test,fault,ball,ball007_2.mat,120,2,ball_007,X120_DE_time,1748,2407,76800,78848
test,fault,ball,ball007_2.mat,120,2,ball_007,X120_DE_time,1748,2408,77824,79872
test,fault,ball,ball007_2.mat,120,2,ball_007,X120_DE_time,1748,2409,78848,80896
test,fault,ball,ball007_2.mat,120,2,ball_007,X120_DE_time,1748,2410,79872,81920
test,fault,ball,ball007_2.mat,120,2,ball_007,X120_DE_time,1748,2411,80896,82944
test,fault,ball,ball007_2.mat,120,2,ball_007,X120_DE_time,1748,2412,81920,83968
test,fault,ball,ball007_2.mat,120,2,ball_007,X120_DE_time,1748,2413,82944,84992
test,fault,ball,ball007_2.mat,120,2,ball_007,X120_DE_time,1748,2414,83968,86016
test,fault,ball,ball007_2.mat,120,2,ball_007,X120_DE_time,1748,2415,84992,87040
test,fault,ball,ball007_2.mat,120,2,ball_007,X120_DE_time,1748,2416,86016,88064
test,fault,ball,ball007_2.mat,120,2,ball_007,X120_DE_time,1748,2417,87040,89088
test,fault,ball,ball007_2.mat,120,2,ball_007,X120_DE_time,1748,2418,88064,90112
test,fault,ball,ball007_2.mat,120,2,ball_007,X120_DE_time,1748,2419,89088,91136
test,fault,ball,ball007_2.mat,120,2,ball_007,X120_DE_time,1748,2420,90112,92160
test,fault,ball,ball007_2.mat,120,2,ball_007,X120_DE_time,1748,2421,91136,93184
test,fault,ball,ball007_2.mat,120,2,ball_007,X120_DE_time,1748,2422,92160,94208
test,fault,ball,ball007_2.mat,120,2,ball_007,X120_DE_time,1748,2423,93184,95232
test,fault,ball,ball007_2.mat,120,2,ball_007,X120_DE_time,1748,2424,94208,96256
test,fault,ball,ball007_2.mat,120,2,ball_007,X120_DE_time,1748,2425,95232,97280
test,fault,ball,ball007_2.mat,120,2,ball_007,X120_DE_time,1748,2426,96256,98304
test,fault,ball,ball007_2.mat,120,2,ball_007,X120_DE_time,1748,2427,97280,99328
test,fault,ball,ball007_2.mat,120,2,ball_007,X120_DE_time,1748,2428,98304,100352
test,fault,ball,ball007_2.mat,120,2,ball_007,X120_DE_time,1748,2429,99328,101376
test,fault,ball,ball007_2.mat,120,2,ball_007,X120_DE_time,1748,2430,100352,102400
test,fault,ball,ball007_2.mat,120,2,ball_007,X120_DE_time,1748,2431,101376,103424
test,fault,ball,ball007_2.mat,120,2,ball_007,X120_DE_time,1748,2432,102400,104448
test,fault,ball,ball007_2.mat,120,2,ball_007,X120_DE_time,1748,2433,103424,105472
test,fault,ball,ball007_2.mat,120,2,ball_007,X120_DE_time,1748,2434,104448,106496
test,fault,ball,ball007_2.mat,120,2,ball_007,X120_DE_time,1748,2435,105472,107520
test,fault,ball,ball007_2.mat,120,2,ball_007,X120_DE_time,1748,2436,106496,108544
test,fault,ball,ball007_2.mat,120,2,ball_007,X120_DE_time,1748,2437,107520,109568
test,fault,ball,ball007_2.mat,120,2,ball_007,X120_DE_time,1748,2438,108544,110592
test,fault,ball,ball007_2.mat,120,2,ball_007,X120_DE_time,1748,2439,109568,111616
test,fault,ball,ball007_2.mat,120,2,ball_007,X120_DE_time,1748,2440,110592,112640
test,fault,ball,ball007_2.mat,120,2,ball_007,X120_DE_time,1748,2441,111616,113664
test,fault,ball,ball007_2.mat,120,2,ball_007,X120_DE_time,1748,2442,112640,114688
test,fault,ball,ball007_2.mat,120,2,ball_007,X120_DE_time,1748,2443,113664,115712
test,fault,ball,ball007_2.mat,120,2,ball_007,X120_DE_time,1748,2444,114688,116736
test,fault,ball,ball007_2.mat,120,2,ball_007,X120_DE_time,1748,2445,115712,117760
test,fault,ball,ball007_2.mat,120,2,ball_007,X120_DE_time,1748,2446,116736,118784
test,fault,ball,ball007_2.mat,120,2,ball_007,X120_DE_time,1748,2447,117760,119808
test,fault,ball,ball007_2.mat,120,2,ball_007,X120_DE_time,1748,2448,118784,120832
test,fault,ball,ball007_3.mat,121,3,ball_007,X121_DE_time,1722,2449,0,2048
test,fault,ball,ball007_3.mat,121,3,ball_007,X121_DE_time,1722,2450,1024,3072
test,fault,ball,ball007_3.mat,121,3,ball_007,X121_DE_time,1722,2451,2048,4096
test,fault,ball,ball007_3.mat,121,3,ball_007,X121_DE_time,1722,2452,3072,5120
test,fault,ball,ball007_3.mat,121,3,ball_007,X121_DE_time,1722,2453,4096,6144
test,fault,ball,ball007_3.mat,121,3,ball_007,X121_DE_time,1722,2454,5120,7168
test,fault,ball,ball007_3.mat,121,3,ball_007,X121_DE_time,1722,2455,6144,8192
test,fault,ball,ball007_3.mat,121,3,ball_007,X121_DE_time,1722,2456,7168,9216
test,fault,ball,ball007_3.mat,121,3,ball_007,X121_DE_time,1722,2457,8192,10240
test,fault,ball,ball007_3.mat,121,3,ball_007,X121_DE_time,1722,2458,9216,11264
test,fault,ball,ball007_3.mat,121,3,ball_007,X121_DE_time,1722,2459,10240,12288
test,fault,ball,ball007_3.mat,121,3,ball_007,X121_DE_time,1722,2460,11264,13312
test,fault,ball,ball007_3.mat,121,3,ball_007,X121_DE_time,1722,2461,12288,14336
test,fault,ball,ball007_3.mat,121,3,ball_007,X121_DE_time,1722,2462,13312,15360
test,fault,ball,ball007_3.mat,121,3,ball_007,X121_DE_time,1722,2463,14336,16384
test,fault,ball,ball007_3.mat,121,3,ball_007,X121_DE_time,1722,2464,15360,17408
test,fault,ball,ball007_3.mat,121,3,ball_007,X121_DE_time,1722,2465,16384,18432
test,fault,ball,ball007_3.mat,121,3,ball_007,X121_DE_time,1722,2466,17408,19456
test,fault,ball,ball007_3.mat,121,3,ball_007,X121_DE_time,1722,2467,18432,20480
test,fault,ball,ball007_3.mat,121,3,ball_007,X121_DE_time,1722,2468,19456,21504
test,fault,ball,ball007_3.mat,121,3,ball_007,X121_DE_time,1722,2469,20480,22528
test,fault,ball,ball007_3.mat,121,3,ball_007,X121_DE_time,1722,2470,21504,23552
test,fault,ball,ball007_3.mat,121,3,ball_007,X121_DE_time,1722,2471,22528,24576
test,fault,ball,ball007_3.mat,121,3,ball_007,X121_DE_time,1722,2472,23552,25600
test,fault,ball,ball007_3.mat,121,3,ball_007,X121_DE_time,1722,2473,24576,26624
test,fault,ball,ball007_3.mat,121,3,ball_007,X121_DE_time,1722,2474,25600,27648
test,fault,ball,ball007_3.mat,121,3,ball_007,X121_DE_time,1722,2475,26624,28672
test,fault,ball,ball007_3.mat,121,3,ball_007,X121_DE_time,1722,2476,27648,29696
test,fault,ball,ball007_3.mat,121,3,ball_007,X121_DE_time,1722,2477,28672,30720
test,fault,ball,ball007_3.mat,121,3,ball_007,X121_DE_time,1722,2478,29696,31744
test,fault,ball,ball007_3.mat,121,3,ball_007,X121_DE_time,1722,2479,30720,32768
test,fault,ball,ball007_3.mat,121,3,ball_007,X121_DE_time,1722,2480,31744,33792
test,fault,ball,ball007_3.mat,121,3,ball_007,X121_DE_time,1722,2481,32768,34816
test,fault,ball,ball007_3.mat,121,3,ball_007,X121_DE_time,1722,2482,33792,35840
test,fault,ball,ball007_3.mat,121,3,ball_007,X121_DE_time,1722,2483,34816,36864
test,fault,ball,ball007_3.mat,121,3,ball_007,X121_DE_time,1722,2484,35840,37888
test,fault,ball,ball007_3.mat,121,3,ball_007,X121_DE_time,1722,2485,36864,38912
test,fault,ball,ball007_3.mat,121,3,ball_007,X121_DE_time,1722,2486,37888,39936
test,fault,ball,ball007_3.mat,121,3,ball_007,X121_DE_time,1722,2487,38912,40960
test,fault,ball,ball007_3.mat,121,3,ball_007,X121_DE_time,1722,2488,39936,41984
test,fault,ball,ball007_3.mat,121,3,ball_007,X121_DE_time,1722,2489,40960,43008
test,fault,ball,ball007_3.mat,121,3,ball_007,X121_DE_time,1722,2490,41984,44032
test,fault,ball,ball007_3.mat,121,3,ball_007,X121_DE_time,1722,2491,43008,45056
test,fault,ball,ball007_3.mat,121,3,ball_007,X121_DE_time,1722,2492,44032,46080
test,fault,ball,ball007_3.mat,121,3,ball_007,X121_DE_time,1722,2493,45056,47104
test,fault,ball,ball007_3.mat,121,3,ball_007,X121_DE_time,1722,2494,46080,48128
test,fault,ball,ball007_3.mat,121,3,ball_007,X121_DE_time,1722,2495,47104,49152
test,fault,ball,ball007_3.mat,121,3,ball_007,X121_DE_time,1722,2496,48128,50176
test,fault,ball,ball007_3.mat,121,3,ball_007,X121_DE_time,1722,2497,49152,51200
test,fault,ball,ball007_3.mat,121,3,ball_007,X121_DE_time,1722,2498,50176,52224
test,fault,ball,ball007_3.mat,121,3,ball_007,X121_DE_time,1722,2499,51200,53248
test,fault,ball,ball007_3.mat,121,3,ball_007,X121_DE_time,1722,2500,52224,54272
test,fault,ball,ball007_3.mat,121,3,ball_007,X121_DE_time,1722,2501,53248,55296
test,fault,ball,ball007_3.mat,121,3,ball_007,X121_DE_time,1722,2502,54272,56320
test,fault,ball,ball007_3.mat,121,3,ball_007,X121_DE_time,1722,2503,55296,57344
test,fault,ball,ball007_3.mat,121,3,ball_007,X121_DE_time,1722,2504,56320,58368
test,fault,ball,ball007_3.mat,121,3,ball_007,X121_DE_time,1722,2505,57344,59392
test,fault,ball,ball007_3.mat,121,3,ball_007,X121_DE_time,1722,2506,58368,60416
test,fault,ball,ball007_3.mat,121,3,ball_007,X121_DE_time,1722,2507,59392,61440
test,fault,ball,ball007_3.mat,121,3,ball_007,X121_DE_time,1722,2508,60416,62464
test,fault,ball,ball007_3.mat,121,3,ball_007,X121_DE_time,1722,2509,61440,63488
test,fault,ball,ball007_3.mat,121,3,ball_007,X121_DE_time,1722,2510,62464,64512
test,fault,ball,ball007_3.mat,121,3,ball_007,X121_DE_time,1722,2511,63488,65536
test,fault,ball,ball007_3.mat,121,3,ball_007,X121_DE_time,1722,2512,64512,66560
test,fault,ball,ball007_3.mat,121,3,ball_007,X121_DE_time,1722,2513,65536,67584
test,fault,ball,ball007_3.mat,121,3,ball_007,X121_DE_time,1722,2514,66560,68608
test,fault,ball,ball007_3.mat,121,3,ball_007,X121_DE_time,1722,2515,67584,69632
test,fault,ball,ball007_3.mat,121,3,ball_007,X121_DE_time,1722,2516,68608,70656
test,fault,ball,ball007_3.mat,121,3,ball_007,X121_DE_time,1722,2517,69632,71680
test,fault,ball,ball007_3.mat,121,3,ball_007,X121_DE_time,1722,2518,70656,72704
test,fault,ball,ball007_3.mat,121,3,ball_007,X121_DE_time,1722,2519,71680,73728
test,fault,ball,ball007_3.mat,121,3,ball_007,X121_DE_time,1722,2520,72704,74752
test,fault,ball,ball007_3.mat,121,3,ball_007,X121_DE_time,1722,2521,73728,75776
test,fault,ball,ball007_3.mat,121,3,ball_007,X121_DE_time,1722,2522,74752,76800
test,fault,ball,ball007_3.mat,121,3,ball_007,X121_DE_time,1722,2523,75776,77824
test,fault,ball,ball007_3.mat,121,3,ball_007,X121_DE_time,1722,2524,76800,78848
test,fault,ball,ball007_3.mat,121,3,ball_007,X121_DE_time,1722,2525,77824,79872
test,fault,ball,ball007_3.mat,121,3,ball_007,X121_DE_time,1722,2526,78848,80896
test,fault,ball,ball007_3.mat,121,3,ball_007,X121_DE_time,1722,2527,79872,81920
test,fault,ball,ball007_3.mat,121,3,ball_007,X121_DE_time,1722,2528,80896,82944
test,fault,ball,ball007_3.mat,121,3,ball_007,X121_DE_time,1722,2529,81920,83968
test,fault,ball,ball007_3.mat,121,3,ball_007,X121_DE_time,1722,2530,82944,84992
test,fault,ball,ball007_3.mat,121,3,ball_007,X121_DE_time,1722,2531,83968,86016
test,fault,ball,ball007_3.mat,121,3,ball_007,X121_DE_time,1722,2532,84992,87040
test,fault,ball,ball007_3.mat,121,3,ball_007,X121_DE_time,1722,2533,86016,88064
test,fault,ball,ball007_3.mat,121,3,ball_007,X121_DE_time,1722,2534,87040,89088
test,fault,ball,ball007_3.mat,121,3,ball_007,X121_DE_time,1722,2535,88064,90112
test,fault,ball,ball007_3.mat,121,3,ball_007,X121_DE_time,1722,2536,89088,91136
test,fault,ball,ball007_3.mat,121,3,ball_007,X121_DE_time,1722,2537,90112,92160
test,fault,ball,ball007_3.mat,121,3,ball_007,X121_DE_time,1722,2538,91136,93184
test,fault,ball,ball007_3.mat,121,3,ball_007,X121_DE_time,1722,2539,92160,94208
test,fault,ball,ball007_3.mat,121,3,ball_007,X121_DE_time,1722,2540,93184,95232
test,fault,ball,ball007_3.mat,121,3,ball_007,X121_DE_time,1722,2541,94208,96256
test,fault,ball,ball007_3.mat,121,3,ball_007,X121_DE_time,1722,2542,95232,97280
test,fault,ball,ball007_3.mat,121,3,ball_007,X121_DE_time,1722,2543,96256,98304
test,fault,ball,ball007_3.mat,121,3,ball_007,X121_DE_time,1722,2544,97280,99328
test,fault,ball,ball007_3.mat,121,3,ball_007,X121_DE_time,1722,2545,98304,100352
test,fault,ball,ball007_3.mat,121,3,ball_007,X121_DE_time,1722,2546,99328,101376
test,fault,ball,ball007_3.mat,121,3,ball_007,X121_DE_time,1722,2547,100352,102400
test,fault,ball,ball007_3.mat,121,3,ball_007,X121_DE_time,1722,2548,101376,103424
test,fault,ball,ball007_3.mat,121,3,ball_007,X121_DE_time,1722,2549,102400,104448
test,fault,ball,ball007_3.mat,121,3,ball_007,X121_DE_time,1722,2550,103424,105472
test,fault,ball,ball007_3.mat,121,3,ball_007,X121_DE_time,1722,2551,104448,106496
test,fault,ball,ball007_3.mat,121,3,ball_007,X121_DE_time,1722,2552,105472,107520
test,fault,ball,ball007_3.mat,121,3,ball_007,X121_DE_time,1722,2553,106496,108544
test,fault,ball,ball007_3.mat,121,3,ball_007,X121_DE_time,1722,2554,107520,109568
test,fault,ball,ball007_3.mat,121,3,ball_007,X121_DE_time,1722,2555,108544,110592
test,fault,ball,ball007_3.mat,121,3,ball_007,X121_DE_time,1722,2556,109568,111616
test,fault,ball,ball007_3.mat,121,3,ball_007,X121_DE_time,1722,2557,110592,112640
test,fault,ball,ball007_3.mat,121,3,ball_007,X121_DE_time,1722,2558,111616,113664
test,fault,ball,ball007_3.mat,121,3,ball_007,X121_DE_time,1722,2559,112640,114688
test,fault,ball,ball007_3.mat,121,3,ball_007,X121_DE_time,1722,2560,113664,115712
test,fault,ball,ball007_3.mat,121,3,ball_007,X121_DE_time,1722,2561,114688,116736
test,fault,ball,ball007_3.mat,121,3,ball_007,X121_DE_time,1722,2562,115712,117760
test,fault,ball,ball007_3.mat,121,3,ball_007,X121_DE_time,1722,2563,116736,118784
test,fault,ball,ball007_3.mat,121,3,ball_007,X121_DE_time,1722,2564,117760,119808
test,fault,ball,ball007_3.mat,121,3,ball_007,X121_DE_time,1722,2565,118784,120832
test,fault,outer_race_6,or007_6_0.mat,130,0,or_007_6,X130_DE_time,1796,2566,0,2048
test,fault,outer_race_6,or007_6_0.mat,130,0,or_007_6,X130_DE_time,1796,2567,1024,3072
test,fault,outer_race_6,or007_6_0.mat,130,0,or_007_6,X130_DE_time,1796,2568,2048,4096
test,fault,outer_race_6,or007_6_0.mat,130,0,or_007_6,X130_DE_time,1796,2569,3072,5120
test,fault,outer_race_6,or007_6_0.mat,130,0,or_007_6,X130_DE_time,1796,2570,4096,6144
test,fault,outer_race_6,or007_6_0.mat,130,0,or_007_6,X130_DE_time,1796,2571,5120,7168
test,fault,outer_race_6,or007_6_0.mat,130,0,or_007_6,X130_DE_time,1796,2572,6144,8192
test,fault,outer_race_6,or007_6_0.mat,130,0,or_007_6,X130_DE_time,1796,2573,7168,9216
test,fault,outer_race_6,or007_6_0.mat,130,0,or_007_6,X130_DE_time,1796,2574,8192,10240
test,fault,outer_race_6,or007_6_0.mat,130,0,or_007_6,X130_DE_time,1796,2575,9216,11264
test,fault,outer_race_6,or007_6_0.mat,130,0,or_007_6,X130_DE_time,1796,2576,10240,12288
test,fault,outer_race_6,or007_6_0.mat,130,0,or_007_6,X130_DE_time,1796,2577,11264,13312
test,fault,outer_race_6,or007_6_0.mat,130,0,or_007_6,X130_DE_time,1796,2578,12288,14336
test,fault,outer_race_6,or007_6_0.mat,130,0,or_007_6,X130_DE_time,1796,2579,13312,15360
test,fault,outer_race_6,or007_6_0.mat,130,0,or_007_6,X130_DE_time,1796,2580,14336,16384
test,fault,outer_race_6,or007_6_0.mat,130,0,or_007_6,X130_DE_time,1796,2581,15360,17408
test,fault,outer_race_6,or007_6_0.mat,130,0,or_007_6,X130_DE_time,1796,2582,16384,18432
test,fault,outer_race_6,or007_6_0.mat,130,0,or_007_6,X130_DE_time,1796,2583,17408,19456
test,fault,outer_race_6,or007_6_0.mat,130,0,or_007_6,X130_DE_time,1796,2584,18432,20480
test,fault,outer_race_6,or007_6_0.mat,130,0,or_007_6,X130_DE_time,1796,2585,19456,21504
test,fault,outer_race_6,or007_6_0.mat,130,0,or_007_6,X130_DE_time,1796,2586,20480,22528
test,fault,outer_race_6,or007_6_0.mat,130,0,or_007_6,X130_DE_time,1796,2587,21504,23552
test,fault,outer_race_6,or007_6_0.mat,130,0,or_007_6,X130_DE_time,1796,2588,22528,24576
test,fault,outer_race_6,or007_6_0.mat,130,0,or_007_6,X130_DE_time,1796,2589,23552,25600
test,fault,outer_race_6,or007_6_0.mat,130,0,or_007_6,X130_DE_time,1796,2590,24576,26624
test,fault,outer_race_6,or007_6_0.mat,130,0,or_007_6,X130_DE_time,1796,2591,25600,27648
test,fault,outer_race_6,or007_6_0.mat,130,0,or_007_6,X130_DE_time,1796,2592,26624,28672
test,fault,outer_race_6,or007_6_0.mat,130,0,or_007_6,X130_DE_time,1796,2593,27648,29696
test,fault,outer_race_6,or007_6_0.mat,130,0,or_007_6,X130_DE_time,1796,2594,28672,30720
test,fault,outer_race_6,or007_6_0.mat,130,0,or_007_6,X130_DE_time,1796,2595,29696,31744
test,fault,outer_race_6,or007_6_0.mat,130,0,or_007_6,X130_DE_time,1796,2596,30720,32768
test,fault,outer_race_6,or007_6_0.mat,130,0,or_007_6,X130_DE_time,1796,2597,31744,33792
test,fault,outer_race_6,or007_6_0.mat,130,0,or_007_6,X130_DE_time,1796,2598,32768,34816
test,fault,outer_race_6,or007_6_0.mat,130,0,or_007_6,X130_DE_time,1796,2599,33792,35840
test,fault,outer_race_6,or007_6_0.mat,130,0,or_007_6,X130_DE_time,1796,2600,34816,36864
test,fault,outer_race_6,or007_6_0.mat,130,0,or_007_6,X130_DE_time,1796,2601,35840,37888
test,fault,outer_race_6,or007_6_0.mat,130,0,or_007_6,X130_DE_time,1796,2602,36864,38912
test,fault,outer_race_6,or007_6_0.mat,130,0,or_007_6,X130_DE_time,1796,2603,37888,39936
test,fault,outer_race_6,or007_6_0.mat,130,0,or_007_6,X130_DE_time,1796,2604,38912,40960
test,fault,outer_race_6,or007_6_0.mat,130,0,or_007_6,X130_DE_time,1796,2605,39936,41984
test,fault,outer_race_6,or007_6_0.mat,130,0,or_007_6,X130_DE_time,1796,2606,40960,43008
test,fault,outer_race_6,or007_6_0.mat,130,0,or_007_6,X130_DE_time,1796,2607,41984,44032
test,fault,outer_race_6,or007_6_0.mat,130,0,or_007_6,X130_DE_time,1796,2608,43008,45056
test,fault,outer_race_6,or007_6_0.mat,130,0,or_007_6,X130_DE_time,1796,2609,44032,46080
test,fault,outer_race_6,or007_6_0.mat,130,0,or_007_6,X130_DE_time,1796,2610,45056,47104
test,fault,outer_race_6,or007_6_0.mat,130,0,or_007_6,X130_DE_time,1796,2611,46080,48128
test,fault,outer_race_6,or007_6_0.mat,130,0,or_007_6,X130_DE_time,1796,2612,47104,49152
test,fault,outer_race_6,or007_6_0.mat,130,0,or_007_6,X130_DE_time,1796,2613,48128,50176
test,fault,outer_race_6,or007_6_0.mat,130,0,or_007_6,X130_DE_time,1796,2614,49152,51200
test,fault,outer_race_6,or007_6_0.mat,130,0,or_007_6,X130_DE_time,1796,2615,50176,52224
test,fault,outer_race_6,or007_6_0.mat,130,0,or_007_6,X130_DE_time,1796,2616,51200,53248
test,fault,outer_race_6,or007_6_0.mat,130,0,or_007_6,X130_DE_time,1796,2617,52224,54272
test,fault,outer_race_6,or007_6_0.mat,130,0,or_007_6,X130_DE_time,1796,2618,53248,55296
test,fault,outer_race_6,or007_6_0.mat,130,0,or_007_6,X130_DE_time,1796,2619,54272,56320
test,fault,outer_race_6,or007_6_0.mat,130,0,or_007_6,X130_DE_time,1796,2620,55296,57344
test,fault,outer_race_6,or007_6_0.mat,130,0,or_007_6,X130_DE_time,1796,2621,56320,58368
test,fault,outer_race_6,or007_6_0.mat,130,0,or_007_6,X130_DE_time,1796,2622,57344,59392
test,fault,outer_race_6,or007_6_0.mat,130,0,or_007_6,X130_DE_time,1796,2623,58368,60416
test,fault,outer_race_6,or007_6_0.mat,130,0,or_007_6,X130_DE_time,1796,2624,59392,61440
test,fault,outer_race_6,or007_6_0.mat,130,0,or_007_6,X130_DE_time,1796,2625,60416,62464
test,fault,outer_race_6,or007_6_0.mat,130,0,or_007_6,X130_DE_time,1796,2626,61440,63488
test,fault,outer_race_6,or007_6_0.mat,130,0,or_007_6,X130_DE_time,1796,2627,62464,64512
test,fault,outer_race_6,or007_6_0.mat,130,0,or_007_6,X130_DE_time,1796,2628,63488,65536
test,fault,outer_race_6,or007_6_0.mat,130,0,or_007_6,X130_DE_time,1796,2629,64512,66560
test,fault,outer_race_6,or007_6_0.mat,130,0,or_007_6,X130_DE_time,1796,2630,65536,67584
test,fault,outer_race_6,or007_6_0.mat,130,0,or_007_6,X130_DE_time,1796,2631,66560,68608
test,fault,outer_race_6,or007_6_0.mat,130,0,or_007_6,X130_DE_time,1796,2632,67584,69632
test,fault,outer_race_6,or007_6_0.mat,130,0,or_007_6,X130_DE_time,1796,2633,68608,70656
test,fault,outer_race_6,or007_6_0.mat,130,0,or_007_6,X130_DE_time,1796,2634,69632,71680
test,fault,outer_race_6,or007_6_0.mat,130,0,or_007_6,X130_DE_time,1796,2635,70656,72704
test,fault,outer_race_6,or007_6_0.mat,130,0,or_007_6,X130_DE_time,1796,2636,71680,73728
test,fault,outer_race_6,or007_6_0.mat,130,0,or_007_6,X130_DE_time,1796,2637,72704,74752
test,fault,outer_race_6,or007_6_0.mat,130,0,or_007_6,X130_DE_time,1796,2638,73728,75776
test,fault,outer_race_6,or007_6_0.mat,130,0,or_007_6,X130_DE_time,1796,2639,74752,76800
test,fault,outer_race_6,or007_6_0.mat,130,0,or_007_6,X130_DE_time,1796,2640,75776,77824
test,fault,outer_race_6,or007_6_0.mat,130,0,or_007_6,X130_DE_time,1796,2641,76800,78848
test,fault,outer_race_6,or007_6_0.mat,130,0,or_007_6,X130_DE_time,1796,2642,77824,79872
test,fault,outer_race_6,or007_6_0.mat,130,0,or_007_6,X130_DE_time,1796,2643,78848,80896
test,fault,outer_race_6,or007_6_0.mat,130,0,or_007_6,X130_DE_time,1796,2644,79872,81920
test,fault,outer_race_6,or007_6_0.mat,130,0,or_007_6,X130_DE_time,1796,2645,80896,82944
test,fault,outer_race_6,or007_6_0.mat,130,0,or_007_6,X130_DE_time,1796,2646,81920,83968
test,fault,outer_race_6,or007_6_0.mat,130,0,or_007_6,X130_DE_time,1796,2647,82944,84992
test,fault,outer_race_6,or007_6_0.mat,130,0,or_007_6,X130_DE_time,1796,2648,83968,86016
test,fault,outer_race_6,or007_6_0.mat,130,0,or_007_6,X130_DE_time,1796,2649,84992,87040
test,fault,outer_race_6,or007_6_0.mat,130,0,or_007_6,X130_DE_time,1796,2650,86016,88064
test,fault,outer_race_6,or007_6_0.mat,130,0,or_007_6,X130_DE_time,1796,2651,87040,89088
test,fault,outer_race_6,or007_6_0.mat,130,0,or_007_6,X130_DE_time,1796,2652,88064,90112
test,fault,outer_race_6,or007_6_0.mat,130,0,or_007_6,X130_DE_time,1796,2653,89088,91136
test,fault,outer_race_6,or007_6_0.mat,130,0,or_007_6,X130_DE_time,1796,2654,90112,92160
test,fault,outer_race_6,or007_6_0.mat,130,0,or_007_6,X130_DE_time,1796,2655,91136,93184
test,fault,outer_race_6,or007_6_0.mat,130,0,or_007_6,X130_DE_time,1796,2656,92160,94208
test,fault,outer_race_6,or007_6_0.mat,130,0,or_007_6,X130_DE_time,1796,2657,93184,95232
test,fault,outer_race_6,or007_6_0.mat,130,0,or_007_6,X130_DE_time,1796,2658,94208,96256
test,fault,outer_race_6,or007_6_0.mat,130,0,or_007_6,X130_DE_time,1796,2659,95232,97280
test,fault,outer_race_6,or007_6_0.mat,130,0,or_007_6,X130_DE_time,1796,2660,96256,98304
test,fault,outer_race_6,or007_6_0.mat,130,0,or_007_6,X130_DE_time,1796,2661,97280,99328
test,fault,outer_race_6,or007_6_0.mat,130,0,or_007_6,X130_DE_time,1796,2662,98304,100352
test,fault,outer_race_6,or007_6_0.mat,130,0,or_007_6,X130_DE_time,1796,2663,99328,101376
test,fault,outer_race_6,or007_6_0.mat,130,0,or_007_6,X130_DE_time,1796,2664,100352,102400
test,fault,outer_race_6,or007_6_0.mat,130,0,or_007_6,X130_DE_time,1796,2665,101376,103424
test,fault,outer_race_6,or007_6_0.mat,130,0,or_007_6,X130_DE_time,1796,2666,102400,104448
test,fault,outer_race_6,or007_6_0.mat,130,0,or_007_6,X130_DE_time,1796,2667,103424,105472
test,fault,outer_race_6,or007_6_0.mat,130,0,or_007_6,X130_DE_time,1796,2668,104448,106496
test,fault,outer_race_6,or007_6_0.mat,130,0,or_007_6,X130_DE_time,1796,2669,105472,107520
test,fault,outer_race_6,or007_6_0.mat,130,0,or_007_6,X130_DE_time,1796,2670,106496,108544
test,fault,outer_race_6,or007_6_0.mat,130,0,or_007_6,X130_DE_time,1796,2671,107520,109568
test,fault,outer_race_6,or007_6_0.mat,130,0,or_007_6,X130_DE_time,1796,2672,108544,110592
test,fault,outer_race_6,or007_6_0.mat,130,0,or_007_6,X130_DE_time,1796,2673,109568,111616
test,fault,outer_race_6,or007_6_0.mat,130,0,or_007_6,X130_DE_time,1796,2674,110592,112640
test,fault,outer_race_6,or007_6_0.mat,130,0,or_007_6,X130_DE_time,1796,2675,111616,113664
test,fault,outer_race_6,or007_6_0.mat,130,0,or_007_6,X130_DE_time,1796,2676,112640,114688
test,fault,outer_race_6,or007_6_0.mat,130,0,or_007_6,X130_DE_time,1796,2677,113664,115712
test,fault,outer_race_6,or007_6_0.mat,130,0,or_007_6,X130_DE_time,1796,2678,114688,116736
test,fault,outer_race_6,or007_6_0.mat,130,0,or_007_6,X130_DE_time,1796,2679,115712,117760
test,fault,outer_race_6,or007_6_0.mat,130,0,or_007_6,X130_DE_time,1796,2680,116736,118784
test,fault,outer_race_6,or007_6_0.mat,130,0,or_007_6,X130_DE_time,1796,2681,117760,119808
test,fault,outer_race_6,or007_6_0.mat,130,0,or_007_6,X130_DE_time,1796,2682,118784,120832
test,fault,outer_race_6,or007_6_0.mat,130,0,or_007_6,X130_DE_time,1796,2683,119808,121856
test,fault,outer_race_6,or007_6_1.mat,131,1,or_007_6,X131_DE_time,1773,2684,0,2048
test,fault,outer_race_6,or007_6_1.mat,131,1,or_007_6,X131_DE_time,1773,2685,1024,3072
test,fault,outer_race_6,or007_6_1.mat,131,1,or_007_6,X131_DE_time,1773,2686,2048,4096
test,fault,outer_race_6,or007_6_1.mat,131,1,or_007_6,X131_DE_time,1773,2687,3072,5120
test,fault,outer_race_6,or007_6_1.mat,131,1,or_007_6,X131_DE_time,1773,2688,4096,6144
test,fault,outer_race_6,or007_6_1.mat,131,1,or_007_6,X131_DE_time,1773,2689,5120,7168
test,fault,outer_race_6,or007_6_1.mat,131,1,or_007_6,X131_DE_time,1773,2690,6144,8192
test,fault,outer_race_6,or007_6_1.mat,131,1,or_007_6,X131_DE_time,1773,2691,7168,9216
test,fault,outer_race_6,or007_6_1.mat,131,1,or_007_6,X131_DE_time,1773,2692,8192,10240
test,fault,outer_race_6,or007_6_1.mat,131,1,or_007_6,X131_DE_time,1773,2693,9216,11264
test,fault,outer_race_6,or007_6_1.mat,131,1,or_007_6,X131_DE_time,1773,2694,10240,12288
test,fault,outer_race_6,or007_6_1.mat,131,1,or_007_6,X131_DE_time,1773,2695,11264,13312
test,fault,outer_race_6,or007_6_1.mat,131,1,or_007_6,X131_DE_time,1773,2696,12288,14336
test,fault,outer_race_6,or007_6_1.mat,131,1,or_007_6,X131_DE_time,1773,2697,13312,15360
test,fault,outer_race_6,or007_6_1.mat,131,1,or_007_6,X131_DE_time,1773,2698,14336,16384
test,fault,outer_race_6,or007_6_1.mat,131,1,or_007_6,X131_DE_time,1773,2699,15360,17408
test,fault,outer_race_6,or007_6_1.mat,131,1,or_007_6,X131_DE_time,1773,2700,16384,18432
test,fault,outer_race_6,or007_6_1.mat,131,1,or_007_6,X131_DE_time,1773,2701,17408,19456
test,fault,outer_race_6,or007_6_1.mat,131,1,or_007_6,X131_DE_time,1773,2702,18432,20480
test,fault,outer_race_6,or007_6_1.mat,131,1,or_007_6,X131_DE_time,1773,2703,19456,21504
test,fault,outer_race_6,or007_6_1.mat,131,1,or_007_6,X131_DE_time,1773,2704,20480,22528
test,fault,outer_race_6,or007_6_1.mat,131,1,or_007_6,X131_DE_time,1773,2705,21504,23552
test,fault,outer_race_6,or007_6_1.mat,131,1,or_007_6,X131_DE_time,1773,2706,22528,24576
test,fault,outer_race_6,or007_6_1.mat,131,1,or_007_6,X131_DE_time,1773,2707,23552,25600
test,fault,outer_race_6,or007_6_1.mat,131,1,or_007_6,X131_DE_time,1773,2708,24576,26624
test,fault,outer_race_6,or007_6_1.mat,131,1,or_007_6,X131_DE_time,1773,2709,25600,27648
test,fault,outer_race_6,or007_6_1.mat,131,1,or_007_6,X131_DE_time,1773,2710,26624,28672
test,fault,outer_race_6,or007_6_1.mat,131,1,or_007_6,X131_DE_time,1773,2711,27648,29696
test,fault,outer_race_6,or007_6_1.mat,131,1,or_007_6,X131_DE_time,1773,2712,28672,30720
test,fault,outer_race_6,or007_6_1.mat,131,1,or_007_6,X131_DE_time,1773,2713,29696,31744
test,fault,outer_race_6,or007_6_1.mat,131,1,or_007_6,X131_DE_time,1773,2714,30720,32768
test,fault,outer_race_6,or007_6_1.mat,131,1,or_007_6,X131_DE_time,1773,2715,31744,33792
test,fault,outer_race_6,or007_6_1.mat,131,1,or_007_6,X131_DE_time,1773,2716,32768,34816
test,fault,outer_race_6,or007_6_1.mat,131,1,or_007_6,X131_DE_time,1773,2717,33792,35840
test,fault,outer_race_6,or007_6_1.mat,131,1,or_007_6,X131_DE_time,1773,2718,34816,36864
test,fault,outer_race_6,or007_6_1.mat,131,1,or_007_6,X131_DE_time,1773,2719,35840,37888
test,fault,outer_race_6,or007_6_1.mat,131,1,or_007_6,X131_DE_time,1773,2720,36864,38912
test,fault,outer_race_6,or007_6_1.mat,131,1,or_007_6,X131_DE_time,1773,2721,37888,39936
test,fault,outer_race_6,or007_6_1.mat,131,1,or_007_6,X131_DE_time,1773,2722,38912,40960
test,fault,outer_race_6,or007_6_1.mat,131,1,or_007_6,X131_DE_time,1773,2723,39936,41984
test,fault,outer_race_6,or007_6_1.mat,131,1,or_007_6,X131_DE_time,1773,2724,40960,43008
test,fault,outer_race_6,or007_6_1.mat,131,1,or_007_6,X131_DE_time,1773,2725,41984,44032
test,fault,outer_race_6,or007_6_1.mat,131,1,or_007_6,X131_DE_time,1773,2726,43008,45056
test,fault,outer_race_6,or007_6_1.mat,131,1,or_007_6,X131_DE_time,1773,2727,44032,46080
test,fault,outer_race_6,or007_6_1.mat,131,1,or_007_6,X131_DE_time,1773,2728,45056,47104
test,fault,outer_race_6,or007_6_1.mat,131,1,or_007_6,X131_DE_time,1773,2729,46080,48128
test,fault,outer_race_6,or007_6_1.mat,131,1,or_007_6,X131_DE_time,1773,2730,47104,49152
test,fault,outer_race_6,or007_6_1.mat,131,1,or_007_6,X131_DE_time,1773,2731,48128,50176
test,fault,outer_race_6,or007_6_1.mat,131,1,or_007_6,X131_DE_time,1773,2732,49152,51200
test,fault,outer_race_6,or007_6_1.mat,131,1,or_007_6,X131_DE_time,1773,2733,50176,52224
test,fault,outer_race_6,or007_6_1.mat,131,1,or_007_6,X131_DE_time,1773,2734,51200,53248
test,fault,outer_race_6,or007_6_1.mat,131,1,or_007_6,X131_DE_time,1773,2735,52224,54272
test,fault,outer_race_6,or007_6_1.mat,131,1,or_007_6,X131_DE_time,1773,2736,53248,55296
test,fault,outer_race_6,or007_6_1.mat,131,1,or_007_6,X131_DE_time,1773,2737,54272,56320
test,fault,outer_race_6,or007_6_1.mat,131,1,or_007_6,X131_DE_time,1773,2738,55296,57344
test,fault,outer_race_6,or007_6_1.mat,131,1,or_007_6,X131_DE_time,1773,2739,56320,58368
test,fault,outer_race_6,or007_6_1.mat,131,1,or_007_6,X131_DE_time,1773,2740,57344,59392
test,fault,outer_race_6,or007_6_1.mat,131,1,or_007_6,X131_DE_time,1773,2741,58368,60416
test,fault,outer_race_6,or007_6_1.mat,131,1,or_007_6,X131_DE_time,1773,2742,59392,61440
test,fault,outer_race_6,or007_6_1.mat,131,1,or_007_6,X131_DE_time,1773,2743,60416,62464
test,fault,outer_race_6,or007_6_1.mat,131,1,or_007_6,X131_DE_time,1773,2744,61440,63488
test,fault,outer_race_6,or007_6_1.mat,131,1,or_007_6,X131_DE_time,1773,2745,62464,64512
test,fault,outer_race_6,or007_6_1.mat,131,1,or_007_6,X131_DE_time,1773,2746,63488,65536
test,fault,outer_race_6,or007_6_1.mat,131,1,or_007_6,X131_DE_time,1773,2747,64512,66560
test,fault,outer_race_6,or007_6_1.mat,131,1,or_007_6,X131_DE_time,1773,2748,65536,67584
test,fault,outer_race_6,or007_6_1.mat,131,1,or_007_6,X131_DE_time,1773,2749,66560,68608
test,fault,outer_race_6,or007_6_1.mat,131,1,or_007_6,X131_DE_time,1773,2750,67584,69632
test,fault,outer_race_6,or007_6_1.mat,131,1,or_007_6,X131_DE_time,1773,2751,68608,70656
test,fault,outer_race_6,or007_6_1.mat,131,1,or_007_6,X131_DE_time,1773,2752,69632,71680
test,fault,outer_race_6,or007_6_1.mat,131,1,or_007_6,X131_DE_time,1773,2753,70656,72704
test,fault,outer_race_6,or007_6_1.mat,131,1,or_007_6,X131_DE_time,1773,2754,71680,73728
test,fault,outer_race_6,or007_6_1.mat,131,1,or_007_6,X131_DE_time,1773,2755,72704,74752
test,fault,outer_race_6,or007_6_1.mat,131,1,or_007_6,X131_DE_time,1773,2756,73728,75776
test,fault,outer_race_6,or007_6_1.mat,131,1,or_007_6,X131_DE_time,1773,2757,74752,76800
test,fault,outer_race_6,or007_6_1.mat,131,1,or_007_6,X131_DE_time,1773,2758,75776,77824
test,fault,outer_race_6,or007_6_1.mat,131,1,or_007_6,X131_DE_time,1773,2759,76800,78848
test,fault,outer_race_6,or007_6_1.mat,131,1,or_007_6,X131_DE_time,1773,2760,77824,79872
test,fault,outer_race_6,or007_6_1.mat,131,1,or_007_6,X131_DE_time,1773,2761,78848,80896
test,fault,outer_race_6,or007_6_1.mat,131,1,or_007_6,X131_DE_time,1773,2762,79872,81920
test,fault,outer_race_6,or007_6_1.mat,131,1,or_007_6,X131_DE_time,1773,2763,80896,82944
test,fault,outer_race_6,or007_6_1.mat,131,1,or_007_6,X131_DE_time,1773,2764,81920,83968
test,fault,outer_race_6,or007_6_1.mat,131,1,or_007_6,X131_DE_time,1773,2765,82944,84992
test,fault,outer_race_6,or007_6_1.mat,131,1,or_007_6,X131_DE_time,1773,2766,83968,86016
test,fault,outer_race_6,or007_6_1.mat,131,1,or_007_6,X131_DE_time,1773,2767,84992,87040
test,fault,outer_race_6,or007_6_1.mat,131,1,or_007_6,X131_DE_time,1773,2768,86016,88064
test,fault,outer_race_6,or007_6_1.mat,131,1,or_007_6,X131_DE_time,1773,2769,87040,89088
test,fault,outer_race_6,or007_6_1.mat,131,1,or_007_6,X131_DE_time,1773,2770,88064,90112
test,fault,outer_race_6,or007_6_1.mat,131,1,or_007_6,X131_DE_time,1773,2771,89088,91136
test,fault,outer_race_6,or007_6_1.mat,131,1,or_007_6,X131_DE_time,1773,2772,90112,92160
test,fault,outer_race_6,or007_6_1.mat,131,1,or_007_6,X131_DE_time,1773,2773,91136,93184
test,fault,outer_race_6,or007_6_1.mat,131,1,or_007_6,X131_DE_time,1773,2774,92160,94208
test,fault,outer_race_6,or007_6_1.mat,131,1,or_007_6,X131_DE_time,1773,2775,93184,95232
test,fault,outer_race_6,or007_6_1.mat,131,1,or_007_6,X131_DE_time,1773,2776,94208,96256
test,fault,outer_race_6,or007_6_1.mat,131,1,or_007_6,X131_DE_time,1773,2777,95232,97280
test,fault,outer_race_6,or007_6_1.mat,131,1,or_007_6,X131_DE_time,1773,2778,96256,98304
test,fault,outer_race_6,or007_6_1.mat,131,1,or_007_6,X131_DE_time,1773,2779,97280,99328
test,fault,outer_race_6,or007_6_1.mat,131,1,or_007_6,X131_DE_time,1773,2780,98304,100352
test,fault,outer_race_6,or007_6_1.mat,131,1,or_007_6,X131_DE_time,1773,2781,99328,101376
test,fault,outer_race_6,or007_6_1.mat,131,1,or_007_6,X131_DE_time,1773,2782,100352,102400
test,fault,outer_race_6,or007_6_1.mat,131,1,or_007_6,X131_DE_time,1773,2783,101376,103424
test,fault,outer_race_6,or007_6_1.mat,131,1,or_007_6,X131_DE_time,1773,2784,102400,104448
test,fault,outer_race_6,or007_6_1.mat,131,1,or_007_6,X131_DE_time,1773,2785,103424,105472
test,fault,outer_race_6,or007_6_1.mat,131,1,or_007_6,X131_DE_time,1773,2786,104448,106496
test,fault,outer_race_6,or007_6_1.mat,131,1,or_007_6,X131_DE_time,1773,2787,105472,107520
test,fault,outer_race_6,or007_6_1.mat,131,1,or_007_6,X131_DE_time,1773,2788,106496,108544
test,fault,outer_race_6,or007_6_1.mat,131,1,or_007_6,X131_DE_time,1773,2789,107520,109568
test,fault,outer_race_6,or007_6_1.mat,131,1,or_007_6,X131_DE_time,1773,2790,108544,110592
test,fault,outer_race_6,or007_6_1.mat,131,1,or_007_6,X131_DE_time,1773,2791,109568,111616
test,fault,outer_race_6,or007_6_1.mat,131,1,or_007_6,X131_DE_time,1773,2792,110592,112640
test,fault,outer_race_6,or007_6_1.mat,131,1,or_007_6,X131_DE_time,1773,2793,111616,113664
test,fault,outer_race_6,or007_6_1.mat,131,1,or_007_6,X131_DE_time,1773,2794,112640,114688
test,fault,outer_race_6,or007_6_1.mat,131,1,or_007_6,X131_DE_time,1773,2795,113664,115712
test,fault,outer_race_6,or007_6_1.mat,131,1,or_007_6,X131_DE_time,1773,2796,114688,116736
test,fault,outer_race_6,or007_6_1.mat,131,1,or_007_6,X131_DE_time,1773,2797,115712,117760
test,fault,outer_race_6,or007_6_1.mat,131,1,or_007_6,X131_DE_time,1773,2798,116736,118784
test,fault,outer_race_6,or007_6_1.mat,131,1,or_007_6,X131_DE_time,1773,2799,117760,119808
test,fault,outer_race_6,or007_6_1.mat,131,1,or_007_6,X131_DE_time,1773,2800,118784,120832
test,fault,outer_race_6,or007_6_1.mat,131,1,or_007_6,X131_DE_time,1773,2801,119808,121856
test,fault,outer_race_6,or007_6_2.mat,132,2,or_007_6,X132_DE_time,1750,2802,0,2048
test,fault,outer_race_6,or007_6_2.mat,132,2,or_007_6,X132_DE_time,1750,2803,1024,3072
test,fault,outer_race_6,or007_6_2.mat,132,2,or_007_6,X132_DE_time,1750,2804,2048,4096
test,fault,outer_race_6,or007_6_2.mat,132,2,or_007_6,X132_DE_time,1750,2805,3072,5120
test,fault,outer_race_6,or007_6_2.mat,132,2,or_007_6,X132_DE_time,1750,2806,4096,6144
test,fault,outer_race_6,or007_6_2.mat,132,2,or_007_6,X132_DE_time,1750,2807,5120,7168
test,fault,outer_race_6,or007_6_2.mat,132,2,or_007_6,X132_DE_time,1750,2808,6144,8192
test,fault,outer_race_6,or007_6_2.mat,132,2,or_007_6,X132_DE_time,1750,2809,7168,9216
test,fault,outer_race_6,or007_6_2.mat,132,2,or_007_6,X132_DE_time,1750,2810,8192,10240
test,fault,outer_race_6,or007_6_2.mat,132,2,or_007_6,X132_DE_time,1750,2811,9216,11264
test,fault,outer_race_6,or007_6_2.mat,132,2,or_007_6,X132_DE_time,1750,2812,10240,12288
test,fault,outer_race_6,or007_6_2.mat,132,2,or_007_6,X132_DE_time,1750,2813,11264,13312
test,fault,outer_race_6,or007_6_2.mat,132,2,or_007_6,X132_DE_time,1750,2814,12288,14336
test,fault,outer_race_6,or007_6_2.mat,132,2,or_007_6,X132_DE_time,1750,2815,13312,15360
test,fault,outer_race_6,or007_6_2.mat,132,2,or_007_6,X132_DE_time,1750,2816,14336,16384
test,fault,outer_race_6,or007_6_2.mat,132,2,or_007_6,X132_DE_time,1750,2817,15360,17408
test,fault,outer_race_6,or007_6_2.mat,132,2,or_007_6,X132_DE_time,1750,2818,16384,18432
test,fault,outer_race_6,or007_6_2.mat,132,2,or_007_6,X132_DE_time,1750,2819,17408,19456
test,fault,outer_race_6,or007_6_2.mat,132,2,or_007_6,X132_DE_time,1750,2820,18432,20480
test,fault,outer_race_6,or007_6_2.mat,132,2,or_007_6,X132_DE_time,1750,2821,19456,21504
test,fault,outer_race_6,or007_6_2.mat,132,2,or_007_6,X132_DE_time,1750,2822,20480,22528
test,fault,outer_race_6,or007_6_2.mat,132,2,or_007_6,X132_DE_time,1750,2823,21504,23552
test,fault,outer_race_6,or007_6_2.mat,132,2,or_007_6,X132_DE_time,1750,2824,22528,24576
test,fault,outer_race_6,or007_6_2.mat,132,2,or_007_6,X132_DE_time,1750,2825,23552,25600
test,fault,outer_race_6,or007_6_2.mat,132,2,or_007_6,X132_DE_time,1750,2826,24576,26624
test,fault,outer_race_6,or007_6_2.mat,132,2,or_007_6,X132_DE_time,1750,2827,25600,27648
test,fault,outer_race_6,or007_6_2.mat,132,2,or_007_6,X132_DE_time,1750,2828,26624,28672
test,fault,outer_race_6,or007_6_2.mat,132,2,or_007_6,X132_DE_time,1750,2829,27648,29696
test,fault,outer_race_6,or007_6_2.mat,132,2,or_007_6,X132_DE_time,1750,2830,28672,30720
test,fault,outer_race_6,or007_6_2.mat,132,2,or_007_6,X132_DE_time,1750,2831,29696,31744
test,fault,outer_race_6,or007_6_2.mat,132,2,or_007_6,X132_DE_time,1750,2832,30720,32768
test,fault,outer_race_6,or007_6_2.mat,132,2,or_007_6,X132_DE_time,1750,2833,31744,33792
test,fault,outer_race_6,or007_6_2.mat,132,2,or_007_6,X132_DE_time,1750,2834,32768,34816
test,fault,outer_race_6,or007_6_2.mat,132,2,or_007_6,X132_DE_time,1750,2835,33792,35840
test,fault,outer_race_6,or007_6_2.mat,132,2,or_007_6,X132_DE_time,1750,2836,34816,36864
test,fault,outer_race_6,or007_6_2.mat,132,2,or_007_6,X132_DE_time,1750,2837,35840,37888
test,fault,outer_race_6,or007_6_2.mat,132,2,or_007_6,X132_DE_time,1750,2838,36864,38912
test,fault,outer_race_6,or007_6_2.mat,132,2,or_007_6,X132_DE_time,1750,2839,37888,39936
test,fault,outer_race_6,or007_6_2.mat,132,2,or_007_6,X132_DE_time,1750,2840,38912,40960
test,fault,outer_race_6,or007_6_2.mat,132,2,or_007_6,X132_DE_time,1750,2841,39936,41984
test,fault,outer_race_6,or007_6_2.mat,132,2,or_007_6,X132_DE_time,1750,2842,40960,43008
test,fault,outer_race_6,or007_6_2.mat,132,2,or_007_6,X132_DE_time,1750,2843,41984,44032
test,fault,outer_race_6,or007_6_2.mat,132,2,or_007_6,X132_DE_time,1750,2844,43008,45056
test,fault,outer_race_6,or007_6_2.mat,132,2,or_007_6,X132_DE_time,1750,2845,44032,46080
test,fault,outer_race_6,or007_6_2.mat,132,2,or_007_6,X132_DE_time,1750,2846,45056,47104
test,fault,outer_race_6,or007_6_2.mat,132,2,or_007_6,X132_DE_time,1750,2847,46080,48128
test,fault,outer_race_6,or007_6_2.mat,132,2,or_007_6,X132_DE_time,1750,2848,47104,49152
test,fault,outer_race_6,or007_6_2.mat,132,2,or_007_6,X132_DE_time,1750,2849,48128,50176
test,fault,outer_race_6,or007_6_2.mat,132,2,or_007_6,X132_DE_time,1750,2850,49152,51200
test,fault,outer_race_6,or007_6_2.mat,132,2,or_007_6,X132_DE_time,1750,2851,50176,52224
test,fault,outer_race_6,or007_6_2.mat,132,2,or_007_6,X132_DE_time,1750,2852,51200,53248
test,fault,outer_race_6,or007_6_2.mat,132,2,or_007_6,X132_DE_time,1750,2853,52224,54272
test,fault,outer_race_6,or007_6_2.mat,132,2,or_007_6,X132_DE_time,1750,2854,53248,55296
test,fault,outer_race_6,or007_6_2.mat,132,2,or_007_6,X132_DE_time,1750,2855,54272,56320
test,fault,outer_race_6,or007_6_2.mat,132,2,or_007_6,X132_DE_time,1750,2856,55296,57344
test,fault,outer_race_6,or007_6_2.mat,132,2,or_007_6,X132_DE_time,1750,2857,56320,58368
test,fault,outer_race_6,or007_6_2.mat,132,2,or_007_6,X132_DE_time,1750,2858,57344,59392
test,fault,outer_race_6,or007_6_2.mat,132,2,or_007_6,X132_DE_time,1750,2859,58368,60416
test,fault,outer_race_6,or007_6_2.mat,132,2,or_007_6,X132_DE_time,1750,2860,59392,61440
test,fault,outer_race_6,or007_6_2.mat,132,2,or_007_6,X132_DE_time,1750,2861,60416,62464
test,fault,outer_race_6,or007_6_2.mat,132,2,or_007_6,X132_DE_time,1750,2862,61440,63488
test,fault,outer_race_6,or007_6_2.mat,132,2,or_007_6,X132_DE_time,1750,2863,62464,64512
test,fault,outer_race_6,or007_6_2.mat,132,2,or_007_6,X132_DE_time,1750,2864,63488,65536
test,fault,outer_race_6,or007_6_2.mat,132,2,or_007_6,X132_DE_time,1750,2865,64512,66560
test,fault,outer_race_6,or007_6_2.mat,132,2,or_007_6,X132_DE_time,1750,2866,65536,67584
test,fault,outer_race_6,or007_6_2.mat,132,2,or_007_6,X132_DE_time,1750,2867,66560,68608
test,fault,outer_race_6,or007_6_2.mat,132,2,or_007_6,X132_DE_time,1750,2868,67584,69632
test,fault,outer_race_6,or007_6_2.mat,132,2,or_007_6,X132_DE_time,1750,2869,68608,70656
test,fault,outer_race_6,or007_6_2.mat,132,2,or_007_6,X132_DE_time,1750,2870,69632,71680
test,fault,outer_race_6,or007_6_2.mat,132,2,or_007_6,X132_DE_time,1750,2871,70656,72704
test,fault,outer_race_6,or007_6_2.mat,132,2,or_007_6,X132_DE_time,1750,2872,71680,73728
test,fault,outer_race_6,or007_6_2.mat,132,2,or_007_6,X132_DE_time,1750,2873,72704,74752
test,fault,outer_race_6,or007_6_2.mat,132,2,or_007_6,X132_DE_time,1750,2874,73728,75776
test,fault,outer_race_6,or007_6_2.mat,132,2,or_007_6,X132_DE_time,1750,2875,74752,76800
test,fault,outer_race_6,or007_6_2.mat,132,2,or_007_6,X132_DE_time,1750,2876,75776,77824
test,fault,outer_race_6,or007_6_2.mat,132,2,or_007_6,X132_DE_time,1750,2877,76800,78848
test,fault,outer_race_6,or007_6_2.mat,132,2,or_007_6,X132_DE_time,1750,2878,77824,79872
test,fault,outer_race_6,or007_6_2.mat,132,2,or_007_6,X132_DE_time,1750,2879,78848,80896
test,fault,outer_race_6,or007_6_2.mat,132,2,or_007_6,X132_DE_time,1750,2880,79872,81920
test,fault,outer_race_6,or007_6_2.mat,132,2,or_007_6,X132_DE_time,1750,2881,80896,82944
test,fault,outer_race_6,or007_6_2.mat,132,2,or_007_6,X132_DE_time,1750,2882,81920,83968
test,fault,outer_race_6,or007_6_2.mat,132,2,or_007_6,X132_DE_time,1750,2883,82944,84992
test,fault,outer_race_6,or007_6_2.mat,132,2,or_007_6,X132_DE_time,1750,2884,83968,86016
test,fault,outer_race_6,or007_6_2.mat,132,2,or_007_6,X132_DE_time,1750,2885,84992,87040
test,fault,outer_race_6,or007_6_2.mat,132,2,or_007_6,X132_DE_time,1750,2886,86016,88064
test,fault,outer_race_6,or007_6_2.mat,132,2,or_007_6,X132_DE_time,1750,2887,87040,89088
test,fault,outer_race_6,or007_6_2.mat,132,2,or_007_6,X132_DE_time,1750,2888,88064,90112
test,fault,outer_race_6,or007_6_2.mat,132,2,or_007_6,X132_DE_time,1750,2889,89088,91136
test,fault,outer_race_6,or007_6_2.mat,132,2,or_007_6,X132_DE_time,1750,2890,90112,92160
test,fault,outer_race_6,or007_6_2.mat,132,2,or_007_6,X132_DE_time,1750,2891,91136,93184
test,fault,outer_race_6,or007_6_2.mat,132,2,or_007_6,X132_DE_time,1750,2892,92160,94208
test,fault,outer_race_6,or007_6_2.mat,132,2,or_007_6,X132_DE_time,1750,2893,93184,95232
test,fault,outer_race_6,or007_6_2.mat,132,2,or_007_6,X132_DE_time,1750,2894,94208,96256
test,fault,outer_race_6,or007_6_2.mat,132,2,or_007_6,X132_DE_time,1750,2895,95232,97280
test,fault,outer_race_6,or007_6_2.mat,132,2,or_007_6,X132_DE_time,1750,2896,96256,98304
test,fault,outer_race_6,or007_6_2.mat,132,2,or_007_6,X132_DE_time,1750,2897,97280,99328
test,fault,outer_race_6,or007_6_2.mat,132,2,or_007_6,X132_DE_time,1750,2898,98304,100352
test,fault,outer_race_6,or007_6_2.mat,132,2,or_007_6,X132_DE_time,1750,2899,99328,101376
test,fault,outer_race_6,or007_6_2.mat,132,2,or_007_6,X132_DE_time,1750,2900,100352,102400
test,fault,outer_race_6,or007_6_2.mat,132,2,or_007_6,X132_DE_time,1750,2901,101376,103424
test,fault,outer_race_6,or007_6_2.mat,132,2,or_007_6,X132_DE_time,1750,2902,102400,104448
test,fault,outer_race_6,or007_6_2.mat,132,2,or_007_6,X132_DE_time,1750,2903,103424,105472
test,fault,outer_race_6,or007_6_2.mat,132,2,or_007_6,X132_DE_time,1750,2904,104448,106496
test,fault,outer_race_6,or007_6_2.mat,132,2,or_007_6,X132_DE_time,1750,2905,105472,107520
test,fault,outer_race_6,or007_6_2.mat,132,2,or_007_6,X132_DE_time,1750,2906,106496,108544
test,fault,outer_race_6,or007_6_2.mat,132,2,or_007_6,X132_DE_time,1750,2907,107520,109568
test,fault,outer_race_6,or007_6_2.mat,132,2,or_007_6,X132_DE_time,1750,2908,108544,110592
test,fault,outer_race_6,or007_6_2.mat,132,2,or_007_6,X132_DE_time,1750,2909,109568,111616
test,fault,outer_race_6,or007_6_2.mat,132,2,or_007_6,X132_DE_time,1750,2910,110592,112640
test,fault,outer_race_6,or007_6_2.mat,132,2,or_007_6,X132_DE_time,1750,2911,111616,113664
test,fault,outer_race_6,or007_6_2.mat,132,2,or_007_6,X132_DE_time,1750,2912,112640,114688
test,fault,outer_race_6,or007_6_2.mat,132,2,or_007_6,X132_DE_time,1750,2913,113664,115712
test,fault,outer_race_6,or007_6_2.mat,132,2,or_007_6,X132_DE_time,1750,2914,114688,116736
test,fault,outer_race_6,or007_6_2.mat,132,2,or_007_6,X132_DE_time,1750,2915,115712,117760
test,fault,outer_race_6,or007_6_2.mat,132,2,or_007_6,X132_DE_time,1750,2916,116736,118784
test,fault,outer_race_6,or007_6_2.mat,132,2,or_007_6,X132_DE_time,1750,2917,117760,119808
test,fault,outer_race_6,or007_6_2.mat,132,2,or_007_6,X132_DE_time,1750,2918,118784,120832
test,fault,outer_race_6,or007_6_3.mat,133,3,or_007_6,X133_DE_time,1725,2919,0,2048
test,fault,outer_race_6,or007_6_3.mat,133,3,or_007_6,X133_DE_time,1725,2920,1024,3072
test,fault,outer_race_6,or007_6_3.mat,133,3,or_007_6,X133_DE_time,1725,2921,2048,4096
test,fault,outer_race_6,or007_6_3.mat,133,3,or_007_6,X133_DE_time,1725,2922,3072,5120
test,fault,outer_race_6,or007_6_3.mat,133,3,or_007_6,X133_DE_time,1725,2923,4096,6144
test,fault,outer_race_6,or007_6_3.mat,133,3,or_007_6,X133_DE_time,1725,2924,5120,7168
test,fault,outer_race_6,or007_6_3.mat,133,3,or_007_6,X133_DE_time,1725,2925,6144,8192
test,fault,outer_race_6,or007_6_3.mat,133,3,or_007_6,X133_DE_time,1725,2926,7168,9216
test,fault,outer_race_6,or007_6_3.mat,133,3,or_007_6,X133_DE_time,1725,2927,8192,10240
test,fault,outer_race_6,or007_6_3.mat,133,3,or_007_6,X133_DE_time,1725,2928,9216,11264
test,fault,outer_race_6,or007_6_3.mat,133,3,or_007_6,X133_DE_time,1725,2929,10240,12288
test,fault,outer_race_6,or007_6_3.mat,133,3,or_007_6,X133_DE_time,1725,2930,11264,13312
test,fault,outer_race_6,or007_6_3.mat,133,3,or_007_6,X133_DE_time,1725,2931,12288,14336
test,fault,outer_race_6,or007_6_3.mat,133,3,or_007_6,X133_DE_time,1725,2932,13312,15360
test,fault,outer_race_6,or007_6_3.mat,133,3,or_007_6,X133_DE_time,1725,2933,14336,16384
test,fault,outer_race_6,or007_6_3.mat,133,3,or_007_6,X133_DE_time,1725,2934,15360,17408
test,fault,outer_race_6,or007_6_3.mat,133,3,or_007_6,X133_DE_time,1725,2935,16384,18432
test,fault,outer_race_6,or007_6_3.mat,133,3,or_007_6,X133_DE_time,1725,2936,17408,19456
test,fault,outer_race_6,or007_6_3.mat,133,3,or_007_6,X133_DE_time,1725,2937,18432,20480
test,fault,outer_race_6,or007_6_3.mat,133,3,or_007_6,X133_DE_time,1725,2938,19456,21504
test,fault,outer_race_6,or007_6_3.mat,133,3,or_007_6,X133_DE_time,1725,2939,20480,22528
test,fault,outer_race_6,or007_6_3.mat,133,3,or_007_6,X133_DE_time,1725,2940,21504,23552
test,fault,outer_race_6,or007_6_3.mat,133,3,or_007_6,X133_DE_time,1725,2941,22528,24576
test,fault,outer_race_6,or007_6_3.mat,133,3,or_007_6,X133_DE_time,1725,2942,23552,25600
test,fault,outer_race_6,or007_6_3.mat,133,3,or_007_6,X133_DE_time,1725,2943,24576,26624
test,fault,outer_race_6,or007_6_3.mat,133,3,or_007_6,X133_DE_time,1725,2944,25600,27648
test,fault,outer_race_6,or007_6_3.mat,133,3,or_007_6,X133_DE_time,1725,2945,26624,28672
test,fault,outer_race_6,or007_6_3.mat,133,3,or_007_6,X133_DE_time,1725,2946,27648,29696
test,fault,outer_race_6,or007_6_3.mat,133,3,or_007_6,X133_DE_time,1725,2947,28672,30720
test,fault,outer_race_6,or007_6_3.mat,133,3,or_007_6,X133_DE_time,1725,2948,29696,31744
test,fault,outer_race_6,or007_6_3.mat,133,3,or_007_6,X133_DE_time,1725,2949,30720,32768
test,fault,outer_race_6,or007_6_3.mat,133,3,or_007_6,X133_DE_time,1725,2950,31744,33792
test,fault,outer_race_6,or007_6_3.mat,133,3,or_007_6,X133_DE_time,1725,2951,32768,34816
test,fault,outer_race_6,or007_6_3.mat,133,3,or_007_6,X133_DE_time,1725,2952,33792,35840
test,fault,outer_race_6,or007_6_3.mat,133,3,or_007_6,X133_DE_time,1725,2953,34816,36864
test,fault,outer_race_6,or007_6_3.mat,133,3,or_007_6,X133_DE_time,1725,2954,35840,37888
test,fault,outer_race_6,or007_6_3.mat,133,3,or_007_6,X133_DE_time,1725,2955,36864,38912
test,fault,outer_race_6,or007_6_3.mat,133,3,or_007_6,X133_DE_time,1725,2956,37888,39936
test,fault,outer_race_6,or007_6_3.mat,133,3,or_007_6,X133_DE_time,1725,2957,38912,40960
test,fault,outer_race_6,or007_6_3.mat,133,3,or_007_6,X133_DE_time,1725,2958,39936,41984
test,fault,outer_race_6,or007_6_3.mat,133,3,or_007_6,X133_DE_time,1725,2959,40960,43008
test,fault,outer_race_6,or007_6_3.mat,133,3,or_007_6,X133_DE_time,1725,2960,41984,44032
test,fault,outer_race_6,or007_6_3.mat,133,3,or_007_6,X133_DE_time,1725,2961,43008,45056
test,fault,outer_race_6,or007_6_3.mat,133,3,or_007_6,X133_DE_time,1725,2962,44032,46080
test,fault,outer_race_6,or007_6_3.mat,133,3,or_007_6,X133_DE_time,1725,2963,45056,47104
test,fault,outer_race_6,or007_6_3.mat,133,3,or_007_6,X133_DE_time,1725,2964,46080,48128
test,fault,outer_race_6,or007_6_3.mat,133,3,or_007_6,X133_DE_time,1725,2965,47104,49152
test,fault,outer_race_6,or007_6_3.mat,133,3,or_007_6,X133_DE_time,1725,2966,48128,50176
test,fault,outer_race_6,or007_6_3.mat,133,3,or_007_6,X133_DE_time,1725,2967,49152,51200
test,fault,outer_race_6,or007_6_3.mat,133,3,or_007_6,X133_DE_time,1725,2968,50176,52224
test,fault,outer_race_6,or007_6_3.mat,133,3,or_007_6,X133_DE_time,1725,2969,51200,53248
test,fault,outer_race_6,or007_6_3.mat,133,3,or_007_6,X133_DE_time,1725,2970,52224,54272
test,fault,outer_race_6,or007_6_3.mat,133,3,or_007_6,X133_DE_time,1725,2971,53248,55296
test,fault,outer_race_6,or007_6_3.mat,133,3,or_007_6,X133_DE_time,1725,2972,54272,56320
test,fault,outer_race_6,or007_6_3.mat,133,3,or_007_6,X133_DE_time,1725,2973,55296,57344
test,fault,outer_race_6,or007_6_3.mat,133,3,or_007_6,X133_DE_time,1725,2974,56320,58368
test,fault,outer_race_6,or007_6_3.mat,133,3,or_007_6,X133_DE_time,1725,2975,57344,59392
test,fault,outer_race_6,or007_6_3.mat,133,3,or_007_6,X133_DE_time,1725,2976,58368,60416
test,fault,outer_race_6,or007_6_3.mat,133,3,or_007_6,X133_DE_time,1725,2977,59392,61440
test,fault,outer_race_6,or007_6_3.mat,133,3,or_007_6,X133_DE_time,1725,2978,60416,62464
test,fault,outer_race_6,or007_6_3.mat,133,3,or_007_6,X133_DE_time,1725,2979,61440,63488
test,fault,outer_race_6,or007_6_3.mat,133,3,or_007_6,X133_DE_time,1725,2980,62464,64512
test,fault,outer_race_6,or007_6_3.mat,133,3,or_007_6,X133_DE_time,1725,2981,63488,65536
test,fault,outer_race_6,or007_6_3.mat,133,3,or_007_6,X133_DE_time,1725,2982,64512,66560
test,fault,outer_race_6,or007_6_3.mat,133,3,or_007_6,X133_DE_time,1725,2983,65536,67584
test,fault,outer_race_6,or007_6_3.mat,133,3,or_007_6,X133_DE_time,1725,2984,66560,68608
test,fault,outer_race_6,or007_6_3.mat,133,3,or_007_6,X133_DE_time,1725,2985,67584,69632
test,fault,outer_race_6,or007_6_3.mat,133,3,or_007_6,X133_DE_time,1725,2986,68608,70656
test,fault,outer_race_6,or007_6_3.mat,133,3,or_007_6,X133_DE_time,1725,2987,69632,71680
test,fault,outer_race_6,or007_6_3.mat,133,3,or_007_6,X133_DE_time,1725,2988,70656,72704
test,fault,outer_race_6,or007_6_3.mat,133,3,or_007_6,X133_DE_time,1725,2989,71680,73728
test,fault,outer_race_6,or007_6_3.mat,133,3,or_007_6,X133_DE_time,1725,2990,72704,74752
test,fault,outer_race_6,or007_6_3.mat,133,3,or_007_6,X133_DE_time,1725,2991,73728,75776
test,fault,outer_race_6,or007_6_3.mat,133,3,or_007_6,X133_DE_time,1725,2992,74752,76800
test,fault,outer_race_6,or007_6_3.mat,133,3,or_007_6,X133_DE_time,1725,2993,75776,77824
test,fault,outer_race_6,or007_6_3.mat,133,3,or_007_6,X133_DE_time,1725,2994,76800,78848
test,fault,outer_race_6,or007_6_3.mat,133,3,or_007_6,X133_DE_time,1725,2995,77824,79872
test,fault,outer_race_6,or007_6_3.mat,133,3,or_007_6,X133_DE_time,1725,2996,78848,80896
test,fault,outer_race_6,or007_6_3.mat,133,3,or_007_6,X133_DE_time,1725,2997,79872,81920
test,fault,outer_race_6,or007_6_3.mat,133,3,or_007_6,X133_DE_time,1725,2998,80896,82944
test,fault,outer_race_6,or007_6_3.mat,133,3,or_007_6,X133_DE_time,1725,2999,81920,83968
test,fault,outer_race_6,or007_6_3.mat,133,3,or_007_6,X133_DE_time,1725,3000,82944,84992
test,fault,outer_race_6,or007_6_3.mat,133,3,or_007_6,X133_DE_time,1725,3001,83968,86016
test,fault,outer_race_6,or007_6_3.mat,133,3,or_007_6,X133_DE_time,1725,3002,84992,87040
test,fault,outer_race_6,or007_6_3.mat,133,3,or_007_6,X133_DE_time,1725,3003,86016,88064
test,fault,outer_race_6,or007_6_3.mat,133,3,or_007_6,X133_DE_time,1725,3004,87040,89088
test,fault,outer_race_6,or007_6_3.mat,133,3,or_007_6,X133_DE_time,1725,3005,88064,90112
test,fault,outer_race_6,or007_6_3.mat,133,3,or_007_6,X133_DE_time,1725,3006,89088,91136
test,fault,outer_race_6,or007_6_3.mat,133,3,or_007_6,X133_DE_time,1725,3007,90112,92160
test,fault,outer_race_6,or007_6_3.mat,133,3,or_007_6,X133_DE_time,1725,3008,91136,93184
test,fault,outer_race_6,or007_6_3.mat,133,3,or_007_6,X133_DE_time,1725,3009,92160,94208
test,fault,outer_race_6,or007_6_3.mat,133,3,or_007_6,X133_DE_time,1725,3010,93184,95232
test,fault,outer_race_6,or007_6_3.mat,133,3,or_007_6,X133_DE_time,1725,3011,94208,96256
test,fault,outer_race_6,or007_6_3.mat,133,3,or_007_6,X133_DE_time,1725,3012,95232,97280
test,fault,outer_race_6,or007_6_3.mat,133,3,or_007_6,X133_DE_time,1725,3013,96256,98304
test,fault,outer_race_6,or007_6_3.mat,133,3,or_007_6,X133_DE_time,1725,3014,97280,99328
test,fault,outer_race_6,or007_6_3.mat,133,3,or_007_6,X133_DE_time,1725,3015,98304,100352
test,fault,outer_race_6,or007_6_3.mat,133,3,or_007_6,X133_DE_time,1725,3016,99328,101376
test,fault,outer_race_6,or007_6_3.mat,133,3,or_007_6,X133_DE_time,1725,3017,100352,102400
test,fault,outer_race_6,or007_6_3.mat,133,3,or_007_6,X133_DE_time,1725,3018,101376,103424
test,fault,outer_race_6,or007_6_3.mat,133,3,or_007_6,X133_DE_time,1725,3019,102400,104448
test,fault,outer_race_6,or007_6_3.mat,133,3,or_007_6,X133_DE_time,1725,3020,103424,105472
test,fault,outer_race_6,or007_6_3.mat,133,3,or_007_6,X133_DE_time,1725,3021,104448,106496
test,fault,outer_race_6,or007_6_3.mat,133,3,or_007_6,X133_DE_time,1725,3022,105472,107520
test,fault,outer_race_6,or007_6_3.mat,133,3,or_007_6,X133_DE_time,1725,3023,106496,108544
test,fault,outer_race_6,or007_6_3.mat,133,3,or_007_6,X133_DE_time,1725,3024,107520,109568
test,fault,outer_race_6,or007_6_3.mat,133,3,or_007_6,X133_DE_time,1725,3025,108544,110592
test,fault,outer_race_6,or007_6_3.mat,133,3,or_007_6,X133_DE_time,1725,3026,109568,111616
test,fault,outer_race_6,or007_6_3.mat,133,3,or_007_6,X133_DE_time,1725,3027,110592,112640
test,fault,outer_race_6,or007_6_3.mat,133,3,or_007_6,X133_DE_time,1725,3028,111616,113664
test,fault,outer_race_6,or007_6_3.mat,133,3,or_007_6,X133_DE_time,1725,3029,112640,114688
test,fault,outer_race_6,or007_6_3.mat,133,3,or_007_6,X133_DE_time,1725,3030,113664,115712
test,fault,outer_race_6,or007_6_3.mat,133,3,or_007_6,X133_DE_time,1725,3031,114688,116736
test,fault,outer_race_6,or007_6_3.mat,133,3,or_007_6,X133_DE_time,1725,3032,115712,117760
test,fault,outer_race_6,or007_6_3.mat,133,3,or_007_6,X133_DE_time,1725,3033,116736,118784
test,fault,outer_race_6,or007_6_3.mat,133,3,or_007_6,X133_DE_time,1725,3034,117760,119808
test,fault,outer_race_6,or007_6_3.mat,133,3,or_007_6,X133_DE_time,1725,3035,118784,120832
test,fault,outer_race_6,or007_6_3.mat,133,3,or_007_6,X133_DE_time,1725,3036,119808,121856
